<?xml version="1.0" encoding="UTF-8"?>
<osm version="0.6" generator="Overpass API 0.7.62.11 87bfad18">
<note>The data included in this document is from www.openstreetmap.org. The data is made available under ODbL.</note>
<meta osm_base="2026-09-11T13:38:13Z"/>

  <node id="118895" lat="55.6281829" lon="12.5884767"/>
  <node id="118897" lat="55.6286502" lon="12.5925401">
    <tag k="destination" v="Tårnby;221;Dragør"/>
    <tag k="highway" v="motorway_junction"/>
    <tag k="name" v="Tårnby"/>
    <tag k="ref" v="18"/>
  </node>
  <node id="118899" lat="55.6296458" lon="12.6127086"/>
  <node id="118900" lat="55.6302285" lon="12.6350874">
    <tag k="destination" v="Lufthavn V;Terminaler"/>
    <tag k="highway" v="motorway_junction"/>
    <tag k="name" v="Lufthavn V"/>
    <tag k="ref" v="17"/>
  </node>
  <node id="118901" lat="55.6303044" lon="12.6376287"/>
  <node id="118902" lat="55.6307270" lon="12.6440708"/>
  <node id="118903" lat="55.6310882" lon="12.6478933">
    <tag k="destination" v="Lufthavn Ø;Cargo;Kastrup"/>
    <tag k="highway" v="motorway_junction"/>
    <tag k="name" v="Lufthavn Ø"/>
    <tag k="ref" v="16"/>
  </node>
  <node id="118904" lat="55.6319731" lon="12.6543368"/>
  <node id="118905" lat="55.6327383" lon="12.6589966"/>
  <node id="118906" lat="55.6332874" lon="12.6637331"/>
  <node id="118907" lat="55.6333291" lon="12.6651575"/>
  <node id="118908" lat="55.6332631" lon="12.6675627"/>
  <node id="118909" lat="55.6329084" lon="12.6708129"/>
  <node id="118910" lat="55.6326546" lon="12.6722352"/>
  <node id="118911" lat="55.6321037" lon="12.6744999"/>
  <node id="118912" lat="55.6311440" lon="12.6772496"/>
  <node id="118914" lat="55.6099404" lon="12.7295509"/>
  <node id="698680" lat="55.6425461" lon="12.5914661">
    <tag k="bicycle" v="yes"/>
    <tag k="crossing" v="uncontrolled"/>
    <tag k="highway" v="traffic_signals"/>
  </node>
  <node id="1055898" lat="55.6209493" lon="12.5863137">
    <tag k="highway" v="traffic_signals"/>
  </node>
  <node id="6527591" lat="55.6474210" lon="12.6278225"/>
  <node id="6527597" lat="55.6456528" lon="12.6285808"/>
  <node id="6527598" lat="55.6449185" lon="12.6285827"/>
  <node id="6527639" lat="55.6467931" lon="12.6241103">
    <tag k="highway" v="traffic_signals"/>
  </node>
  <node id="6540008" lat="55.6424992" lon="12.5985151">
    <tag k="highway" v="traffic_signals"/>
  </node>
  <node id="6540011" lat="55.6335823" lon="12.6017883"/>
  <node id="7204186" lat="55.6354202" lon="12.6196835">
    <tag k="highway" v="traffic_signals"/>
  </node>
  <node id="7211080" lat="55.6406697" lon="12.6170905"/>
  <node id="7211083" lat="55.6377506" lon="12.6368908"/>
  <node id="7211084" lat="55.6380220" lon="12.6385442"/>
  <node id="7211086" lat="55.6384589" lon="12.6409950">
    <tag k="highway" v="traffic_signals"/>
  </node>
  <node id="7224421" lat="55.6448773" lon="12.6273806"/>
  <node id="7224422" lat="55.6443628" lon="12.6284437"/>
  <node id="7224423" lat="55.6426967" lon="12.6305209"/>
  <node id="7224424" lat="55.6420493" lon="12.6314552"/>
  <node id="7224425" lat="55.6401501" lon="12.6341376"/>
  <node id="7224433" lat="55.6376162" lon="12.6359032">
    <tag k="highway" v="traffic_signals"/>
  </node>
  <node id="7228008" lat="55.6375949" lon="12.6414725"/>
  <node id="7228009" lat="55.6382255" lon="12.6396505"/>
  <node id="7229961" lat="55.6394047" lon="12.6480972">
    <tag k="highway" v="traffic_signals"/>
  </node>
  <node id="7229963" lat="55.6335415" lon="12.6535054"/>
  <node id="7229964" lat="55.6329740" lon="12.6555518"/>
  <node id="7229967" lat="55.6308801" lon="12.6565004"/>
  <node id="7229969" lat="55.6307786" lon="12.6567502"/>
  <node id="7229972" lat="55.6305692" lon="12.6568758"/>
  <node id="7229973" lat="55.6304865" lon="12.6568498"/>
  <node id="7229974" lat="55.6304153" lon="12.6567797"/>
  <node id="7229975" lat="55.6303220" lon="12.6565791"/>
  <node id="7229976" lat="55.6302937" lon="12.6563815"/>
  <node id="7229977" lat="55.6303234" lon="12.6561136"/>
  <node id="7229978" lat="55.6304160" lon="12.6559151"/>
  <node id="7229979" lat="55.6304756" lon="12.6558540"/>
  <node id="7229980" lat="55.6299085" lon="12.6528672"/>
  <node id="7229982" lat="55.6298221" lon="12.6502945">
    <tag k="highway" v="traffic_signals"/>
  </node>
  <node id="7229983" lat="55.6298203" lon="12.6489461"/>
  <node id="7229984" lat="55.6299540" lon="12.6469558">
    <tag k="highway" v="traffic_signals"/>
  </node>
  <node id="7229992" lat="55.6360035" lon="12.6511988"/>
  <node id="7235659" lat="55.6342630" lon="12.6528294">
    <tag k="highway" v="traffic_signals"/>
  </node>
  <node id="7235671" lat="55.6298356" lon="12.6484485">
    <tag k="highway" v="traffic_signals"/>
  </node>
  <node id="7235675" lat="55.6332239" lon="12.6033855"/>
  <node id="7302069" lat="55.6415592" lon="12.6459466"/>
  <node id="7302070" lat="55.6420937" lon="12.6454964"/>
  <node id="7302071" lat="55.6428592" lon="12.6449557"/>
  <node id="7302073" lat="55.6456087" lon="12.6436645"/>
  <node id="7396262" lat="55.6429429" lon="12.6302009"/>
  <node id="7427912" lat="55.6388286" lon="12.6351536"/>
  <node id="7432022" lat="55.6399904" lon="12.6343180"/>
  <node id="7432025" lat="55.6381030" lon="12.6389850"/>
  <node id="7461004" lat="55.6393799" lon="12.6347693"/>
  <node id="7461006" lat="55.6395239" lon="12.6346633"/>
  <node id="7461034" lat="55.6374645" lon="12.6350067"/>
  <node id="7461035" lat="55.6366440" lon="12.6362320"/>
  <node id="7484896" lat="55.6324519" lon="12.6211325"/>
  <node id="7484903" lat="55.6230632" lon="12.6198577"/>
  <node id="7484904" lat="55.6230966" lon="12.6170395"/>
  <node id="7484906" lat="55.6231440" lon="12.6131732"/>
  <node id="7484907" lat="55.6232087" lon="12.6079517"/>
  <node id="7484909" lat="55.6232535" lon="12.6045964"/>
  <node id="7484911" lat="55.6248341" lon="12.6043877"/>
  <node id="7484913" lat="55.6275141" lon="12.6039288"/>
  <node id="7484914" lat="55.6291325" lon="12.6035637"/>
  <node id="7484916" lat="55.6309765" lon="12.6019638"/>
  <node id="7484919" lat="55.6315340" lon="12.6016568">
    <tag k="highway" v="traffic_signals"/>
  </node>
  <node id="7484921" lat="55.6325114" lon="12.6018704"/>
  <node id="7484922" lat="55.6326395" lon="12.6019805">
    <tag k="button_operated" v="no"/>
    <tag k="crossing:signals" v="yes"/>
    <tag k="highway" v="crossing"/>
    <tag k="tactile_paving" v="no"/>
    <tag k="traffic_signals:sound" v="no"/>
    <tag k="traffic_signals:vibration" v="no"/>
  </node>
  <node id="7484926" lat="55.6311885" lon="12.6018190"/>
  <node id="7484930" lat="55.6332545" lon="12.6021598"/>
  <node id="7484934" lat="55.6314194" lon="12.6017066">
    <tag k="crossing" v="traffic_signals"/>
    <tag k="highway" v="crossing"/>
    <tag k="tactile_paving" v="no"/>
  </node>
  <node id="7655953" lat="55.6389533" lon="12.6446806"/>
  <node id="7655954" lat="55.6391420" lon="12.6460519"/>
  <node id="7655987" lat="55.6332466" lon="12.6540452"/>
  <node id="7655992" lat="55.6308254" lon="12.6559909"/>
  <node id="7655993" lat="55.6307254" lon="12.6558589"/>
  <node id="7655994" lat="55.6305413" lon="12.6558181"/>
  <node id="7655996" lat="55.6301102" lon="12.6456294">
    <tag k="crossing" v="traffic_signals"/>
    <tag k="crossing:markings" v="zebra"/>
    <tag k="highway" v="crossing"/>
  </node>
  <node id="7658468" lat="55.6370802" lon="12.6316728"/>
  <node id="7658473" lat="55.6345376" lon="12.6302749"/>
  <node id="7658478" lat="55.6352376" lon="12.6351993"/>
  <node id="7658496" lat="55.6358861" lon="12.6425486">
    <tag k="highway" v="traffic_signals"/>
  </node>
  <node id="7658500" lat="55.6372170" lon="12.6417033"/>
  <node id="7658503" lat="55.6387897" lon="12.6433493"/>
  <node id="7675109" lat="55.6365033" lon="12.6421428"/>
  <node id="7713755" lat="55.6355647" lon="12.6397609"/>
  <node id="7735661" lat="55.6405531" lon="12.6335827"/>
  <node id="7735662" lat="55.6408838" lon="12.6331102"/>
  <node id="7737277" lat="55.6404938" lon="12.6171772"/>
  <node id="7737278" lat="55.6391580" lon="12.6082196"/>
  <node id="7737280" lat="55.6379124" lon="12.6087790"/>
  <node id="7737282" lat="55.6341668" lon="12.6103731">
    <tag k="highway" v="traffic_signals"/>
  </node>
  <node id="7737291" lat="55.6366692" lon="12.6093198"/>
  <node id="7737295" lat="55.6338947" lon="12.6083458"/>
  <node id="7848555" lat="55.6428845" lon="12.6067448">
    <tag k="highway" v="traffic_signals"/>
  </node>
  <node id="8029808" lat="55.6382561" lon="12.6355516"/>
  <node id="8032474" lat="55.6232993" lon="12.6001135">
    <tag k="highway" v="traffic_signals"/>
  </node>
  <node id="8032475" lat="55.6233017" lon="12.5993138"/>
  <node id="8032476" lat="55.6232349" lon="12.5985227"/>
  <node id="8032478" lat="55.6223706" lon="12.5921085">
    <tag k="highway" v="traffic_signals"/>
  </node>
  <node id="8032479" lat="55.6219509" lon="12.5895640"/>
  <node id="8032481" lat="55.6162491" lon="12.5927138"/>
  <node id="8032483" lat="55.6145363" lon="12.5928930"/>
  <node id="8078320" lat="55.6410879" lon="12.5893661"/>
  <node id="8078321" lat="55.6412493" lon="12.5897048"/>
  <node id="8078322" lat="55.6424297" lon="12.5914406">
    <tag k="bicycle" v="yes"/>
    <tag k="crossing" v="uncontrolled"/>
    <tag k="highway" v="traffic_signals"/>
  </node>
  <node id="8078323" lat="55.6416885" lon="12.5912029"/>
  <node id="8078549" lat="55.6356221" lon="12.6402740"/>
  <node id="8078557" lat="55.6350651" lon="12.6339611"/>
  <node id="8078559" lat="55.6348321" lon="12.6323498"/>
  <node id="8078560" lat="55.6366615" lon="12.6287038"/>
  <node id="8078576" lat="55.6426499" lon="12.6161090"/>
  <node id="8079377" lat="55.6142571" lon="12.6108693"/>
  <node id="8079380" lat="55.6181175" lon="12.6063653"/>
  <node id="8079381" lat="55.6190667" lon="12.6056399"/>
  <node id="8079382" lat="55.6202818" lon="12.6050204"/>
  <node id="8079472" lat="55.6303033" lon="12.6439629"/>
  <node id="8079473" lat="55.6301567" lon="12.6432414"/>
  <node id="8079474" lat="55.6303069" lon="12.6427010"/>
  <node id="8079476" lat="55.6303290" lon="12.6424884"/>
  <node id="8079477" lat="55.6302700" lon="12.6421843"/>
  <node id="8079479" lat="55.6300068" lon="12.6419720"/>
  <node id="8079480" lat="55.6297671" lon="12.6422464"/>
  <node id="8079482" lat="55.6297318" lon="12.6424504"/>
  <node id="8079483" lat="55.6298989" lon="12.6429775"/>
  <node id="8079485" lat="55.6301419" lon="12.6429922"/>
  <node id="8079486" lat="55.6301934" lon="12.6429446"/>
  <node id="8079491" lat="55.6316163" lon="12.6587515"/>
  <node id="8079492" lat="55.6319847" lon="12.6595971"/>
  <node id="8079493" lat="55.6323291" lon="12.6609801"/>
  <node id="8079494" lat="55.6324411" lon="12.6622521"/>
  <node id="8079495" lat="55.6320968" lon="12.6599457"/>
  <node id="8079641" lat="55.6323629" lon="12.6635858"/>
  <node id="8079642" lat="55.6321176" lon="12.6644054"/>
  <node id="8079643" lat="55.6318063" lon="12.6650580"/>
  <node id="8079645" lat="55.6324376" lon="12.6629421"/>
  <node id="8079646" lat="55.6294550" lon="12.6696228"/>
  <node id="8079647" lat="55.6290059" lon="12.6712197"/>
  <node id="8079648" lat="55.6288995" lon="12.6715975"/>
  <node id="8079649" lat="55.6285961" lon="12.6723864"/>
  <node id="8079650" lat="55.6277203" lon="12.6736787"/>
  <node id="8079651" lat="55.6273292" lon="12.6740062"/>
  <node id="8079652" lat="55.6265815" lon="12.6743542"/>
  <node id="8079654" lat="55.6280742" lon="12.6732780"/>
  <node id="8079655" lat="55.6216096" lon="12.6760850"/>
  <node id="8079656" lat="55.6203730" lon="12.6765300"/>
  <node id="8079669" lat="55.6113321" lon="12.6797024"/>
  <node id="8079670" lat="55.6109262" lon="12.6798210"/>
  <node id="8079671" lat="55.6105447" lon="12.6798192"/>
  <node id="8079672" lat="55.6097749" lon="12.6794799"/>
  <node id="8079673" lat="55.6094990" lon="12.6792228"/>
  <node id="8079674" lat="55.6090790" lon="12.6786770"/>
  <node id="8079675" lat="55.6074278" lon="12.6761142"/>
  <node id="8079676" lat="55.6072206" lon="12.6756851"/>
  <node id="8079677" lat="55.6069931" lon="12.6750418"/>
  <node id="8079678" lat="55.6067793" lon="12.6739428"/>
  <node id="8079679" lat="55.6067420" lon="12.6734394"/>
  <node id="8079680" lat="55.6067569" lon="12.6679625"/>
  <node id="8079682" lat="55.6067850" lon="12.6631047"/>
  <node id="8079684" lat="55.6065956" lon="12.6613993"/>
  <node id="8079685" lat="55.6061020" lon="12.6614225"/>
  <node id="8079686" lat="55.6032111" lon="12.6615275"/>
  <node id="8079687" lat="55.6010452" lon="12.6615946"/>
  <node id="8080282" lat="55.6340443" lon="12.6266918"/>
  <node id="8081490" lat="55.6423624" lon="12.5901088"/>
  <node id="8081495" lat="55.6423496" lon="12.5906869"/>
  <node id="8082421" lat="55.6357368" lon="12.6413166"/>
  <node id="8084813" lat="55.6458898" lon="12.6285491"/>
  <node id="8084815" lat="55.6455446" lon="12.6265094"/>
  <node id="8084817" lat="55.6451299" lon="12.6286209"/>
  <node id="8084819" lat="55.6415450" lon="12.6321705"/>
  <node id="8085576" lat="55.6437661" lon="12.6290180"/>
  <node id="8085713" lat="55.6354604" lon="12.6007069"/>
  <node id="8085743" lat="55.6459041" lon="12.6055276"/>
  <node id="8086011" lat="55.6433006" lon="12.6296792"/>
  <node id="8086438" lat="55.6460906" lon="12.5981091">
    <tag k="highway" v="traffic_signals"/>
  </node>
  <node id="8088575" lat="55.6396619" lon="12.6175882"/>
  <node id="8088587" lat="55.6414441" lon="12.6167049"/>
  <node id="8097119" lat="55.6185545" lon="12.6060330">
    <tag k="highway" v="traffic_signals"/>
  </node>
  <node id="8097154" lat="55.6386312" lon="12.6421019"/>
  <node id="8097156" lat="55.6387594" lon="12.6431032"/>
  <node id="8097157" lat="55.6388931" lon="12.6441538"/>
  <node id="8097540" lat="55.6363795" lon="12.6267160"/>
  <node id="8097541" lat="55.6341633" lon="12.6275911"/>
  <node id="8097542" lat="55.6342625" lon="12.6283298"/>
  <node id="8097543" lat="55.6343901" lon="12.6292659"/>
  <node id="8098005" lat="55.6352593" lon="12.6361844"/>
  <node id="8098020" lat="55.6346768" lon="12.6313195"/>
  <node id="8098024" lat="55.6334289" lon="12.6206619">
    <tag k="highway" v="traffic_signals"/>
  </node>
  <node id="8098030" lat="55.6316775" lon="12.6215207"/>
  <node id="8098036" lat="55.6346055" lon="12.6136113"/>
  <node id="8098250" lat="55.6356569" lon="12.6214247"/>
  <node id="8098251" lat="55.6335595" lon="12.6221256"/>
  <node id="8312023" lat="55.6173150" lon="12.5926253">
    <tag k="highway" v="traffic_signals"/>
  </node>
  <node id="8327470" lat="55.6462881" lon="12.6251505"/>
  <node id="8327472" lat="55.6461077" lon="12.6255229"/>
  <node id="8327476" lat="55.6464096" lon="12.6248667"/>
  <node id="8327477" lat="55.6456193" lon="12.6263926"/>
  <node id="8812032" lat="55.6328449" lon="12.6588582"/>
  <node id="8812057" lat="55.6313553" lon="12.6489973"/>
  <node id="8812059" lat="55.6308551" lon="12.6440657"/>
  <node id="8812063" lat="55.6304241" lon="12.6375589"/>
  <node id="8812065" lat="55.6302294" lon="12.6299162"/>
  <node id="8812068" lat="55.6297487" lon="12.6115039"/>
  <node id="8812073" lat="55.6288855" lon="12.5931993"/>
  <node id="8812076" lat="55.6283156" lon="12.5884637"/>
  <node id="8880630" lat="55.6298638" lon="12.6519240"/>
  <node id="8880639" lat="55.6295880" lon="12.6417475"/>
  <node id="8881370" lat="55.6382873" lon="12.6182672">
    <tag k="highway" v="traffic_signals"/>
  </node>
  <node id="8881371" lat="55.6380002" lon="12.6184184">
    <tag k="highway" v="traffic_signals"/>
  </node>
  <node id="8881373" lat="55.6403820" lon="12.6077390"/>
  <node id="8911008" lat="55.6352616" lon="12.6355877"/>
  <node id="10286321" lat="55.6358583" lon="12.6423541">
    <tag k="crossing" v="traffic_signals"/>
    <tag k="highway" v="crossing"/>
  </node>
  <node id="10300052" lat="55.6359463" lon="12.6364017"/>
  <node id="16965545" lat="55.6098277" lon="12.5935286"/>
  <node id="16965546" lat="55.6070964" lon="12.6044651"/>
  <node id="16965547" lat="55.6074487" lon="12.6056131"/>
  <node id="16965549" lat="55.6079198" lon="12.6065532"/>
  <node id="16965550" lat="55.6087122" lon="12.6074786"/>
  <node id="16965551" lat="55.6109839" lon="12.6094294"/>
  <node id="16965552" lat="55.6117777" lon="12.6105022"/>
  <node id="16965554" lat="55.6130896" lon="12.6143713"/>
  <node id="16965555" lat="55.6133577" lon="12.6153979"/>
  <node id="16965567" lat="55.6154907" lon="12.6295100"/>
  <node id="16965568" lat="55.6147315" lon="12.6277819"/>
  <node id="16965570" lat="55.6144827" lon="12.6269328"/>
  <node id="16965572" lat="55.6141271" lon="12.6244550"/>
  <node id="16965573" lat="55.6139105" lon="12.6225430"/>
  <node id="16965574" lat="55.6137272" lon="12.6217437"/>
  <node id="16965575" lat="55.6134439" lon="12.6209981"/>
  <node id="16965576" lat="55.6102817" lon="12.6174319"/>
  <node id="16965577" lat="55.6098787" lon="12.6167935"/>
  <node id="16965580" lat="55.6436725" lon="12.6444967"/>
  <node id="17033266" lat="55.6312051" lon="12.6217626"/>
  <node id="17033269" lat="55.6190587" lon="12.6277515"/>
  <node id="17033271" lat="55.6174723" lon="12.6285334"/>
  <node id="17033283" lat="55.6148920" lon="12.6282337"/>
  <node id="17034785" lat="55.5929235" lon="12.5966331"/>
  <node id="17332929" lat="55.6380447" lon="12.5999974">
    <tag k="highway" v="traffic_signals"/>
  </node>
  <node id="17396225" lat="55.6386875" lon="12.5997458"/>
  <node id="17424759" lat="55.6442772" lon="12.6062205"/>
  <node id="17424762" lat="55.6410982" lon="12.6074538"/>
  <node id="17424765" lat="55.6268673" lon="12.6239025"/>
  <node id="17424767" lat="55.6232217" lon="12.6068436"/>
  <node id="17472620" lat="55.6373817" lon="12.6499152"/>
  <node id="17472622" lat="55.6385124" lon="12.6488797"/>
  <node id="17472626" lat="55.6364855" lon="12.6507967">
    <tag k="highway" v="traffic_signals"/>
  </node>
  <node id="17473564" lat="55.6089419" lon="12.6136951"/>
  <node id="17473565" lat="55.6082255" lon="12.6123005"/>
  <node id="17473566" lat="55.6069462" lon="12.6089299"/>
  <node id="17473567" lat="55.6062299" lon="12.6074573"/>
  <node id="17473568" lat="55.6057521" lon="12.6068670"/>
  <node id="17473569" lat="55.6053389" lon="12.6065104"/>
  <node id="17473570" lat="55.6043148" lon="12.6052995"/>
  <node id="17473571" lat="55.6036429" lon="12.6048594"/>
  <node id="17473572" lat="55.6032303" lon="12.6046714"/>
  <node id="17473573" lat="55.6027343" lon="12.6047000"/>
  <node id="17473574" lat="55.6014163" lon="12.6041155"/>
  <node id="17473575" lat="55.5987960" lon="12.6026904"/>
  <node id="17473576" lat="55.5977691" lon="12.6017388"/>
  <node id="17473577" lat="55.5975554" lon="12.6014890"/>
  <node id="17473578" lat="55.5973215" lon="12.6011273"/>
  <node id="17473579" lat="55.5962808" lon="12.5992210"/>
  <node id="17473580" lat="55.5955780" lon="12.5984950"/>
  <node id="17473581" lat="55.5949193" lon="12.5980929"/>
  <node id="17473582" lat="55.5941189" lon="12.5977060"/>
  <node id="17473583" lat="55.5937577" lon="12.5974823"/>
  <node id="17556298" lat="55.6444959" lon="12.6151874"/>
  <node id="17556302" lat="55.6440194" lon="12.6063151"/>
  <node id="17556304" lat="55.6358512" lon="12.6228865"/>
  <node id="17556305" lat="55.6360364" lon="12.6242073"/>
  <node id="17556306" lat="55.6338063" lon="12.6249576"/>
  <node id="17556307" lat="55.6336810" lon="12.6236421"/>
  <node id="17556308" lat="55.6336354" lon="12.6230511"/>
  <node id="18164009" lat="55.6357722" lon="12.6222583"/>
  <node id="18164012" lat="55.6410622" lon="12.5989779"/>
  <node id="18164013" lat="55.6417678" lon="12.6071793"/>
  <node id="18164857" lat="55.6372852" lon="12.6187622"/>
  <node id="20944659" lat="55.6408597" lon="12.6466189"/>
  <node id="20944660" lat="55.6403025" lon="12.6441310"/>
  <node id="20946242" lat="55.6429980" lon="12.6067272"/>
  <node id="20948165" lat="55.6294827" lon="12.6280503"/>
  <node id="20948166" lat="55.6295108" lon="12.6279151"/>
  <node id="20948167" lat="55.6294221" lon="12.6276913"/>
  <node id="20948168" lat="55.6292759" lon="12.6277797"/>
  <node id="20948169" lat="55.6293524" lon="12.6281297"/>
  <node id="20948170" lat="55.6296951" lon="12.6225539">
    <tag k="highway" v="traffic_signals"/>
  </node>
  <node id="20948171" lat="55.6297536" lon="12.6265208"/>
  <node id="20948172" lat="55.6298399" lon="12.6260787"/>
  <node id="20948173" lat="55.6298578" lon="12.6258298"/>
  <node id="20948174" lat="55.6297977" lon="12.6235704"/>
  <node id="20948175" lat="55.6297511" lon="12.6230106"/>
  <node id="25246571" lat="55.6334628" lon="12.6644786">
    <tag k="destination" v="Lufthavn"/>
    <tag k="highway" v="motorway_junction"/>
    <tag k="name" v="Lufthavn"/>
    <tag k="ref" v="15"/>
  </node>
  <node id="25246572" lat="55.6332312" lon="12.6614560"/>
  <node id="25246573" lat="55.6334391" lon="12.6663887"/>
  <node id="25246574" lat="55.6332422" lon="12.6692666"/>
  <node id="25246575" lat="55.6328697" lon="12.6717786"/>
  <node id="25246576" lat="55.6323773" lon="12.6739804"/>
  <node id="25246794" lat="55.6316644" lon="12.6512336"/>
  <node id="25246915" lat="55.6331069" lon="12.6545747"/>
  <node id="25246919" lat="55.6368788" lon="12.6301911"/>
  <node id="25246925" lat="55.6364827" lon="12.6274556"/>
  <node id="25246927" lat="55.6363010" lon="12.6261557"/>
  <node id="25246929" lat="55.6361361" lon="12.6249205"/>
  <node id="25246931" lat="55.6359462" lon="12.6235944"/>
  <node id="25261731" lat="55.6351833" lon="12.6347805"/>
  <node id="25261732" lat="55.6349244" lon="12.6330179"/>
  <node id="25261742" lat="55.6347881" lon="12.6320594"/>
  <node id="25261770" lat="55.6335356" lon="12.6056702"/>
  <node id="25276378" lat="55.6398021" lon="12.6496384"/>
  <node id="25276383" lat="55.6404046" lon="12.6523880"/>
  <node id="25954098" lat="55.6319808" lon="12.6557501">
    <tag k="highway" v="traffic_signals"/>
  </node>
  <node id="26588324" lat="55.6209646" lon="12.5922252"/>
  <node id="26667789" lat="55.6294875" lon="12.6277770"/>
  <node id="26667790" lat="55.6292622" lon="12.6279901"/>
  <node id="26667791" lat="55.6293407" lon="12.6276923"/>
  <node id="26667792" lat="55.6294332" lon="12.6281198"/>
  <node id="26677119" lat="55.6156522" lon="12.5927828"/>
  <node id="30562323" lat="55.5969903" lon="12.6582798"/>
  <node id="30562363" lat="55.6010710" lon="12.6588919"/>
  <node id="30562398" lat="55.6003201" lon="12.6587310"/>
  <node id="30562424" lat="55.5957637" lon="12.6581320"/>
  <node id="30562437" lat="55.5962381" lon="12.6581840"/>
  <node id="30562443" lat="55.5994124" lon="12.6585939">
    <tag k="highway" v="traffic_signals"/>
  </node>
  <node id="30688344" lat="55.6231925" lon="12.6092225"/>
  <node id="30688424" lat="55.6231779" lon="12.6104115"/>
  <node id="30688437" lat="55.6230795" lon="12.6184331">
    <tag k="highway" v="traffic_signals"/>
  </node>
  <node id="30688486" lat="55.6230041" lon="12.6242246"/>
  <node id="30688641" lat="55.6291695" lon="12.6227675"/>
  <node id="30688644" lat="55.6283492" lon="12.6231719"/>
  <node id="30688692" lat="55.6095170" lon="12.5920114"/>
  <node id="31240094" lat="55.6310879" lon="12.6577607"/>
  <node id="31465083" lat="55.6285127" lon="12.6230913"/>
  <node id="31465085" lat="55.6273802" lon="12.6236496"/>
  <node id="31465144" lat="55.6267872" lon="12.6239450"/>
  <node id="31465160" lat="55.6260066" lon="12.6243268"/>
  <node id="31465162" lat="55.6246507" lon="12.6250001"/>
  <node id="31465165" lat="55.6228622" lon="12.6258766"/>
  <node id="31465171" lat="55.6214085" lon="12.6265933"/>
  <node id="31465183" lat="55.6204590" lon="12.6270637"/>
  <node id="31465185" lat="55.6351654" lon="12.6177364"/>
  <node id="90751399" lat="55.6230400" lon="12.6219103"/>
  <node id="90752275" lat="55.6223380" lon="12.6261352"/>
  <node id="94285730" lat="55.6345286" lon="12.6010901"/>
  <node id="104374395" lat="55.6466858" lon="12.6281957"/>
  <node id="244466752" lat="55.6098515" lon="12.7294399"/>
  <node id="244466770" lat="55.6318225" lon="12.6757887"/>
  <node id="244466771" lat="55.6312346" lon="12.6773586"/>
  <node id="247805104" lat="55.6424766" lon="12.5906683"/>
  <node id="247805107" lat="55.6420941" lon="12.5891007"/>
  <node id="247933219" lat="55.6434563" lon="12.5984115"/>
  <node id="250632575" lat="55.6390708" lon="12.6454299"/>
  <node id="250632576" lat="55.6395780" lon="12.6450960"/>
  <node id="250632577" lat="55.6399030" lon="12.6447160"/>
  <node id="250632579" lat="55.6416586" lon="12.6417998"/>
  <node id="250632580" lat="55.6421145" lon="12.6411966"/>
  <node id="250632581" lat="55.6426946" lon="12.6406499"/>
  <node id="250632582" lat="55.6432383" lon="12.6402678"/>
  <node id="250632583" lat="55.6443448" lon="12.6392892"/>
  <node id="250632584" lat="55.6444350" lon="12.6391135"/>
  <node id="250632585" lat="55.6448618" lon="12.6389522"/>
  <node id="250632586" lat="55.6450083" lon="12.6391572"/>
  <node id="250632587" lat="55.6450924" lon="12.6396892"/>
  <node id="251438370" lat="55.6217812" lon="12.5890031"/>
  <node id="251438379" lat="55.6191947" lon="12.5924101"/>
  <node id="251438381" lat="55.6219321" lon="12.5921315"/>
  <node id="251438382" lat="55.6213115" lon="12.5921859"/>
  <node id="251438383" lat="55.6204117" lon="12.5922822"/>
  <node id="251438413" lat="55.6087393" lon="12.5876358"/>
  <node id="251438415" lat="55.6105422" lon="12.5934229"/>
  <node id="251438431" lat="55.6232042" lon="12.6082675"/>
  <node id="251438436" lat="55.6262614" lon="12.6242011"/>
  <node id="251438439" lat="55.6275662" lon="12.6235627"/>
  <node id="251438442" lat="55.6255818" lon="12.6245362"/>
  <node id="251438443" lat="55.6248067" lon="12.6249174"/>
  <node id="251438449" lat="55.6241775" lon="12.6252306"/>
  <node id="253179904" lat="55.6413858" lon="12.5902022"/>
  <node id="253180166" lat="55.6403412" lon="12.5992083"/>
  <node id="253180526" lat="55.6417235" lon="12.5987565"/>
  <node id="253180644" lat="55.6424374" lon="12.5939915"/>
  <node id="253180799" lat="55.6424394" lon="12.5964450"/>
  <node id="253197367" lat="55.6419628" lon="12.5890983"/>
  <node id="253237375" lat="55.6352926" lon="12.6007668"/>
  <node id="253253333" lat="55.6415758" lon="12.5909070"/>
  <node id="253253573" lat="55.6419451" lon="12.5913508"/>
  <node id="253254181" lat="55.6423971" lon="12.5911303"/>
  <node id="253256731" lat="55.6321218" lon="12.6016557"/>
  <node id="253372590" lat="55.6369346" lon="12.6003048"/>
  <node id="253373391" lat="55.6364065" lon="12.6004593"/>
  <node id="253375061" lat="55.6367553" lon="12.6003563"/>
  <node id="265161830" lat="55.6304606" lon="12.6221350"/>
  <node id="265161855" lat="55.6443005" lon="12.5916031"/>
  <node id="265164908" lat="55.6298251" lon="12.6029954"/>
  <node id="266025313" lat="55.6316066" lon="12.6558796"/>
  <node id="274872761" lat="55.6533289" lon="12.5936127"/>
  <node id="274872995" lat="55.6526176" lon="12.5933204"/>
  <node id="274873250" lat="55.6492119" lon="12.5922475">
    <tag k="highway" v="traffic_signals"/>
  </node>
  <node id="274873596" lat="55.6527083" lon="12.5933682"/>
  <node id="274874462" lat="55.6433286" lon="12.6157784"/>
  <node id="275044452" lat="55.6412863" lon="12.6073779"/>
  <node id="277498109" lat="55.6447641" lon="12.6060147"/>
  <node id="279085950" lat="55.6298251" lon="12.6496776"/>
  <node id="279450241" lat="55.6414016" lon="12.6323809"/>
  <node id="280180100" lat="55.6063328" lon="12.6001508"/>
  <node id="280180130" lat="55.5983403" lon="12.6022598"/>
  <node id="280180531" lat="55.6084910" lon="12.6072841"/>
  <node id="280180613" lat="55.6172174" lon="12.6073251"/>
  <node id="280180695" lat="55.6139689" lon="12.6229331"/>
  <node id="280180705" lat="55.6083984" lon="12.6126588"/>
  <node id="280180706" lat="55.6063925" lon="12.6077737"/>
  <node id="280180784" lat="55.6127231" lon="12.6199204"/>
  <node id="280180799" lat="55.6111864" lon="12.6183497"/>
  <node id="281661614" lat="55.6240334" lon="12.6045042"/>
  <node id="281662192" lat="55.6259860" lon="12.6041982"/>
  <node id="281662798" lat="55.6188881" lon="12.5924420"/>
  <node id="281682467" lat="55.6417213" lon="12.5877174"/>
  <node id="281683160" lat="55.6425547" lon="12.5958576"/>
  <node id="281683216" lat="55.6401176" lon="12.5992830"/>
  <node id="281683684" lat="55.6388476" lon="12.6179904"/>
  <node id="281684193" lat="55.6456425" lon="12.6146475"/>
  <node id="281685230" lat="55.6327998" lon="12.6209564"/>
  <node id="281685692" lat="55.6347955" lon="12.6150243"/>
  <node id="281692276" lat="55.6214797" lon="12.5881506"/>
  <node id="281692327" lat="55.6212013" lon="12.5873414"/>
  <node id="281692529" lat="55.6218226" lon="12.5921412"/>
  <node id="281692941" lat="55.6214693" lon="12.6047807"/>
  <node id="281693122" lat="55.6182835" lon="12.5925045"/>
  <node id="281694130" lat="55.6129461" lon="12.5930992"/>
  <node id="281699559" lat="55.6083679" lon="12.5855463"/>
  <node id="281699576" lat="55.6086643" lon="12.5872139"/>
  <node id="281700829" lat="55.6046829" lon="12.5906909"/>
  <node id="282540857" lat="55.6477758" lon="12.5921324"/>
  <node id="282540906" lat="55.6441815" lon="12.5983305"/>
  <node id="282658951" lat="55.6325675" lon="12.6555314"/>
  <node id="288390077" lat="55.6349500" lon="12.6161769"/>
  <node id="290516418" lat="55.6068798" lon="12.6745571"/>
  <node id="290517758" lat="55.6398697" lon="12.6506663"/>
  <node id="291220944" lat="55.6351401" lon="12.6099439"/>
  <node id="291357862" lat="55.6231491" lon="12.6127576"/>
  <node id="291360005" lat="55.6390658" lon="12.5996265"/>
  <node id="297309409" lat="55.6353213" lon="12.6376589"/>
  <node id="297367145" lat="55.6346983" lon="12.6314575"/>
  <node id="297587744" lat="55.6400812" lon="12.6444705"/>
  <node id="297587747" lat="55.6424260" lon="12.6408765"/>
  <node id="297587750" lat="55.6446296" lon="12.6389493"/>
  <node id="297587751" lat="55.6449431" lon="12.6390287">
    <tag k="crossing" v="uncontrolled"/>
  </node>
  <node id="307940348" lat="55.6048745" lon="12.5917848"/>
  <node id="307940382" lat="55.6053889" lon="12.5947233"/>
  <node id="307940401" lat="55.6059108" lon="12.5977220"/>
  <node id="307941457" lat="55.6090317" lon="12.5892809"/>
  <node id="307942446" lat="55.6091859" lon="12.5901484"/>
  <node id="307942702" lat="55.6093483" lon="12.5910279"/>
  <node id="307943387" lat="55.6056904" lon="12.5964614"/>
  <node id="308729088" lat="55.6230486" lon="12.5971483"/>
  <node id="309002411" lat="55.6120431" lon="12.6192288"/>
  <node id="309002764" lat="55.6130978" lon="12.6203731"/>
  <node id="309003251" lat="55.6300051" lon="12.6537768">
    <tag k="highway" v="traffic_signals"/>
  </node>
  <node id="314481888" lat="55.6141588" lon="12.6247750"/>
  <node id="314482207" lat="55.6108142" lon="12.6179763"/>
  <node id="315019857" lat="55.6154458" lon="12.6094697">
    <tag k="button_operated" v="yes"/>
    <tag k="crossing" v="traffic_signals"/>
    <tag k="crossing:island" v="no"/>
    <tag k="crossing:markings" v="zebra"/>
    <tag k="highway" v="crossing"/>
    <tag k="kerb" v="flush"/>
    <tag k="tactile_paving" v="no"/>
    <tag k="traffic_signals:sound" v="yes"/>
  </node>
  <node id="315413446" lat="55.6338860" lon="12.6255731"/>
  <node id="315413528" lat="55.6362005" lon="12.6253843"/>
  <node id="319093106" lat="55.6338654" lon="12.6254208"/>
  <node id="322660205" lat="55.6011151" lon="12.6591069"/>
  <node id="322660206" lat="55.6009042" lon="12.6588032"/>
  <node id="322660279" lat="55.6010210" lon="12.6588327"/>
  <node id="322999298" lat="55.6198352" lon="12.6273691"/>
  <node id="323008030" lat="55.6230888" lon="12.6176732">
    <tag k="crossing:island" v="no"/>
    <tag k="crossing:signals" v="no"/>
    <tag k="highway" v="crossing"/>
  </node>
  <node id="323011143" lat="55.6231046" lon="12.6163868"/>
  <node id="323052092" lat="55.6149823" lon="12.6100336">
    <tag k="crossing" v="informal"/>
  </node>
  <node id="332336009" lat="55.5959801" lon="12.5988617"/>
  <node id="332560221" lat="55.6022223" lon="12.6045858"/>
  <node id="332560222" lat="55.5997382" lon="12.6031924"/>
  <node id="333065679" lat="55.6397972" lon="12.5993906"/>
  <node id="335721080" lat="55.6308993" lon="12.6562809"/>
  <node id="335721460" lat="55.6326858" lon="12.6554837"/>
  <node id="335722047" lat="55.6333783" lon="12.6677784"/>
  <node id="335722467" lat="55.6330552" lon="12.6610705"/>
  <node id="335722537" lat="55.6333216" lon="12.6659733"/>
  <node id="335722603" lat="55.6331850" lon="12.6685741"/>
  <node id="335722649" lat="55.6333280" lon="12.6623441"/>
  <node id="335723450" lat="55.6333615" lon="12.6538113"/>
  <node id="335724082" lat="55.6374552" lon="12.6349412"/>
  <node id="340503591" lat="55.6292823" lon="12.5991007"/>
  <node id="340503713" lat="55.6294046" lon="12.5990831"/>
  <node id="340506309" lat="55.6297471" lon="12.6113387"/>
  <node id="340512498" lat="55.6296302" lon="12.6121069"/>
  <node id="345521685" lat="55.6322084" lon="12.6745851"/>
  <node id="345521686" lat="55.6325819" lon="12.6731491"/>
  <node id="345521687" lat="55.6330122" lon="12.6709614"/>
  <node id="345521973" lat="55.6331061" lon="12.6693337"/>
  <node id="345521976" lat="55.6323916" lon="12.6734027"/>
  <node id="345521978" lat="55.6317486" lon="12.6756188"/>
  <node id="345522066" lat="55.6331384" lon="12.6701066"/>
  <node id="345522197" lat="55.6291950" lon="12.6703910"/>
  <node id="354040758" lat="55.6102208" lon="12.6797370"/>
  <node id="366515814" lat="55.6444014" lon="12.6281239"/>
  <node id="366515815" lat="55.6441058" lon="12.6285504"/>
  <node id="366517612" lat="55.6159466" lon="12.6088826"/>
  <node id="366517655" lat="55.6168283" lon="12.6077848">
    <tag k="crossing" v="informal"/>
  </node>
  <node id="366517684" lat="55.6176136" lon="12.6068727"/>
  <node id="374303602" lat="55.6229889" lon="12.6250580"/>
  <node id="374313994" lat="55.6264730" lon="12.6041601">
    <tag k="button_operated" v="yes"/>
    <tag k="crossing" v="traffic_signals"/>
    <tag k="crossing:island" v="yes"/>
    <tag k="crossing:markings" v="zebra"/>
    <tag k="highway" v="crossing"/>
  </node>
  <node id="374393822" lat="55.6375368" lon="12.6415051"/>
  <node id="388474748" lat="55.6422171" lon="12.5900244"/>
  <node id="388474773" lat="55.6425208" lon="12.5910368"/>
  <node id="388474806" lat="55.6424308" lon="12.5982188"/>
  <node id="394279943" lat="55.6220462" lon="12.5899835"/>
  <node id="395912240" lat="55.6320217" lon="12.6557311"/>
  <node id="395912243" lat="55.6318655" lon="12.6557891"/>
  <node id="396821104" lat="55.6067260" lon="12.6728014"/>
  <node id="396988160" lat="55.5962321" lon="12.6313056"/>
  <node id="396989289" lat="55.5963225" lon="12.6313667"/>
  <node id="396989805" lat="55.5964248" lon="12.6296997"/>
  <node id="396990366" lat="55.5965423" lon="12.6297640"/>
  <node id="396991049" lat="55.5967939" lon="12.6280298"/>
  <node id="396991261" lat="55.5969480" lon="12.6281920"/>
  <node id="396991793" lat="55.5965593" lon="12.6289997"/>
  <node id="396992513" lat="55.5967314" lon="12.6289057"/>
  <node id="396995098" lat="55.5971593" lon="12.6270320"/>
  <node id="396995793" lat="55.5972814" lon="12.6271991"/>
  <node id="396996329" lat="55.5981230" lon="12.6252013"/>
  <node id="396998128" lat="55.5982299" lon="12.6253866"/>
  <node id="397003043" lat="55.5988827" lon="12.6242494"/>
  <node id="397003974" lat="55.5989621" lon="12.6244168"/>
  <node id="397008951" lat="55.5998204" lon="12.6232065"/>
  <node id="397009057" lat="55.5998947" lon="12.6234199"/>
  <node id="397014435" lat="55.6019113" lon="12.6212544"/>
  <node id="397015057" lat="55.6019589" lon="12.6214127"/>
  <node id="397026142" lat="55.6042986" lon="12.6189263"/>
  <node id="397026673" lat="55.6043316" lon="12.6190931"/>
  <node id="397035801" lat="55.6064610" lon="12.6169625"/>
  <node id="397036919" lat="55.6065248" lon="12.6170351"/>
  <node id="397046167" lat="55.6092687" lon="12.6148848">
    <tag k="highway" v="traffic_signals"/>
  </node>
  <node id="397046168" lat="55.6093030" lon="12.6150342">
    <tag k="highway" v="traffic_signals"/>
  </node>
  <node id="397049265" lat="55.6115809" lon="12.6133949"/>
  <node id="397052586" lat="55.6115486" lon="12.6132804"/>
  <node id="397056356" lat="55.6120772" lon="12.6111650"/>
  <node id="397071483" lat="55.6130566" lon="12.6120736"/>
  <node id="397074203" lat="55.6122505" lon="12.6126927"/>
  <node id="397074477" lat="55.6122159" lon="12.6128981"/>
  <node id="397078200" lat="55.5963032" lon="12.6306264"/>
  <node id="397078404" lat="55.5964001" lon="12.6306887"/>
  <node id="397084506" lat="55.6114073" lon="12.6099081"/>
  <node id="408416185" lat="55.5974443" lon="12.6263942"/>
  <node id="408416200" lat="55.5975675" lon="12.6265210"/>
  <node id="408424991" lat="55.6297346" lon="12.6106365">
    <tag k="highway" v="motorway_junction"/>
    <tag k="name" v="Tårnby"/>
    <tag k="ref" v="18"/>
  </node>
  <node id="411799932" lat="55.6306276" lon="12.6411521"/>
  <node id="411800010" lat="55.6304770" lon="12.6410896"/>
  <node id="411800470" lat="55.6312350" lon="12.6490084"/>
  <node id="411800472" lat="55.6315442" lon="12.6514130"/>
  <node id="411800582" lat="55.6323691" lon="12.6560382"/>
  <node id="411800658" lat="55.6322500" lon="12.6560584"/>
  <node id="411802614" lat="55.6397478" lon="12.6079917"/>
  <node id="425516817" lat="55.6210075" lon="12.5866802"/>
  <node id="425519262" lat="55.6210930" lon="12.5870128"/>
  <node id="425525620" lat="55.6230361" lon="12.5970496"/>
  <node id="425534011" lat="55.6196803" lon="12.6052851"/>
  <node id="428914461" lat="55.6296109" lon="12.6113168"/>
  <node id="429838303" lat="55.6394175" lon="12.6483125">
    <tag k="button_operated" v="yes"/>
    <tag k="crossing" v="traffic_signals"/>
    <tag k="highway" v="crossing"/>
    <tag k="kerb" v="lowered"/>
    <tag k="tactile_paving" v="no"/>
    <tag k="traffic_signals:sound" v="no"/>
    <tag k="traffic_signals:vibration" v="no"/>
  </node>
  <node id="429842133" lat="55.6446725" lon="12.6276462"/>
  <node id="429848058" lat="55.6341417" lon="12.6013243"/>
  <node id="434459329" lat="55.6133437" lon="12.6790330"/>
  <node id="434549549" lat="55.5957919" lon="12.5986666"/>
  <node id="439238435" lat="55.6087937" lon="12.6133805"/>
  <node id="439239534" lat="55.6254483" lon="12.6042995"/>
  <node id="442136883" lat="55.6298728" lon="12.6478394"/>
  <node id="442137146" lat="55.6302732" lon="12.6435746"/>
  <node id="442137147" lat="55.6300285" lon="12.6430308"/>
  <node id="442137488" lat="55.6300652" lon="12.6469876">
    <tag k="highway" v="traffic_signals"/>
  </node>
  <node id="442137489" lat="55.6299401" lon="12.6484592">
    <tag k="highway" v="traffic_signals"/>
  </node>
  <node id="442137490" lat="55.6299291" lon="12.6491379"/>
  <node id="442137491" lat="55.6299345" lon="12.6496089"/>
  <node id="442137492" lat="55.6300252" lon="12.6527629"/>
  <node id="442137493" lat="55.6302380" lon="12.6545991"/>
  <node id="442137494" lat="55.6304008" lon="12.6554655"/>
  <node id="442137502" lat="55.6301227" lon="12.6537303">
    <tag k="highway" v="traffic_signals"/>
  </node>
  <node id="442137689" lat="55.6301570" lon="12.6547999"/>
  <node id="442137737" lat="55.6299827" lon="12.6518909"/>
  <node id="442137872" lat="55.6299355" lon="12.6502872">
    <tag k="highway" v="traffic_signals"/>
  </node>
  <node id="442138192" lat="55.6303640" lon="12.6440968"/>
  <node id="442138558" lat="55.6299757" lon="12.6478589"/>
  <node id="447761129" lat="55.6331741" lon="12.6621057"/>
  <node id="447765245" lat="55.6316281" lon="12.6560586"/>
  <node id="447765246" lat="55.6325932" lon="12.6557337"/>
  <node id="447765357" lat="55.6320436" lon="12.6559105"/>
  <node id="447765370" lat="55.6318866" lon="12.6559648"/>
  <node id="447766463" lat="55.6327139" lon="12.6557051"/>
  <node id="447766464" lat="55.6327929" lon="12.6557002">
    <tag k="highway" v="traffic_signals"/>
    <tag k="traffic_signals:direction" v="forward"/>
  </node>
  <node id="447766757" lat="55.6328382" lon="12.6554910"/>
  <node id="447766923" lat="55.6320054" lon="12.6559262">
    <tag k="highway" v="traffic_signals"/>
  </node>
  <node id="447768889" lat="55.6332043" lon="12.6541713">
    <tag k="bicycle" v="designated"/>
    <tag k="crossing" v="uncontrolled"/>
    <tag k="highway" v="crossing"/>
    <tag k="tactile_paving" v="no"/>
  </node>
  <node id="447775080" lat="55.6298450" lon="12.6420835"/>
  <node id="447776265" lat="55.6292537" lon="12.6279185"/>
  <node id="447776864" lat="55.6298123" lon="12.6224896"/>
  <node id="447778055" lat="55.6294931" lon="12.6318357"/>
  <node id="447778056" lat="55.6295430" lon="12.6318279"/>
  <node id="447780407" lat="55.6297952" lon="12.6428299"/>
  <node id="447780763" lat="55.6299620" lon="12.6430171"/>
  <node id="456200476" lat="55.5983919" lon="12.6584625"/>
  <node id="473216702" lat="55.6080278" lon="12.6117622"/>
  <node id="478774538" lat="55.6347735" lon="12.6523673"/>
  <node id="582302145" lat="55.6302780" lon="12.6427969"/>
  <node id="582302151" lat="55.6303013" lon="12.6422777"/>
  <node id="582302156" lat="55.6298944" lon="12.6420277"/>
  <node id="582302183" lat="55.6295055" lon="12.6278427"/>
  <node id="582302188" lat="55.6293813" lon="12.6276801"/>
  <node id="582302193" lat="55.6293043" lon="12.6277267"/>
  <node id="582302198" lat="55.6292831" lon="12.6280533"/>
  <node id="582302200" lat="55.6293834" lon="12.6281359"/>
  <node id="582302202" lat="55.6294522" lon="12.6280993"/>
  <node id="582302204" lat="55.6295030" lon="12.6279867"/>
  <node id="582302220" lat="55.6302157" lon="12.6456683">
    <tag k="crossing" v="traffic_signals"/>
    <tag k="crossing:markings" v="zebra"/>
    <tag k="highway" v="crossing"/>
    <tag k="traffic_signals:sound" v="no"/>
  </node>
  <node id="922818240" lat="55.6234533" lon="12.6754470"/>
  <node id="1036890897" lat="55.6081430" lon="12.5841795">
    <tag k="highway" v="traffic_signals"/>
  </node>
  <node id="1066672212" lat="55.6390971" lon="12.5996179"/>
  <node id="1066719860" lat="55.6329329" lon="12.6018287"/>
  <node id="1066719862" lat="55.6332462" lon="12.6022810"/>
  <node id="1066719865" lat="55.6331061" lon="12.6025432"/>
  <node id="1066719870" lat="55.6331080" lon="12.6018070"/>
  <node id="1066719877" lat="55.6328766" lon="12.6019029"/>
  <node id="1066719878" lat="55.6332411" lon="12.6020400"/>
  <node id="1066719882" lat="55.6328163" lon="12.6021240"/>
  <node id="1066719883" lat="55.6328388" lon="12.6023527"/>
  <node id="1066719885" lat="55.6330442" lon="12.6025640"/>
  <node id="1066719890" lat="55.6332076" lon="12.6024153">
    <tag k="highway" v="traffic_signals"/>
    <tag k="traffic_signals" v="traffic_lights"/>
    <tag k="traffic_signals:direction" v="forward"/>
  </node>
  <node id="1066719900" lat="55.6331621" lon="12.6024922"/>
  <node id="1066719902" lat="55.6333607" lon="12.6043673"/>
  <node id="1066719903" lat="55.6329995" lon="12.6017896"/>
  <node id="1069961100" lat="55.6334591" lon="12.6654196"/>
  <node id="1069961103" lat="55.6327880" lon="12.6715374"/>
  <node id="1069961108" lat="55.6329172" lon="12.6600927"/>
  <node id="1069961112" lat="55.6310294" lon="12.6560857"/>
  <node id="1069961123" lat="55.6331266" lon="12.6606669"/>
  <node id="1069961126" lat="55.6327421" lon="12.6724279"/>
  <node id="1069961131" lat="55.6333004" lon="12.6668392"/>
  <node id="1069961145" lat="55.6308619" lon="12.6560813"/>
  <node id="1069961147" lat="55.6332561" lon="12.6630769"/>
  <node id="1069961165" lat="55.6314624" lon="12.6764213"/>
  <node id="1069961168" lat="55.6322634" lon="12.6739110"/>
  <node id="1069961173" lat="55.6310317" lon="12.6562734"/>
  <node id="1069961175" lat="55.6334174" lon="12.6670466"/>
  <node id="1069961188" lat="55.6333842" lon="12.6630599"/>
  <node id="1069961194" lat="55.6330115" lon="12.6701095"/>
  <node id="1069961197" lat="55.6308356" lon="12.6571281"/>
  <node id="1069961208" lat="55.6319986" lon="12.6537031"/>
  <node id="1069961211" lat="55.6319313" lon="12.6750568"/>
  <node id="1069961213" lat="55.6334473" lon="12.6658810"/>
  <node id="1069961215" lat="55.6317688" lon="12.6520891"/>
  <node id="1069961218" lat="55.6333213" lon="12.6684929"/>
  <node id="1069961220" lat="55.6320120" lon="12.6752136"/>
  <node id="1069961228" lat="55.6329710" lon="12.6596584"/>
  <node id="1069961230" lat="55.6334209" lon="12.6636798"/>
  <node id="1069961232" lat="55.6303658" lon="12.6559983"/>
  <node id="1069961236" lat="55.6309168" lon="12.6560859">
    <tag k="direction" v="forward"/>
    <tag k="highway" v="give_way"/>
  </node>
  <node id="1069961240" lat="55.6303376" lon="12.6556674"/>
  <node id="1069961249" lat="55.6315379" lon="12.6765750"/>
  <node id="1069961251" lat="55.6309594" lon="12.6563193"/>
  <node id="1069961255" lat="55.6309009" lon="12.6563866"/>
  <node id="1069961257" lat="55.6325252" lon="12.6728298"/>
  <node id="1069961258" lat="55.6304538" lon="12.6556554"/>
  <node id="1069973306" lat="55.6306157" lon="12.6427056"/>
  <node id="1069973312" lat="55.6308919" lon="12.6457961"/>
  <node id="1069973383" lat="55.6311515" lon="12.6470668"/>
  <node id="1069973393" lat="55.6317284" lon="12.6527230"/>
  <node id="1069973398" lat="55.6310136" lon="12.6457246"/>
  <node id="1069973434" lat="55.6313541" lon="12.6499429"/>
  <node id="1069973448" lat="55.6307396" lon="12.6427042"/>
  <node id="1069977275" lat="55.6310459" lon="12.6576664"/>
  <node id="1069984658" lat="55.6318628" lon="12.6592671"/>
  <node id="1069984663" lat="55.6324073" lon="12.6632931"/>
  <node id="1069984667" lat="55.6283633" lon="12.6728352"/>
  <node id="1069984676" lat="55.6275261" lon="12.6738544"/>
  <node id="1069984682" lat="55.6270813" lon="12.6741519"/>
  <node id="1069984684" lat="55.6284856" lon="12.6726120"/>
  <node id="1069984686" lat="55.6268443" lon="12.6742626"/>
  <node id="1069984688" lat="55.6322202" lon="12.6604057"/>
  <node id="1069984692" lat="55.6323988" lon="12.6615899"/>
  <node id="1069984712" lat="55.6293022" lon="12.6699936"/>
  <node id="1069984717" lat="55.6282293" lon="12.6730507"/>
  <node id="1069984720" lat="55.6322206" lon="12.6641413"/>
  <node id="1069984722" lat="55.6323017" lon="12.6638732"/>
  <node id="1069984737" lat="55.6287104" lon="12.6721230"/>
  <node id="1069984738" lat="55.6319698" lon="12.6647258"/>
  <node id="1069984752" lat="55.6279056" lon="12.6734851"/>
  <node id="1069984754" lat="55.6324478" lon="12.6626087"/>
  <node id="1069984757" lat="55.6288166" lon="12.6718519"/>
  <node id="1120180118" lat="55.6345179" lon="12.6301479"/>
  <node id="1181381489" lat="55.6075593" lon="12.6058713"/>
  <node id="1216480103" lat="55.6296299" lon="12.6400941">
    <tag k="highway" v="traffic_signals"/>
  </node>
  <node id="1216480123" lat="55.6303557" lon="12.6438039"/>
  <node id="1216480125" lat="55.6295821" lon="12.6405376"/>
  <node id="1216480126" lat="55.6301690" lon="12.6451340">
    <tag k="crossing" v="traffic_signals"/>
  </node>
  <node id="1216480143" lat="55.6296766" lon="12.6401326">
    <tag k="highway" v="traffic_signals"/>
  </node>
  <node id="1216480158" lat="55.6302684" lon="12.6451740">
    <tag k="crossing" v="traffic_signals"/>
  </node>
  <node id="1234226384" lat="55.6154295" lon="12.6295054"/>
  <node id="1234226419" lat="55.6153842" lon="12.6294371"/>
  <node id="1242099794" lat="55.6420846" lon="12.6070530"/>
  <node id="1242099808" lat="55.6424751" lon="12.6068974"/>
  <node id="1305130121" lat="55.6401795" lon="12.6517927"/>
  <node id="1305130125" lat="55.6399084" lon="12.6508973"/>
  <node id="1305130126" lat="55.6408822" lon="12.6534409"/>
  <node id="1305130128" lat="55.6405694" lon="12.6529228">
    <tag k="crossing" v="informal"/>
  </node>
  <node id="1344129250" lat="55.6295758" lon="12.6101455"/>
  <node id="1344129252" lat="55.6291184" lon="12.5966159"/>
  <node id="1344129253" lat="55.6297091" lon="12.6101360"/>
  <node id="1357408391" lat="55.6301481" lon="12.6272009"/>
  <node id="1357408393" lat="55.6333126" lon="12.6642646"/>
  <node id="1357408410" lat="55.6299501" lon="12.6242743"/>
  <node id="1357408419" lat="55.6301244" lon="12.6419976"/>
  <node id="1357408433" lat="55.6300135" lon="12.6269357"/>
  <node id="1357408437" lat="55.6305271" lon="12.6398194"/>
  <node id="1357408440" lat="55.6303567" lon="12.6444508"/>
  <node id="1357408457" lat="55.6295411" lon="12.6413524"/>
  <node id="1357409952" lat="55.6298232" lon="12.6143130"/>
  <node id="1357409962" lat="55.6296973" lon="12.6142678"/>
  <node id="1357949893" lat="55.6285064" lon="12.5913727"/>
  <node id="1357949901" lat="55.6292812" lon="12.5971693"/>
  <node id="1357949910" lat="55.6286357" lon="12.5913163"/>
  <node id="1369055564" lat="55.6425468" lon="12.5982019"/>
  <node id="1369055585" lat="55.6399990" lon="12.6078940"/>
  <node id="1369086103" lat="55.6466035" lon="12.6282381"/>
  <node id="1374807426" lat="55.6067516" lon="12.6697890"/>
  <node id="1378750081" lat="55.6024086" lon="12.6615562"/>
  <node id="1378750093" lat="55.6010844" lon="12.6601829"/>
  <node id="1378762552" lat="55.6066577" lon="12.6614637"/>
  <node id="1379004738" lat="55.6066955" lon="12.6621117"/>
  <node id="1379038433" lat="55.5995109" lon="12.6586088"/>
  <node id="1412602117" lat="55.6164154" lon="12.6779215"/>
  <node id="1412607326" lat="55.6303571" lon="12.6566785"/>
  <node id="1423258780" lat="55.6045765" lon="12.5900837"/>
  <node id="1426406347" lat="55.6232314" lon="12.6060472"/>
  <node id="1482081955" lat="55.6422562" lon="12.6163036"/>
  <node id="1494477605" lat="55.6349572" lon="12.6162316"/>
  <node id="1505087746" lat="55.6011035" lon="12.6589895"/>
  <node id="1505087754" lat="55.6015334" lon="12.6615906"/>
  <node id="1505087755" lat="55.6051871" lon="12.6614834"/>
  <node id="1505087757" lat="55.6059517" lon="12.6614739"/>
  <node id="1537154315" lat="55.6288494" lon="12.5929697"/>
  <node id="1540425324" lat="55.6112081" lon="12.6096640"/>
  <node id="1540425329" lat="55.6082896" lon="12.6070650"/>
  <node id="1540425341" lat="55.6120607" lon="12.6111302"/>
  <node id="1540425355" lat="55.6064661" lon="12.6008964"/>
  <node id="1570026026" lat="55.6230051" lon="12.6045856"/>
  <node id="1573491329" lat="55.6425469" lon="12.5918877"/>
  <node id="1573491331" lat="55.6426426" lon="12.5914783">
    <tag k="crossing" v="traffic_signals"/>
    <tag k="crossing:island" v="yes"/>
    <tag k="highway" v="crossing"/>
    <tag k="tactile_paving" v="no"/>
  </node>
  <node id="1573491334" lat="55.6433831" lon="12.5915148"/>
  <node id="1573491336" lat="55.6447279" lon="12.5916591"/>
  <node id="1573491337" lat="55.6448620" lon="12.5916708"/>
  <node id="1573491339" lat="55.6452581" lon="12.5917292"/>
  <node id="1573491341" lat="55.6456491" lon="12.5918092"/>
  <node id="1573491342" lat="55.6458152" lon="12.5918442"/>
  <node id="1573491345" lat="55.6460187" lon="12.5918834"/>
  <node id="1573491348" lat="55.6460744" lon="12.5918954"/>
  <node id="1573491351" lat="55.6464309" lon="12.5919507"/>
  <node id="1573491352" lat="55.6464856" lon="12.5919559"/>
  <node id="1573491354" lat="55.6466900" lon="12.5919833"/>
  <node id="1573491355" lat="55.6468842" lon="12.5920093"/>
  <node id="1573491356" lat="55.6473275" lon="12.5920651"/>
  <node id="1573491360" lat="55.6481262" lon="12.5921640"/>
  <node id="1573491364" lat="55.6495960" lon="12.5922876"/>
  <node id="1573491365" lat="55.6498693" lon="12.5923436"/>
  <node id="1573491367" lat="55.6501480" lon="12.5924084"/>
  <node id="1573491369" lat="55.6504452" lon="12.5924911"/>
  <node id="1573491370" lat="55.6508236" lon="12.5926395"/>
  <node id="1573491372" lat="55.6516813" lon="12.5929659">
    <tag k="check_date:crossing" v="2020-11-16"/>
    <tag k="crossing" v="uncontrolled"/>
    <tag k="crossing:island" v="no"/>
    <tag k="highway" v="crossing"/>
    <tag k="tactile_paving" v="no"/>
  </node>
  <node id="1573491373" lat="55.6517850" lon="12.5930113"/>
  <node id="1573491374" lat="55.6518976" lon="12.5930534"/>
  <node id="1579531366" lat="55.6443686" lon="12.5983203"/>
  <node id="1618854955" lat="55.6231529" lon="12.6124532"/>
  <node id="1618854956" lat="55.6231612" lon="12.6117758"/>
  <node id="1618854957" lat="55.6231698" lon="12.6110717"/>
  <node id="1619442307" lat="55.6446167" lon="12.6390573"/>
  <node id="1619442310" lat="55.6447591" lon="12.6390153"/>
  <node id="1619442314" lat="55.6449107" lon="12.6391097">
    <tag k="crossing" v="uncontrolled"/>
  </node>
  <node id="1619442319" lat="55.6449735" lon="12.6392289"/>
  <node id="1633232471" lat="55.6305123" lon="12.6676395">
    <tag k="crossing" v="uncontrolled"/>
    <tag k="crossing:island" v="yes"/>
    <tag k="highway" v="crossing"/>
  </node>
  <node id="1705193071" lat="55.6080709" lon="12.6771105"/>
  <node id="1705193080" lat="55.6092671" lon="12.6789467"/>
  <node id="1705203612" lat="55.6071082" lon="12.6753976"/>
  <node id="1705203643" lat="55.6099863" lon="12.6796234"/>
  <node id="1705267409" lat="55.6352112" lon="12.6180596"/>
  <node id="1705267445" lat="55.6350489" lon="12.6168970"/>
  <node id="1778865165" lat="55.6454840" lon="12.6437102"/>
  <node id="1802532202" lat="55.6497827" lon="12.5923216"/>
  <node id="1802532224" lat="55.6499637" lon="12.5923663"/>
  <node id="1802532271" lat="55.6509185" lon="12.5926773"/>
  <node id="1802532285" lat="55.6513903" lon="12.5928504"/>
  <node id="1802532328" lat="55.6518640" lon="12.5930402"/>
  <node id="1802532352" lat="55.6523433" lon="12.5932237"/>
  <node id="1802532364" lat="55.6526364" lon="12.5933309"/>
  <node id="1802532370" lat="55.6528062" lon="12.5934129"/>
  <node id="1905982118" lat="55.6299842" lon="12.6519758"/>
  <node id="1949627203" lat="55.6230436" lon="12.6216429"/>
  <node id="2066198411" lat="55.6277184" lon="12.6038098"/>
  <node id="2066198416" lat="55.6284756" lon="12.6037685"/>
  <node id="2066198421" lat="55.6287074" lon="12.6034339"/>
  <node id="2066198423" lat="55.6287509" lon="12.6036886"/>
  <node id="2066198425" lat="55.6290317" lon="12.6032777"/>
  <node id="2066198426" lat="55.6288138" lon="12.6036666"/>
  <node id="2066198435" lat="55.6292791" lon="12.6034600"/>
  <node id="2066198437" lat="55.6292714" lon="12.6031292"/>
  <node id="2066198458" lat="55.6294328" lon="12.6033585"/>
  <node id="2066198460" lat="55.6295321" lon="12.6029379"/>
  <node id="2066198474" lat="55.6296417" lon="12.6028338"/>
  <node id="2066198478" lat="55.6296601" lon="12.6031797"/>
  <node id="2066198485" lat="55.6299272" lon="12.6025907"/>
  <node id="2066198494" lat="55.6303940" lon="12.6021869"/>
  <node id="2066198497" lat="55.6305441" lon="12.6021255"/>
  <node id="2066198501" lat="55.6311966" lon="12.6016186"/>
  <node id="2066198503" lat="55.6315166" lon="12.6014615">
    <tag k="highway" v="traffic_signals"/>
  </node>
  <node id="2066198506" lat="55.6318815" lon="12.6014135"/>
  <node id="2066198508" lat="55.6320437" lon="12.6014551"/>
  <node id="2066198510" lat="55.6322032" lon="12.6015260"/>
  <node id="2066198512" lat="55.6325476" lon="12.6017461"/>
  <node id="2066198513" lat="55.6326789" lon="12.6017822">
    <tag k="button_operated" v="no"/>
    <tag k="crossing:signals" v="yes"/>
    <tag k="highway" v="crossing"/>
    <tag k="tactile_paving" v="no"/>
    <tag k="traffic_signals:sound" v="no"/>
    <tag k="traffic_signals:vibration" v="no"/>
  </node>
  <node id="2066198515" lat="55.6327593" lon="12.6017817"/>
  <node id="2066198517" lat="55.6328364" lon="12.6020048"/>
  <node id="2066245887" lat="55.6329320" lon="12.6016861"/>
  <node id="2066245888" lat="55.6330351" lon="12.6016535"/>
  <node id="2066245889" lat="55.6330688" lon="12.6028032">
    <tag k="button_operated" v="no"/>
    <tag k="crossing:signals" v="yes"/>
    <tag k="highway" v="crossing"/>
    <tag k="tactile_paving" v="no"/>
    <tag k="traffic_signals:sound" v="no"/>
  </node>
  <node id="2066245891" lat="55.6331598" lon="12.6031034"/>
  <node id="2066245893" lat="55.6331893" lon="12.6027429">
    <tag k="bicycle" v="designated"/>
    <tag k="crossing" v="uncontrolled"/>
    <tag k="highway" v="crossing"/>
    <tag k="kerb" v="lowered"/>
    <tag k="tactile_paving" v="no"/>
  </node>
  <node id="2066245894" lat="55.6331876" lon="12.6029360"/>
  <node id="2066245903" lat="55.6334091" lon="12.6016285"/>
  <node id="2066245904" lat="55.6333668" lon="12.6020468">
    <tag k="button_operated" v="no"/>
    <tag k="crossing:signals" v="yes"/>
    <tag k="highway" v="crossing"/>
    <tag k="tactile_paving" v="no"/>
    <tag k="traffic_signals:sound" v="no"/>
    <tag k="traffic_signals:vibration" v="no"/>
  </node>
  <node id="2066245905" lat="55.6334171" lon="12.6017756"/>
  <node id="2066245907" lat="55.6335689" lon="12.6015615"/>
  <node id="2066245908" lat="55.6335220" lon="12.6017154"/>
  <node id="2066245909" lat="55.6337770" lon="12.6014989"/>
  <node id="2066245911" lat="55.6338370" lon="12.6013979"/>
  <node id="2066245912" lat="55.6341278" lon="12.6011685"/>
  <node id="2066245913" lat="55.6345467" lon="12.6009266"/>
  <node id="2066245914" lat="55.6349246" lon="12.6007421"/>
  <node id="2066245915" lat="55.6353891" lon="12.6005899">
    <tag k="button_operated" v="yes"/>
    <tag k="check_date:traffic_signals:sound" v="2026-03-19"/>
    <tag k="crossing" v="traffic_signals"/>
    <tag k="crossing:markings" v="zebra"/>
    <tag k="highway" v="crossing"/>
    <tag k="tactile_paving" v="yes"/>
    <tag k="traffic_signals:sound" v="no"/>
    <tag k="traffic_signals:vibration" v="no"/>
  </node>
  <node id="2066245916" lat="55.6363950" lon="12.6003175"/>
  <node id="2066245917" lat="55.6380273" lon="12.5998665">
    <tag k="highway" v="traffic_signals"/>
  </node>
  <node id="2066245918" lat="55.6383364" lon="12.5997829"/>
  <node id="2066245919" lat="55.6385843" lon="12.5997862"/>
  <node id="2066273779" lat="55.6317039" lon="12.6014286"/>
  <node id="2206371628" lat="55.6331639" lon="12.6540890">
    <tag k="bicycle" v="designated"/>
    <tag k="crossing" v="uncontrolled"/>
    <tag k="highway" v="crossing"/>
    <tag k="tactile_paving" v="no"/>
  </node>
  <node id="2206371629" lat="55.6329106" lon="12.6555217"/>
  <node id="2206371631" lat="55.6333697" lon="12.6536752"/>
  <node id="2206371632" lat="55.6332259" lon="12.6539327"/>
  <node id="2262854446" lat="55.6231041" lon="12.6164258"/>
  <node id="2269912574" lat="55.6352248" lon="12.6181774">
    <tag k="button_operated" v="yes"/>
    <tag k="crossing" v="traffic_signals"/>
    <tag k="crossing:island" v="no"/>
    <tag k="crossing:markings" v="zebra"/>
    <tag k="highway" v="crossing"/>
    <tag k="tactile_paving" v="no"/>
  </node>
  <node id="2278646348" lat="55.6294876" lon="12.6317232"/>
  <node id="2288016844" lat="55.6297179" lon="12.6150813"/>
  <node id="2288016845" lat="55.6318738" lon="12.6537452"/>
  <node id="2372774915" lat="55.5953607" lon="12.6580682"/>
  <node id="2377362989" lat="55.6065285" lon="12.6614002">
    <tag k="crossing" v="uncontrolled"/>
    <tag k="crossing:island" v="no"/>
    <tag k="highway" v="crossing"/>
  </node>
  <node id="2377363003" lat="55.6060159" lon="12.6614520">
    <tag k="traffic_calming" v="table"/>
  </node>
  <node id="2385052489" lat="55.6456906" lon="12.6436361"/>
  <node id="2411691460" lat="55.6232760" lon="12.5989247"/>
  <node id="2411691497" lat="55.6295212" lon="12.6272686"/>
  <node id="2411760323" lat="55.6318355" lon="12.6015932"/>
  <node id="2411760324" lat="55.6320158" lon="12.6016128"/>
  <node id="2411760325" lat="55.6327340" lon="12.6021177"/>
  <node id="2411760332" lat="55.6334622" lon="12.6019064"/>
  <node id="2411760340" lat="55.6339189" lon="12.6013348"/>
  <node id="2411760348" lat="55.6348906" lon="12.6009055"/>
  <node id="2411776990" lat="55.6298308" lon="12.6486421">
    <tag k="button_operated" v="no"/>
    <tag k="crossing" v="traffic_signals"/>
    <tag k="crossing:markings" v="zebra"/>
    <tag k="highway" v="crossing"/>
    <tag k="tactile_paving" v="yes"/>
    <tag k="traffic_signals:sound" v="no"/>
    <tag k="traffic_signals:vibration" v="no"/>
  </node>
  <node id="2411776991" lat="55.6299370" lon="12.6486449">
    <tag k="button_operated" v="no"/>
    <tag k="crossing" v="traffic_signals"/>
    <tag k="crossing:markings" v="zebra"/>
    <tag k="highway" v="crossing"/>
    <tag k="tactile_paving" v="yes"/>
    <tag k="traffic_signals:sound" v="no"/>
    <tag k="traffic_signals:vibration" v="no"/>
  </node>
  <node id="2411776992" lat="55.6306038" lon="12.6558090"/>
  <node id="2411776994" lat="55.6308279" lon="12.6566731"/>
  <node id="2421592186" lat="55.6294352" lon="12.6276332"/>
  <node id="2421592208" lat="55.6294804" lon="12.6299679"/>
  <node id="2421592273" lat="55.6295397" lon="12.6414893"/>
  <node id="2421592275" lat="55.6298014" lon="12.6421579"/>
  <node id="2421592283" lat="55.6296353" lon="12.6418557"/>
  <node id="2421592294" lat="55.6294274" lon="12.6299472"/>
  <node id="2421592303" lat="55.6295166" lon="12.6310650"/>
  <node id="2421609169" lat="55.6298270" lon="12.6382109"/>
  <node id="2421718361" lat="55.6330523" lon="12.6545802"/>
  <node id="2421718365" lat="55.6329692" lon="12.6557522"/>
  <node id="2465768903" lat="55.6295826" lon="12.6225996">
    <tag k="crossing" v="traffic_signals"/>
    <tag k="crossing:island" v="yes"/>
    <tag k="crossing:markings" v="zebra"/>
    <tag k="highway" v="crossing"/>
  </node>
  <node id="2631260744" lat="55.6287109" lon="12.5929623"/>
  <node id="2631260746" lat="55.6288051" lon="12.5936839"/>
  <node id="2631260747" lat="55.6288995" lon="12.5944144"/>
  <node id="2631260748" lat="55.6289819" lon="12.5951496"/>
  <node id="2631260751" lat="55.6291788" lon="12.5959232"/>
  <node id="2631272264" lat="55.6429429" lon="12.5914932"/>
  <node id="2632144771" lat="55.6269969" lon="12.6238367"/>
  <node id="2632159315" lat="55.6393097" lon="12.5995531"/>
  <node id="2632159324" lat="55.6395248" lon="12.5994805"/>
  <node id="2653419515" lat="55.6471105" lon="12.6279611"/>
  <node id="2741030499" lat="55.6241666" lon="12.6752015"/>
  <node id="2741030509" lat="55.6226576" lon="12.6757255"/>
  <node id="2783157163" lat="55.6354981" lon="12.6516958"/>
  <node id="2813208781" lat="55.6360863" lon="12.6193545"/>
  <node id="2813210005" lat="55.6367166" lon="12.6190431"/>
  <node id="2814798870" lat="55.6337198" lon="12.6070427"/>
  <node id="2814799325" lat="55.6379907" lon="12.6357272"/>
  <node id="2814799345" lat="55.6442385" lon="12.6284619">
    <tag k="highway" v="traffic_signals"/>
  </node>
  <node id="2814799347" lat="55.6443694" lon="12.6282672">
    <tag k="crossing" v="traffic_signals"/>
    <tag k="crossing:island" v="no"/>
    <tag k="crossing:markings" v="zebra"/>
    <tag k="highway" v="crossing"/>
  </node>
  <node id="2814799348" lat="55.6444622" lon="12.6279863"/>
  <node id="2836976784" lat="55.6231224" lon="12.6149398"/>
  <node id="2848220520" lat="55.6340696" lon="12.6203419"/>
  <node id="2848225947" lat="55.6253815" lon="12.6246349"/>
  <node id="2910040004" lat="55.6294962" lon="12.6304971"/>
  <node id="2910072517" lat="55.6294107" lon="12.6294414"/>
  <node id="2910654011" lat="55.6345148" lon="12.6010985"/>
  <node id="2910654021" lat="55.6341632" lon="12.6013113"/>
  <node id="2923262448" lat="55.6048563" lon="12.6614908"/>
  <node id="2923262457" lat="55.6054165" lon="12.6614806"/>
  <node id="2935900547" lat="55.6298688" lon="12.6520235"/>
  <node id="2945722770" lat="55.6289823" lon="12.6228598"/>
  <node id="2945875541" lat="55.6296821" lon="12.6400776"/>
  <node id="2945927820" lat="55.6337560" lon="12.6533044"/>
  <node id="2983240383" lat="55.6373390" lon="12.6336796"/>
  <node id="2983240384" lat="55.6373570" lon="12.6341529"/>
  <node id="2983240386" lat="55.6373809" lon="12.6338118"/>
  <node id="2983240388" lat="55.6375434" lon="12.6350033"/>
  <node id="2983240389" lat="55.6375541" lon="12.6356628">
    <tag k="crossing" v="traffic_signals"/>
    <tag k="crossing:markings" v="zebra"/>
    <tag k="highway" v="crossing"/>
  </node>
  <node id="2983240394" lat="55.6376208" lon="12.6356384">
    <tag k="crossing" v="traffic_signals"/>
    <tag k="crossing:markings" v="zebra"/>
    <tag k="highway" v="crossing"/>
  </node>
  <node id="2983240397" lat="55.6376679" lon="12.6363561"/>
  <node id="2983240421" lat="55.6385497" lon="12.6415000"/>
  <node id="2983242334" lat="55.6390541" lon="12.6453108"/>
  <node id="2983242354" lat="55.6397513" lon="12.6449119"/>
  <node id="2983242359" lat="55.6398146" lon="12.6344656"/>
  <node id="2983242416" lat="55.6436412" lon="12.6399639"/>
  <node id="2983242420" lat="55.6445375" lon="12.6390083"/>
  <node id="2983242421" lat="55.6447712" lon="12.6389227"/>
  <node id="2983242422" lat="55.6448465" lon="12.6390554"/>
  <node id="2983242424" lat="55.6450261" lon="12.6394368"/>
  <node id="2983242425" lat="55.6450552" lon="12.6393479"/>
  <node id="2983280868" lat="55.6394803" lon="12.6482476">
    <tag k="button_operated" v="yes"/>
    <tag k="crossing" v="traffic_signals"/>
    <tag k="highway" v="crossing"/>
    <tag k="kerb" v="lowered"/>
    <tag k="tactile_paving" v="no"/>
    <tag k="traffic_signals:sound" v="no"/>
    <tag k="traffic_signals:vibration" v="no"/>
  </node>
  <node id="2983280870" lat="55.6398215" lon="12.6498465"/>
  <node id="2983280871" lat="55.6398649" lon="12.6495643"/>
  <node id="2983280872" lat="55.6398945" lon="12.6497558"/>
  <node id="2983280873" lat="55.6399446" lon="12.6506632"/>
  <node id="2983280874" lat="55.6399821" lon="12.6508446"/>
  <node id="2983280875" lat="55.6402435" lon="12.6517332"/>
  <node id="2983465503" lat="55.6411806" lon="12.5895269"/>
  <node id="2990697245" lat="55.6067635" lon="12.6657124"/>
  <node id="3090510084" lat="55.6395712" lon="12.5994637"/>
  <node id="3220080992" lat="55.6237938" lon="12.6254201"/>
  <node id="3224531914" lat="55.6298423" lon="12.6429140"/>
  <node id="3224531915" lat="55.6297436" lon="12.6423452"/>
  <node id="3224531917" lat="55.6302598" lon="12.6432278"/>
  <node id="3224531918" lat="55.6297430" lon="12.6426861"/>
  <node id="3224531919" lat="55.6302386" lon="12.6428804"/>
  <node id="3224531921" lat="55.6303241" lon="12.6425967"/>
  <node id="3224531922" lat="55.6302307" lon="12.6429621"/>
  <node id="3224531923" lat="55.6302997" lon="12.6437660"/>
  <node id="3224531924" lat="55.6301787" lon="12.6420407"/>
  <node id="3224531925" lat="55.6299491" lon="12.6419901"/>
  <node id="3224531926" lat="55.6302285" lon="12.6421042"/>
  <node id="3224531928" lat="55.6303067" lon="12.6434557"/>
  <node id="3224531929" lat="55.6300862" lon="12.6430213"/>
  <node id="3224531931" lat="55.6303213" lon="12.6423805"/>
  <node id="3224531932" lat="55.6302371" lon="12.6430963"/>
  <node id="3377068684" lat="55.5939317" lon="12.5976135"/>
  <node id="3377068687" lat="55.5964563" lon="12.5994942"/>
  <node id="3377068688" lat="55.5989869" lon="12.6028188"/>
  <node id="3377068689" lat="55.6024561" lon="12.6046643"/>
  <node id="3377068690" lat="55.6034386" lon="12.6047380"/>
  <node id="3377068691" lat="55.6045460" lon="12.6055017"/>
  <node id="3377068692" lat="55.6048363" lon="12.6058467"/>
  <node id="3377068702" lat="55.6060239" lon="12.6071694"/>
  <node id="3377068719" lat="55.6072029" lon="12.6095413"/>
  <node id="3377068720" lat="55.6090408" lon="12.6139525"/>
  <node id="3377068721" lat="55.6091833" lon="12.6145093"/>
  <node id="3379469121" lat="55.6297350" lon="12.6425932"/>
  <node id="3379469125" lat="55.6298114" lon="12.6262958"/>
  <node id="3379469132" lat="55.6299386" lon="12.6471234">
    <tag k="button_operated" v="no"/>
    <tag k="crossing" v="traffic_signals"/>
    <tag k="crossing:markings" v="zebra"/>
    <tag k="highway" v="crossing"/>
    <tag k="tactile_paving" v="yes"/>
    <tag k="traffic_signals:sound" v="no"/>
    <tag k="traffic_signals:vibration" v="no"/>
  </node>
  <node id="3379469133" lat="55.6300477" lon="12.6471581">
    <tag k="button_operated" v="no"/>
    <tag k="crossing" v="traffic_signals"/>
    <tag k="highway" v="crossing"/>
    <tag k="tactile_paving" v="yes"/>
    <tag k="traffic_signals:sound" v="no"/>
    <tag k="traffic_signals:vibration" v="no"/>
  </node>
  <node id="3379469134" lat="55.6300663" lon="12.6419744"/>
  <node id="3379589673" lat="55.6323228" lon="12.6211950"/>
  <node id="3379589686" lat="55.6323705" lon="12.6211719"/>
  <node id="3379590067" lat="55.6337807" lon="12.6246819"/>
  <node id="3379590072" lat="55.6338262" lon="12.6078354"/>
  <node id="3379590087" lat="55.6340501" lon="12.6095039"/>
  <node id="3379590105" lat="55.6342842" lon="12.6284955"/>
  <node id="3379590115" lat="55.6344368" lon="12.6295883"/>
  <node id="3379590116" lat="55.6345838" lon="12.6134513"/>
  <node id="3380297655" lat="55.6345038" lon="12.6128609"/>
  <node id="3380297656" lat="55.6347112" lon="12.6143976"/>
  <node id="3380297668" lat="55.6356270" lon="12.6097346"/>
  <node id="3380301232" lat="55.6418027" lon="12.5912955"/>
  <node id="3380301233" lat="55.6422979" lon="12.5903604"/>
  <node id="3453876220" lat="55.6135592" lon="12.6789495"/>
  <node id="3453876231" lat="55.6144883" lon="12.6786067"/>
  <node id="3502962061" lat="55.6330544" lon="12.6017862"/>
  <node id="3502962062" lat="55.6328749" lon="12.6024429"/>
  <node id="3502962063" lat="55.6329238" lon="12.6025114"/>
  <node id="3502962064" lat="55.6332306" lon="12.6023514"/>
  <node id="3502962065" lat="55.6332075" lon="12.6019335"/>
  <node id="3605945629" lat="55.6431127" lon="12.6066809"/>
  <node id="3605957552" lat="55.6444948" lon="12.6061233"/>
  <node id="3625203382" lat="55.6421655" lon="12.5913914"/>
  <node id="3625850450" lat="55.6288183" lon="12.5926951"/>
  <node id="3625850451" lat="55.6281011" lon="12.5874956"/>
  <node id="3625850453" lat="55.6282345" lon="12.5875343"/>
  <node id="3625860953" lat="55.6312701" lon="12.6493194"/>
  <node id="3625860954" lat="55.6313879" lon="12.6492838"/>
  <node id="3666090006" lat="55.6392569" lon="12.6469461"/>
  <node id="3666093733" lat="55.6402792" lon="12.6472087"/>
  <node id="3666093764" lat="55.6415462" lon="12.6459591"/>
  <node id="3668548749" lat="55.6023089" lon="12.6615589"/>
  <node id="3700719567" lat="55.5979179" lon="12.6584004"/>
  <node id="3700733377" lat="55.5971456" lon="12.6583000"/>
  <node id="3703753322" lat="55.6459060" lon="12.5918617">
    <tag k="crossing" v="uncontrolled"/>
    <tag k="crossing:island" v="yes"/>
    <tag k="crossing:markings" v="zebra"/>
    <tag k="highway" v="crossing"/>
    <tag k="tactile_paving" v="no"/>
  </node>
  <node id="3712247366" lat="55.6280594" lon="12.6036802"/>
  <node id="3712247378" lat="55.6283929" lon="12.6035534"/>
  <node id="3712335496" lat="55.6269242" lon="12.6040761"/>
  <node id="3712335502" lat="55.6271161" lon="12.6040280"/>
  <node id="3712398257" lat="55.6287263" lon="12.6229860"/>
  <node id="3719162410" lat="55.6073585" lon="12.6099558"/>
  <node id="3725394737" lat="55.6010857" lon="12.6615943"/>
  <node id="3726149764" lat="55.5993305" lon="12.6585834">
    <tag k="crossing:island" v="no"/>
    <tag k="crossing:markings" v="zebra"/>
    <tag k="highway" v="crossing"/>
  </node>
  <node id="3833970388" lat="55.6168578" lon="12.6777695"/>
  <node id="3987837635" lat="55.6231204" lon="12.6150981"/>
  <node id="4004562331" lat="55.6317273" lon="12.6589600"/>
  <node id="4020269733" lat="55.6149213" lon="12.6784519"/>
  <node id="4039690149" lat="55.6070090" lon="12.6040083"/>
  <node id="4039690154" lat="55.6072131" lon="12.6049090"/>
  <node id="4039690158" lat="55.6073532" lon="12.6053529"/>
  <node id="4039690163" lat="55.6077411" lon="12.6062515"/>
  <node id="4039690165" lat="55.6080835" lon="12.6068040"/>
  <node id="4039690176" lat="55.6101045" lon="12.6086742"/>
  <node id="4039690183" lat="55.6116004" lon="12.6101938"/>
  <node id="4039690184" lat="55.6119314" lon="12.6108161"/>
  <node id="4039731992" lat="55.6230013" lon="12.6243418"/>
  <node id="4046652544" lat="55.6169956" lon="12.5926507"/>
  <node id="4046652990" lat="55.6237274" lon="12.6045311"/>
  <node id="4082233307" lat="55.6403612" lon="12.6172427">
    <tag k="crossing" v="uncontrolled"/>
    <tag k="crossing:island" v="yes"/>
    <tag k="crossing:markings" v="zebra"/>
    <tag k="flashing_lights" v="yes"/>
    <tag k="highway" v="crossing"/>
    <tag k="kerb" v="lowered"/>
    <tag k="tactile_paving" v="yes"/>
  </node>
  <node id="4082235903" lat="55.6262219" lon="12.6242206">
    <tag k="crossing" v="uncontrolled"/>
    <tag k="crossing:island" v="no"/>
    <tag k="highway" v="crossing"/>
    <tag k="kerb" v="lowered"/>
    <tag k="tactile_paving" v="no"/>
  </node>
  <node id="4332178940" lat="55.6304126" lon="12.6678078"/>
  <node id="4338656271" lat="55.6439309" lon="12.6443845"/>
  <node id="4401020863" lat="55.6319181" lon="12.6015967"/>
  <node id="4406816968" lat="55.6393719" lon="12.6478417">
    <tag k="crossing" v="uncontrolled"/>
    <tag k="crossing:island" v="no"/>
    <tag k="crossing:markings" v="zebra"/>
    <tag k="highway" v="crossing"/>
    <tag k="kerb" v="lowered"/>
    <tag k="tactile_paving" v="no"/>
  </node>
  <node id="4406816977" lat="55.6366093" lon="12.6506749">
    <tag k="button_operated" v="yes"/>
    <tag k="crossing" v="traffic_signals"/>
    <tag k="crossing:island" v="no"/>
    <tag k="highway" v="crossing"/>
    <tag k="kerb" v="lowered"/>
    <tag k="tactile_paving" v="no"/>
    <tag k="traffic_signals:sound" v="no"/>
    <tag k="traffic_signals:vibration" v="no"/>
  </node>
  <node id="4406816978" lat="55.6395213" lon="12.6479787">
    <tag k="button_operated" v="yes"/>
    <tag k="crossing" v="traffic_signals"/>
    <tag k="crossing:island" v="yes"/>
    <tag k="highway" v="crossing"/>
    <tag k="tactile_paving" v="no"/>
    <tag k="traffic_signals:sound" v="no"/>
    <tag k="traffic_signals:vibration" v="no"/>
  </node>
  <node id="4406816987" lat="55.6392593" lon="12.6482247">
    <tag k="crossing" v="uncontrolled"/>
    <tag k="crossing:island" v="yes"/>
    <tag k="crossing:markings" v="zebra"/>
    <tag k="highway" v="crossing"/>
    <tag k="kerb" v="lowered"/>
    <tag k="tactile_paving" v="no"/>
  </node>
  <node id="4406817691" lat="55.6363544" lon="12.6509079">
    <tag k="button_operated" v="yes"/>
    <tag k="crossing" v="traffic_signals"/>
    <tag k="crossing:island" v="yes"/>
    <tag k="highway" v="crossing"/>
    <tag k="kerb" v="lowered"/>
    <tag k="tactile_paving" v="no"/>
    <tag k="traffic_signals:sound" v="no"/>
    <tag k="traffic_signals:vibration" v="no"/>
  </node>
  <node id="4408696663" lat="55.6343654" lon="12.6527373">
    <tag k="button_operated" v="yes"/>
    <tag k="crossing" v="traffic_signals"/>
    <tag k="crossing:island" v="no"/>
    <tag k="crossing:markings" v="zebra"/>
    <tag k="highway" v="crossing"/>
    <tag k="kerb" v="lowered"/>
    <tag k="tactile_paving" v="no"/>
    <tag k="traffic_signals:sound" v="yes"/>
    <tag k="traffic_signals:vibration" v="yes"/>
  </node>
  <node id="4408696664" lat="55.6341844" lon="12.6529030">
    <tag k="button_operated" v="yes"/>
    <tag k="crossing" v="traffic_signals"/>
    <tag k="crossing:island" v="no"/>
    <tag k="highway" v="crossing"/>
    <tag k="kerb" v="lowered"/>
    <tag k="tactile_paving" v="no"/>
    <tag k="traffic_signals:sound" v="yes"/>
    <tag k="traffic_signals:vibration" v="yes"/>
  </node>
  <node id="4418870552" lat="55.6232449" lon="12.5986208"/>
  <node id="4422317596" lat="55.6089048" lon="12.6136164"/>
  <node id="4422317601" lat="55.6100188" lon="12.6170684"/>
  <node id="4422317602" lat="55.6108138" lon="12.6138122"/>
  <node id="4422317640" lat="55.6132818" lon="12.6206829"/>
  <node id="4422317641" lat="55.6136083" lon="12.6214017"/>
  <node id="4422317642" lat="55.6138514" lon="12.6222278"/>
  <node id="4485795686" lat="55.6482335" lon="12.5921723"/>
  <node id="4485796695" lat="55.6487318" lon="12.5922106"/>
  <node id="4612847365" lat="55.6259601" lon="12.6243497"/>
  <node id="4612847379" lat="55.6253013" lon="12.6246724"/>
  <node id="4654760049" lat="55.6230731" lon="12.6188812"/>
  <node id="4659829617" lat="55.6231943" lon="12.6090709"/>
  <node id="4659829669" lat="55.6231480" lon="12.6128492"/>
  <node id="4662964504" lat="55.6367496" lon="12.6190268"/>
  <node id="4663427812" lat="55.6231230" lon="12.6148888"/>
  <node id="4663784546" lat="55.6350325" lon="12.6167791"/>
  <node id="4663863709" lat="55.6332403" lon="12.6035044"/>
  <node id="4663863907" lat="55.6334940" lon="12.6053864"/>
  <node id="4672227760" lat="55.6302836" lon="12.6679997"/>
  <node id="4675216745" lat="55.6392906" lon="12.6472089"/>
  <node id="4684360816" lat="55.6317628" lon="12.6214776"/>
  <node id="4689166392" lat="55.6340948" lon="12.6098369"/>
  <node id="4692369141" lat="55.6298232" lon="12.6500616">
    <tag k="button_operated" v="no"/>
    <tag k="crossing" v="traffic_signals"/>
    <tag k="crossing:markings" v="zebra"/>
    <tag k="highway" v="crossing"/>
    <tag k="tactile_paving" v="yes"/>
    <tag k="traffic_signals:sound" v="no"/>
  </node>
  <node id="4692369142" lat="55.6299352" lon="12.6500594">
    <tag k="button_operated" v="no"/>
    <tag k="crossing" v="traffic_signals"/>
    <tag k="crossing:markings" v="zebra"/>
    <tag k="highway" v="crossing"/>
    <tag k="tactile_paving" v="yes"/>
    <tag k="traffic_signals:sound" v="no"/>
    <tag k="traffic_signals:vibration" v="no"/>
  </node>
  <node id="4693993919" lat="55.5994442" lon="12.6030462"/>
  <node id="4693993926" lat="55.6037230" lon="12.6049118"/>
  <node id="4694407092" lat="55.6379133" lon="12.6378401"/>
  <node id="4694442443" lat="55.6294687" lon="12.6695956"/>
  <node id="4701994676" lat="55.6041876" lon="12.6615057"/>
  <node id="4702142541" lat="55.6381612" lon="12.6086586"/>
  <node id="4702143015" lat="55.6375798" lon="12.6089212"/>
  <node id="4702143056" lat="55.6373227" lon="12.6090299"/>
  <node id="4702143190" lat="55.6382100" lon="12.6086371"/>
  <node id="4702314637" lat="55.6193353" lon="12.6769034"/>
  <node id="4702314639" lat="55.6197220" lon="12.6767632"/>
  <node id="4702539164" lat="55.6141867" lon="12.6787284"/>
  <node id="4705729495" lat="55.6097761" lon="12.5934696"/>
  <node id="4706323304" lat="55.6389444" lon="12.6083137"/>
  <node id="4706323408" lat="55.6364538" lon="12.6093885">
    <tag k="crossing" v="uncontrolled"/>
    <tag k="crossing:island" v="yes"/>
    <tag k="crossing:markings" v="zebra"/>
    <tag k="flashing_lights" v="yes"/>
    <tag k="highway" v="crossing"/>
    <tag k="kerb" v="lowered"/>
    <tag k="tactile_paving" v="yes"/>
  </node>
  <node id="4706323409" lat="55.6399531" lon="12.6079130">
    <tag k="traffic_calming" v="table"/>
  </node>
  <node id="4706323410" lat="55.6409723" lon="12.6075014">
    <tag k="traffic_calming" v="table"/>
  </node>
  <node id="4706323411" lat="55.6422811" lon="12.6069747">
    <tag k="direction" v="both"/>
    <tag k="surface" v="asphalt"/>
    <tag k="traffic_calming" v="table"/>
  </node>
  <node id="4706323412" lat="55.6434753" lon="12.6065347">
    <tag k="traffic_calming" v="table"/>
  </node>
  <node id="4706323413" lat="55.6445856" lon="12.6060867">
    <tag k="traffic_calming" v="table"/>
  </node>
  <node id="4706323414" lat="55.6454368" lon="12.6057273">
    <tag k="traffic_calming" v="table"/>
  </node>
  <node id="4709903865" lat="55.6096951" lon="12.6163079"/>
  <node id="4709968633" lat="55.6073820" lon="12.6100234"/>
  <node id="4709968639" lat="55.6064783" lon="12.6079529"/>
  <node id="4709968674" lat="55.6065500" lon="12.6081026"/>
  <node id="4710851679" lat="55.6102785" lon="12.6088236"/>
  <node id="4710851903" lat="55.6091483" lon="12.6143725"/>
  <node id="4710851918" lat="55.6077477" lon="12.6110079"/>
  <node id="4710870029" lat="55.6133128" lon="12.6207432"/>
  <node id="4711344492" lat="55.5963979" lon="12.5994033"/>
  <node id="4711344503" lat="55.5963458" lon="12.5993222"/>
  <node id="4711344578" lat="55.5985995" lon="12.6025048"/>
  <node id="4711689719" lat="55.6362035" lon="12.6254076"/>
  <node id="4711689763" lat="55.6338949" lon="12.6256358"/>
  <node id="4712175280" lat="55.6452226" lon="12.6269298"/>
  <node id="4712175285" lat="55.6448582" lon="12.6274054"/>
  <node id="4712175296" lat="55.6448832" lon="12.6285719"/>
  <node id="4712175304" lat="55.6447187" lon="12.6285327"/>
  <node id="4712175328" lat="55.6455161" lon="12.6285913"/>
  <node id="4713276131" lat="55.6194313" lon="12.6275678"/>
  <node id="4713636662" lat="55.6142980" lon="12.6259852"/>
  <node id="4715398818" lat="55.6046071" lon="12.6055743"/>
  <node id="4715398837" lat="55.6026422" lon="12.6046882"/>
  <node id="4715398852" lat="55.6017110" lon="12.6042875"/>
  <node id="4718796276" lat="55.6428283" lon="12.6303451"/>
  <node id="4718796931" lat="55.6430131" lon="12.6300985"/>
  <node id="4719394895" lat="55.6421696" lon="12.6312862"/>
  <node id="4719395085" lat="55.6420971" lon="12.6313880"/>
  <node id="4721169575" lat="55.6334826" lon="12.6212633"/>
  <node id="4723964785" lat="55.6413867" lon="12.6167335"/>
  <node id="4725812249" lat="55.6421576" lon="12.6163523"/>
  <node id="4727652604" lat="55.6404051" lon="12.5991897"/>
  <node id="4727652851" lat="55.6406488" lon="12.5991080"/>
  <node id="4728543496" lat="55.6441098" lon="12.5915864"/>
  <node id="4734475440" lat="55.6140589" lon="12.6237671"/>
  <node id="4734509017" lat="55.6180858" lon="12.6282157"/>
  <node id="4736166184" lat="55.6384574" lon="12.6354117"/>
  <node id="4773582841" lat="55.6230103" lon="12.6239823"/>
  <node id="4773582843" lat="55.6230267" lon="12.6230053"/>
  <node id="4792747565" lat="55.6432322" lon="12.6402721">
    <tag k="crossing:island" v="yes"/>
    <tag k="crossing:markings" v="no"/>
    <tag k="crossing:signals" v="no"/>
    <tag k="highway" v="crossing"/>
    <tag k="tactile_paving" v="no"/>
  </node>
  <node id="4805885680" lat="55.6293888" lon="12.6287468"/>
  <node id="4805885681" lat="55.6294135" lon="12.6295344"/>
  <node id="4805885682" lat="55.6294638" lon="12.6294351"/>
  <node id="4805885683" lat="55.6294475" lon="12.6305054"/>
  <node id="4805885684" lat="55.6295400" lon="12.6317175"/>
  <node id="4805885692" lat="55.6295220" lon="12.6327358"/>
  <node id="4805885693" lat="55.6295568" lon="12.6322740"/>
  <node id="4805885699" lat="55.6298182" lon="12.6389547"/>
  <node id="4805885704" lat="55.6297574" lon="12.6390488"/>
  <node id="4805885707" lat="55.6295821" lon="12.6409936"/>
  <node id="4805952486" lat="55.6302373" lon="12.6454660"/>
  <node id="4805952487" lat="55.6301339" lon="12.6454294"/>
  <node id="4805952489" lat="55.6302838" lon="12.6441569"/>
  <node id="4805952490" lat="55.6301405" lon="12.6463280"/>
  <node id="4805952491" lat="55.6299006" lon="12.6475367"/>
  <node id="4805952494" lat="55.6299578" lon="12.6510907"/>
  <node id="4805952495" lat="55.6298390" lon="12.6509814"/>
  <node id="4870089391" lat="55.6303862" lon="12.6395036"/>
  <node id="4888382490" lat="55.6387480" lon="12.6486731"/>
  <node id="4888382491" lat="55.6400038" lon="12.6474885"/>
  <node id="4888485720" lat="55.6201163" lon="12.6272304"/>
  <node id="4888485821" lat="55.6208963" lon="12.6268458"/>
  <node id="4888485822" lat="55.6216380" lon="12.6264802"/>
  <node id="4888485826" lat="55.6225484" lon="12.6260315"/>
  <node id="4888485831" lat="55.6228481" lon="12.6258837"/>
  <node id="4888485832" lat="55.6238646" lon="12.6253851"/>
  <node id="4888485837" lat="55.6230269" lon="12.6254498"/>
  <node id="4888492151" lat="55.6244105" lon="12.6251147"/>
  <node id="4888492152" lat="55.6250876" lon="12.6247798"/>
  <node id="4888492153" lat="55.6271886" lon="12.6237431"/>
  <node id="4888553915" lat="55.6365839" lon="12.6281623"/>
  <node id="4888591186" lat="55.6277768" lon="12.6234541"/>
  <node id="4888598860" lat="55.6347417" lon="12.6200219"/>
  <node id="4888598861" lat="55.6352850" lon="12.6186432"/>
  <node id="4888598862" lat="55.6355602" lon="12.6207130"/>
  <node id="4888601070" lat="55.6370735" lon="12.6502183"/>
  <node id="4927554309" lat="55.6393898" lon="12.6452535"/>
  <node id="4929026768" lat="55.6354924" lon="12.6365183"/>
  <node id="4929026770" lat="55.6352809" lon="12.6372615"/>
  <node id="4933885716" lat="55.6323765" lon="12.6556022"/>
  <node id="4933885717" lat="55.6329319" lon="12.6556210"/>
  <node id="4933885719" lat="55.6328709" lon="12.6556291"/>
  <node id="4933885720" lat="55.6327952" lon="12.6556224">
    <tag k="highway" v="traffic_signals"/>
    <tag k="traffic_signals:direction" v="forward"/>
  </node>
  <node id="4933885921" lat="55.6326665" lon="12.6556331"/>
  <node id="4933885922" lat="55.6325842" lon="12.6556625"/>
  <node id="4933885923" lat="55.6324855" lon="12.6557069"/>
  <node id="4933885924" lat="55.6322887" lon="12.6558168"/>
  <node id="4933885925" lat="55.6329382" lon="12.6552544">
    <tag k="highway" v="traffic_signals"/>
    <tag k="traffic_signals:direction" v="forward"/>
  </node>
  <node id="4945266601" lat="55.6481867" lon="12.5921695"/>
  <node id="4960579147" lat="55.6298121" lon="12.6026887"/>
  <node id="4964730229" lat="55.6453623" lon="12.6057591"/>
  <node id="4983165812" lat="55.6329963" lon="12.6554715"/>
  <node id="4983165813" lat="55.6329529" lon="12.6555961"/>
  <node id="5091056446" lat="55.6232779" lon="12.6020334"/>
  <node id="5091056448" lat="55.6232756" lon="12.6022384"/>
  <node id="5091056450" lat="55.6232692" lon="12.6028152"/>
  <node id="5091056454" lat="55.6223734" lon="12.6047001"/>
  <node id="5091056611" lat="55.6256513" lon="12.6042336"/>
  <node id="5163905347" lat="55.6355486" lon="12.6206277"/>
  <node id="5163905351" lat="55.6354906" lon="12.6202011"/>
  <node id="5163905352" lat="55.6355375" lon="12.6205462"/>
  <node id="5163905359" lat="55.6355286" lon="12.6204805"/>
  <node id="5333000695" lat="55.6352445" lon="12.6364271">
    <tag k="button_operated" v="yes"/>
    <tag k="crossing" v="traffic_signals"/>
    <tag k="crossing:island" v="yes"/>
    <tag k="crossing:markings" v="zebra"/>
    <tag k="highway" v="crossing"/>
    <tag k="tactile_paving" v="yes"/>
  </node>
  <node id="5333000697" lat="55.6352684" lon="12.6358666"/>
  <node id="5333000698" lat="55.6352438" lon="12.6368570">
    <tag k="button_operated" v="yes"/>
    <tag k="crossing" v="traffic_signals"/>
    <tag k="crossing:island" v="yes"/>
    <tag k="crossing:markings" v="zebra"/>
    <tag k="highway" v="crossing"/>
    <tag k="tactile_paving" v="yes"/>
  </node>
  <node id="5333000699" lat="55.6353645" lon="12.6365639">
    <tag k="button_operated" v="yes"/>
    <tag k="crossing" v="traffic_signals"/>
    <tag k="crossing:island" v="yes"/>
    <tag k="crossing:markings" v="zebra"/>
    <tag k="highway" v="crossing"/>
    <tag k="tactile_paving" v="yes"/>
  </node>
  <node id="5333000700" lat="55.6352328" lon="12.6366189"/>
  <node id="5337952895" lat="55.6297719" lon="12.6264494"/>
  <node id="5340368816" lat="55.6233003" lon="12.5997935"/>
  <node id="5379933408" lat="55.6292584" lon="12.6278459"/>
  <node id="5379933409" lat="55.6293142" lon="12.6281015"/>
  <node id="5379933410" lat="55.6294587" lon="12.6277247"/>
  <node id="5379933415" lat="55.6297678" lon="12.6427671"/>
  <node id="5379948204" lat="55.6299728" lon="12.6516321"/>
  <node id="5379948205" lat="55.6298554" lon="12.6516501"/>
  <node id="5379948206" lat="55.6299924" lon="12.6521341">
    <tag k="crossing" v="traffic_signals"/>
    <tag k="crossing:island" v="yes"/>
    <tag k="crossing:markings" v="zebra"/>
    <tag k="highway" v="crossing"/>
    <tag k="tactile_paving" v="yes"/>
  </node>
  <node id="5379948207" lat="55.6298746" lon="12.6521475">
    <tag k="crossing" v="traffic_signals"/>
    <tag k="crossing:island" v="yes"/>
    <tag k="crossing:markings" v="zebra"/>
    <tag k="highway" v="crossing"/>
    <tag k="tactile_paving" v="yes"/>
  </node>
  <node id="5379948208" lat="55.6300929" lon="12.6534659">
    <tag k="crossing" v="traffic_signals"/>
    <tag k="crossing:markings" v="zebra"/>
    <tag k="highway" v="crossing"/>
    <tag k="tactile_paving" v="yes"/>
  </node>
  <node id="5379948209" lat="55.6299724" lon="12.6535069">
    <tag k="crossing" v="traffic_signals"/>
    <tag k="crossing:markings" v="zebra"/>
    <tag k="highway" v="crossing"/>
    <tag k="tactile_paving" v="yes"/>
  </node>
  <node id="5379948211" lat="55.6300326" lon="12.6539926">
    <tag k="crossing" v="traffic_signals"/>
    <tag k="crossing:markings" v="yes"/>
    <tag k="highway" v="crossing"/>
    <tag k="tactile_paving" v="yes"/>
  </node>
  <node id="5379948212" lat="55.6301476" lon="12.6539439">
    <tag k="crossing" v="traffic_signals"/>
    <tag k="crossing:markings" v="zebra"/>
    <tag k="highway" v="crossing"/>
    <tag k="tactile_paving" v="yes"/>
  </node>
  <node id="5382715388" lat="55.6302248" lon="12.6433972"/>
  <node id="5434289426" lat="55.6430258" lon="12.5984592"/>
  <node id="5443908827" lat="55.6454874" lon="12.6285935"/>
  <node id="5445185040" lat="55.6364451" lon="12.6362804"/>
  <node id="5445185047" lat="55.6357790" lon="12.6364447"/>
  <node id="5445485231" lat="55.6457214" lon="12.6262108"/>
  <node id="5445815422" lat="55.6354499" lon="12.6387699"/>
  <node id="5446264575" lat="55.6447745" lon="12.6285467"/>
  <node id="5446289918" lat="55.6442529" lon="12.6393773"/>
  <node id="5446290323" lat="55.6436992" lon="12.6399083"/>
  <node id="5446840973" lat="55.6385258" lon="12.6413671"/>
  <node id="5446840977" lat="55.6381476" lon="12.6411670"/>
  <node id="5446840984" lat="55.6380929" lon="12.6389294"/>
  <node id="5448974393" lat="55.6441678" lon="12.6284933"/>
  <node id="5448974395" lat="55.6439589" lon="12.6287364"/>
  <node id="5448974396" lat="55.6439623" lon="12.6287321"/>
  <node id="5449003901" lat="55.6460057" lon="12.6285113"/>
  <node id="5450247684" lat="55.6451604" lon="12.6270110"/>
  <node id="5450247690" lat="55.6450215" lon="12.6286013"/>
  <node id="5452022884" lat="55.6399621" lon="12.6174399"/>
  <node id="5452022896" lat="55.6342346" lon="12.6108735"/>
  <node id="5452022900" lat="55.6348985" lon="12.6157932"/>
  <node id="5452022908" lat="55.6345177" lon="12.6129633"/>
  <node id="5468248787" lat="55.6303242" lon="12.6550577"/>
  <node id="5480712675" lat="55.6411657" lon="12.6074253"/>
  <node id="5482637552" lat="55.6358603" lon="12.6194661"/>
  <node id="5484472756" lat="55.6339401" lon="12.6086843"/>
  <node id="5484499161" lat="55.6351080" lon="12.6198392"/>
  <node id="5484499169" lat="55.6345470" lon="12.6201120"/>
  <node id="5485200796" lat="55.6369380" lon="12.6306269"/>
  <node id="5487431873" lat="55.6411020" lon="12.6168753"/>
  <node id="5488872968" lat="55.6320336" lon="12.6014525"/>
  <node id="5499375149" lat="55.6300617" lon="12.6024744"/>
  <node id="5509087706" lat="55.6393925" lon="12.6480020"/>
  <node id="5515529381" lat="55.6484034" lon="12.5921854"/>
  <node id="5590202794" lat="55.6221327" lon="12.5904834"/>
  <node id="5590202795" lat="55.6220970" lon="12.5902556"/>
  <node id="5590202796" lat="55.6220076" lon="12.5897972"/>
  <node id="5590202813" lat="55.6220877" lon="12.5902058"/>
  <node id="5593831508" lat="55.6241293" lon="12.6252544"/>
  <node id="5593838588" lat="55.6232343" lon="12.6256941"/>
  <node id="5602579181" lat="55.6213145" lon="12.6266396"/>
  <node id="5616257945" lat="55.6199279" lon="12.6051761"/>
  <node id="5618440654" lat="55.6142247" lon="12.6254347"/>
  <node id="5618441968" lat="55.6150416" lon="12.6286031"/>
  <node id="5618442057" lat="55.6145937" lon="12.6273325"/>
  <node id="5623251683" lat="55.6330968" lon="12.6543597"/>
  <node id="5656944538" lat="55.6231343" lon="12.6139648"/>
  <node id="5659679848" lat="55.6128717" lon="12.6136577"/>
  <node id="5659681457" lat="55.6000956" lon="12.6033890"/>
  <node id="5659681459" lat="55.5997779" lon="12.6032142"/>
  <node id="5659681460" lat="55.6000083" lon="12.6033410"/>
  <node id="5659681467" lat="55.6006406" lon="12.6036888"/>
  <node id="5659681474" lat="55.5976754" lon="12.6016414"/>
  <node id="5659681481" lat="55.5978645" lon="12.6018258"/>
  <node id="5678186834" lat="55.6321490" lon="12.6643248"/>
  <node id="5678186850" lat="55.6129124" lon="12.6791698"/>
  <node id="5686595189" lat="55.6145477" lon="12.6271668"/>
  <node id="5709608418" lat="55.6011126" lon="12.6591879"/>
  <node id="5794539139" lat="55.6328641" lon="12.6710796"/>
  <node id="5794539148" lat="55.6332236" lon="12.6680746"/>
  <node id="5794539753" lat="55.6333638" lon="12.6679602"/>
  <node id="5794539761" lat="55.6308715" lon="12.6669466"/>
  <node id="5893167415" lat="55.6449350" lon="12.6059417"/>
  <node id="5903517786" lat="55.6095371" lon="12.6158091"/>
  <node id="5922587988" lat="55.6159487" lon="12.6292843"/>
  <node id="5938434576" lat="55.6206860" lon="12.6269506"/>
  <node id="5938498117" lat="55.6250567" lon="12.6043586"/>
  <node id="6167110462" lat="55.6352286" lon="12.6351302"/>
  <node id="6222213029" lat="55.6067161" lon="12.6623548"/>
  <node id="6292969891" lat="55.6396050" lon="12.6486915"/>
  <node id="6328317940" lat="55.6294259" lon="12.6282629">
    <tag k="crossing" v="marked"/>
    <tag k="crossing:island" v="yes"/>
    <tag k="crossing:markings" v="yes"/>
    <tag k="highway" v="crossing"/>
  </node>
  <node id="6328317941" lat="55.6293711" lon="12.6282701">
    <tag k="crossing" v="marked"/>
    <tag k="crossing:island" v="yes"/>
    <tag k="crossing:markings" v="yes"/>
    <tag k="highway" v="crossing"/>
  </node>
  <node id="6396634103" lat="55.5962984" lon="12.6316622"/>
  <node id="6396634104" lat="55.5962105" lon="12.6315281"/>
  <node id="6401425580" lat="55.6067456" lon="12.6704992"/>
  <node id="6402556680" lat="55.6375042" lon="12.6415234"/>
  <node id="6402556681" lat="55.6376258" lon="12.6414551"/>
  <node id="6402556682" lat="55.6367907" lon="12.6419619"/>
  <node id="6402556683" lat="55.6363740" lon="12.6422278"/>
  <node id="6448447785" lat="55.6299023" lon="12.6527471">
    <tag k="bus" v="yes"/>
    <tag k="name" v="Turistbusser"/>
    <tag k="name:en" v="Turist busses"/>
    <tag k="operator" v="Bornholmerbussen;Kombardo;Bus4you;Flixbus"/>
    <tag k="public_transport" v="stop_position"/>
    <tag k="route_ref" v="Flixbus 602, 613, 620, 621, 625, 628, 633, N613"/>
  </node>
  <node id="6700011362" lat="55.6303571" lon="12.6025188">
    <tag k="bus" v="yes"/>
    <tag k="name" v="Tårnby St."/>
    <tag k="network" v="Movia"/>
    <tag k="network:wikidata" v="Q3359392"/>
    <tag k="public_transport" v="stop_position"/>
  </node>
  <node id="6700011629" lat="55.6097635" lon="12.6146660">
    <tag k="bus" v="yes"/>
    <tag k="name" v="Tømmerup"/>
    <tag k="network" v="Movia"/>
    <tag k="network:wikidata" v="Q3359392"/>
    <tag k="public_transport" v="stop_position"/>
  </node>
  <node id="6700011630" lat="55.6160644" lon="12.6087429">
    <tag k="bus" v="yes"/>
    <tag k="name" v="Ingstrup Allé"/>
    <tag k="network" v="Movia"/>
    <tag k="network:wikidata" v="Q3359392"/>
    <tag k="public_transport" v="stop_position"/>
  </node>
  <node id="6700011631" lat="55.6190383" lon="12.6056617">
    <tag k="bus" v="yes"/>
    <tag k="name" v="Brønderslev Allé"/>
    <tag k="network" v="Movia"/>
    <tag k="network:wikidata" v="Q3359392"/>
    <tag k="public_transport" v="stop_position"/>
  </node>
  <node id="6700012624" lat="55.6234081" lon="12.6045917">
    <tag k="bus" v="yes"/>
    <tag k="name" v="Løjtegårdsvej"/>
    <tag k="network" v="Movia"/>
    <tag k="network:wikidata" v="Q3359392"/>
    <tag k="public_transport" v="stop_position"/>
  </node>
  <node id="6702759382" lat="55.6088022" lon="12.6152153">
    <tag k="bus" v="yes"/>
    <tag k="name" v="Tømmerup"/>
    <tag k="network" v="Movia"/>
    <tag k="network:wikidata" v="Q3359392"/>
    <tag k="public_transport" v="stop_position"/>
  </node>
  <node id="6703244446" lat="55.6158884" lon="12.6089507">
    <tag k="bus" v="yes"/>
    <tag k="name" v="Ingstrup Allé"/>
    <tag k="network" v="Movia"/>
    <tag k="network:wikidata" v="Q3359392"/>
    <tag k="public_transport" v="stop_position"/>
  </node>
  <node id="6703244447" lat="55.6181667" lon="12.6063279">
    <tag k="bus" v="yes"/>
    <tag k="name" v="Brønderslev Allé"/>
    <tag k="network" v="Movia"/>
    <tag k="network:wikidata" v="Q3359392"/>
    <tag k="public_transport" v="stop_position"/>
  </node>
  <node id="6703244449" lat="55.6228404" lon="12.6046293">
    <tag k="bus" v="yes"/>
    <tag k="name" v="Løjtegårdsvej"/>
    <tag k="network" v="Movia"/>
    <tag k="network:wikidata" v="Q3359392"/>
    <tag k="public_transport" v="stop_position"/>
  </node>
  <node id="6707843324" lat="55.5990440" lon="12.6585465">
    <tag k="bus" v="yes"/>
    <tag k="name" v="Køjevænget"/>
    <tag k="network" v="Movia"/>
    <tag k="network:wikidata" v="Q3359392"/>
    <tag k="public_transport" v="stop_position"/>
  </node>
  <node id="6707843326" lat="55.5958654" lon="12.6581431">
    <tag k="bus" v="yes"/>
    <tag k="name" v="Magleby Torv"/>
    <tag k="network" v="Movia"/>
    <tag k="network:wikidata" v="Q3359392"/>
    <tag k="public_transport" v="stop_position"/>
  </node>
  <node id="6732345628" lat="55.5960879" lon="12.6581675">
    <tag k="bus" v="yes"/>
    <tag k="name" v="Magleby Torv"/>
    <tag k="network" v="Movia"/>
    <tag k="network:wikidata" v="Q3359392"/>
    <tag k="public_transport" v="stop_position"/>
  </node>
  <node id="6732345630" lat="55.5986915" lon="12.6585011">
    <tag k="bus" v="yes"/>
    <tag k="name" v="Køjevænget"/>
    <tag k="network" v="Movia"/>
    <tag k="network:wikidata" v="Q3359392"/>
    <tag k="public_transport" v="stop_position"/>
  </node>
  <node id="6738387964" lat="55.6309219" lon="12.6573744"/>
  <node id="6738387965" lat="55.6263792" lon="12.6744252">
    <tag k="bus" v="yes"/>
    <tag k="name" v="DSB Hallen"/>
    <tag k="network" v="Movia"/>
    <tag k="network:wikidata" v="Q3359392"/>
    <tag k="public_transport" v="stop_position"/>
  </node>
  <node id="6738387968" lat="55.6062596" lon="12.6614171">
    <tag k="bus" v="yes"/>
    <tag k="name" v="A. P. Møllers Allé, Kystvejen"/>
    <tag k="network" v="Movia"/>
    <tag k="network:wikidata" v="Q3359392"/>
    <tag k="public_transport" v="stop_position"/>
  </node>
  <node id="6738889672" lat="55.6094286" lon="12.6154498">
    <tag k="bus" v="yes"/>
    <tag k="name" v="Tømmerup"/>
    <tag k="network" v="Movia"/>
    <tag k="network:wikidata" v="Q3359392"/>
    <tag k="public_transport" v="stop_position"/>
  </node>
  <node id="6738889674" lat="55.6115396" lon="12.6187122">
    <tag k="bus" v="yes"/>
    <tag k="name" v="Høgsbrovej"/>
    <tag k="network" v="Movia"/>
    <tag k="network:wikidata" v="Q3359392"/>
    <tag k="public_transport" v="stop_position"/>
  </node>
  <node id="6738978976" lat="55.6141472" lon="12.6246577">
    <tag k="bus" v="yes"/>
    <tag k="name" v="Østbirk Allé"/>
    <tag k="network" v="Movia"/>
    <tag k="network:wikidata" v="Q3359392"/>
    <tag k="public_transport" v="stop_position"/>
  </node>
  <node id="6738978977" lat="55.6158180" lon="12.6293487">
    <tag k="bus" v="yes"/>
    <tag k="name" v="Tømmerup Stationsvej"/>
    <tag k="network" v="Movia"/>
    <tag k="network:wikidata" v="Q3359392"/>
    <tag k="public_transport" v="stop_position"/>
  </node>
  <node id="6738978978" lat="55.6192761" lon="12.6276443">
    <tag k="bus" v="yes"/>
    <tag k="name" v="Højskole Allé"/>
    <tag k="network" v="Movia"/>
    <tag k="network:wikidata" v="Q3359392"/>
    <tag k="public_transport" v="stop_position"/>
  </node>
  <node id="6738978979" lat="55.6234063" lon="12.6256099">
    <tag k="bus" v="yes"/>
    <tag k="name" v="Løjtegårdsvej"/>
    <tag k="network" v="Movia"/>
    <tag k="network:wikidata" v="Q3359392"/>
    <tag k="public_transport" v="stop_position"/>
  </node>
  <node id="6738978980" lat="55.6264502" lon="12.6241092">
    <tag k="bus" v="yes"/>
    <tag k="name" v="Maglebo"/>
    <tag k="network" v="Movia"/>
    <tag k="network:wikidata" v="Q3359392"/>
    <tag k="public_transport" v="stop_position"/>
  </node>
  <node id="6738978982" lat="55.6281698" lon="12.6232603">
    <tag k="bus" v="yes"/>
    <tag k="name" v="Skyttehøj"/>
    <tag k="network" v="Movia"/>
    <tag k="network:wikidata" v="Q3359392"/>
    <tag k="public_transport" v="stop_position"/>
  </node>
  <node id="6738978983" lat="55.6324941" lon="12.6211111">
    <tag k="bus" v="yes"/>
    <tag k="name" v="Gammel Kirkevej"/>
    <tag k="network" v="Movia"/>
    <tag k="network:wikidata" v="Q3359392"/>
    <tag k="public_transport" v="stop_position"/>
  </node>
  <node id="6739053728" lat="55.6359060" lon="12.6194435">
    <tag k="bus" v="yes"/>
    <tag k="name" v="Korsvejens Skole"/>
    <tag k="network" v="Movia"/>
    <tag k="network:wikidata" v="Q3359392"/>
    <tag k="public_transport" v="stop_position"/>
  </node>
  <node id="6739053730" lat="55.6378494" lon="12.6184909">
    <tag k="bus" v="yes"/>
    <tag k="name" v="Randkløve Allé"/>
    <tag k="network" v="Movia"/>
    <tag k="network:wikidata" v="Q3359392"/>
    <tag k="public_transport" v="stop_position"/>
  </node>
  <node id="6739053732" lat="55.6401135" lon="12.6173651">
    <tag k="bus" v="yes"/>
    <tag k="name" v="Willumsvej"/>
    <tag k="network" v="Movia"/>
    <tag k="network:wikidata" v="Q3359392"/>
    <tag k="public_transport" v="stop_position"/>
  </node>
  <node id="6739053733" lat="55.6442614" lon="12.6153076">
    <tag k="bus" v="yes"/>
    <tag k="name" v="Vejlands Allé"/>
    <tag k="network" v="Movia"/>
    <tag k="network:wikidata" v="Q3359392"/>
    <tag k="public_transport" v="stop_position"/>
  </node>
  <node id="6742010576" lat="55.6443370" lon="12.6152688">
    <tag k="bus" v="yes"/>
    <tag k="name" v="Vejlands Allé"/>
    <tag k="network" v="Movia"/>
    <tag k="network:wikidata" v="Q3359392"/>
    <tag k="public_transport" v="stop_position"/>
  </node>
  <node id="6742010578" lat="55.6398053" lon="12.6175174">
    <tag k="bus" v="yes"/>
    <tag k="name" v="Willumsvej"/>
    <tag k="network" v="Movia"/>
    <tag k="network:wikidata" v="Q3359392"/>
    <tag k="public_transport" v="stop_position"/>
  </node>
  <node id="6742010579" lat="55.6377044" lon="12.6185606">
    <tag k="bus" v="yes"/>
    <tag k="name" v="Randkløve Allé"/>
    <tag k="network" v="Movia"/>
    <tag k="network:wikidata" v="Q3359392"/>
    <tag k="public_transport" v="stop_position"/>
  </node>
  <node id="6742010580" lat="55.6350505" lon="12.6198679">
    <tag k="bus" v="yes"/>
    <tag k="name" v="Korsvejens Skole"/>
    <tag k="network" v="Movia"/>
    <tag k="network:wikidata" v="Q3359392"/>
    <tag k="public_transport" v="stop_position"/>
  </node>
  <node id="6742010582" lat="55.6319611" lon="12.6213775">
    <tag k="bus" v="yes"/>
    <tag k="name" v="Gammel Kirkevej"/>
    <tag k="network" v="Movia"/>
    <tag k="network:wikidata" v="Q3359392"/>
    <tag k="public_transport" v="stop_position"/>
  </node>
  <node id="6742094219" lat="55.6277886" lon="12.6234483">
    <tag k="bus" v="yes"/>
    <tag k="name" v="Skyttehøj"/>
    <tag k="network" v="Movia"/>
    <tag k="network:wikidata" v="Q3359392"/>
    <tag k="public_transport" v="stop_position"/>
  </node>
  <node id="6742102105" lat="55.6257777" lon="12.6244396">
    <tag k="bus" v="yes"/>
    <tag k="name" v="Maglebo"/>
    <tag k="network" v="Movia"/>
    <tag k="network:wikidata" v="Q3359392"/>
    <tag k="public_transport" v="stop_position"/>
  </node>
  <node id="6742102106" lat="55.6225948" lon="12.6260086">
    <tag k="bus" v="yes"/>
    <tag k="name" v="Løjtegårdsvej"/>
    <tag k="network" v="Movia"/>
    <tag k="network:wikidata" v="Q3359392"/>
    <tag k="public_transport" v="stop_position"/>
  </node>
  <node id="6742114292" lat="55.6195619" lon="12.6275035">
    <tag k="bus" v="yes"/>
    <tag k="name" v="Højskole Allé"/>
    <tag k="network" v="Movia"/>
    <tag k="network:wikidata" v="Q3359392"/>
    <tag k="public_transport" v="stop_position"/>
  </node>
  <node id="6744106593" lat="55.6159794" lon="12.6292692">
    <tag k="bus" v="yes"/>
    <tag k="name" v="Tømmerup Stationsvej"/>
    <tag k="network" v="Movia"/>
    <tag k="network:wikidata" v="Q3359392"/>
    <tag k="public_transport" v="stop_position"/>
  </node>
  <node id="6744106594" lat="55.6140796" lon="12.6239757">
    <tag k="bus" v="yes"/>
    <tag k="name" v="Østbirk Allé"/>
    <tag k="network" v="Movia"/>
    <tag k="network:wikidata" v="Q3359392"/>
    <tag k="public_transport" v="stop_position"/>
  </node>
  <node id="6744106596" lat="55.6111299" lon="12.6182930">
    <tag k="bus" v="yes"/>
    <tag k="name" v="Høgsbrovej"/>
    <tag k="network" v="Movia"/>
    <tag k="network:wikidata" v="Q3359392"/>
    <tag k="public_transport" v="stop_position"/>
  </node>
  <node id="6753623220" lat="55.6061847" lon="12.6614197">
    <tag k="bus" v="yes"/>
    <tag k="name" v="A. P. Møllers Allé, Kystvejen"/>
    <tag k="network" v="Movia"/>
    <tag k="network:wikidata" v="Q3359392"/>
    <tag k="public_transport" v="stop_position"/>
  </node>
  <node id="6753632168" lat="55.6312602" lon="12.6580838">
    <tag k="bus" v="yes"/>
    <tag k="name" v="Cirklen"/>
    <tag k="network" v="Movia"/>
    <tag k="network:wikidata" v="Q3359392"/>
    <tag k="public_transport" v="stop_position"/>
  </node>
  <node id="6753632169" lat="55.6299347" lon="12.6497314">
    <tag k="bus" v="yes"/>
    <tag k="name" v="Lufthavnen, Ellehammersvej"/>
    <tag k="network" v="Movia"/>
    <tag k="network:wikidata" v="Q3359392"/>
    <tag k="public_transport" v="stop_position"/>
  </node>
  <node id="6881411860" lat="55.6429617" lon="12.5984660">
    <tag k="bus" v="yes"/>
    <tag k="highway" v="bus_stop"/>
    <tag k="name" v="Vejlands Allé"/>
    <tag k="network" v="Movia"/>
    <tag k="network:wikidata" v="Q3359392"/>
    <tag k="network:wikipedia" v="da:Movia"/>
    <tag k="public_transport" v="stop_position"/>
  </node>
  <node id="6881411861" lat="55.6424314" lon="12.5920165">
    <tag k="bus" v="yes"/>
    <tag k="name" v="Røde Mellemvej"/>
    <tag k="network" v="Movia"/>
    <tag k="network:wikidata" v="Q3359392"/>
    <tag k="public_transport" v="stop_position"/>
  </node>
  <node id="6888720760" lat="55.6420154" lon="12.5913638">
    <tag k="bus" v="yes"/>
    <tag k="highway" v="bus_stop"/>
    <tag k="name" v="Vejlands Allé"/>
    <tag k="network" v="Movia"/>
    <tag k="network:wikidata" v="Q3359392"/>
    <tag k="network:wikipedia" v="da:Movia"/>
    <tag k="public_transport" v="stop_position"/>
  </node>
  <node id="6888720761" lat="55.6425549" lon="12.5976290">
    <tag k="bus" v="yes"/>
    <tag k="name" v="Englandsvej"/>
    <tag k="network" v="Movia"/>
    <tag k="network:wikidata" v="Q3359392"/>
    <tag k="public_transport" v="stop_position"/>
  </node>
  <node id="6888720762" lat="55.6458475" lon="12.5981389">
    <tag k="bus" v="yes"/>
    <tag k="highway" v="bus_stop"/>
    <tag k="name" v="Sundbyvestervej"/>
    <tag k="network" v="Movia"/>
    <tag k="network:wikidata" v="Q3359392"/>
    <tag k="network:wikipedia" v="da:Movia"/>
    <tag k="public_transport" v="stop_position"/>
  </node>
  <node id="6897896805" lat="55.6343725" lon="12.6118914">
    <tag k="bus" v="yes"/>
    <tag k="name" v="Irlandsvej"/>
    <tag k="network" v="Movia"/>
    <tag k="network:wikidata" v="Q3359392"/>
    <tag k="public_transport" v="stop_position"/>
  </node>
  <node id="6898281982" lat="55.6339829" lon="12.6090032">
    <tag k="bus" v="yes"/>
    <tag k="highway" v="bus_stop"/>
    <tag k="name" v="Irlandsvej"/>
    <tag k="network" v="Movia"/>
    <tag k="network:wikidata" v="Q3359392"/>
    <tag k="network:wikipedia" v="da:Movia"/>
    <tag k="public_transport" v="stop_position"/>
  </node>
  <node id="6898281983" lat="55.6352940" lon="12.6187125">
    <tag k="bus" v="yes"/>
    <tag k="name" v="Korsvejens Skole"/>
    <tag k="network" v="Movia"/>
    <tag k="network:wikidata" v="Q3359392"/>
    <tag k="public_transport" v="stop_position"/>
  </node>
  <node id="6900104544" lat="55.6298383" lon="12.6509513">
    <tag k="bus" v="yes"/>
    <tag k="highway" v="bus_stop"/>
    <tag k="name" v="Københavns Lufthavn"/>
    <tag k="network" v="Movia"/>
    <tag k="network:wikidata" v="Q3359392"/>
    <tag k="public_transport" v="stop_position"/>
  </node>
  <node id="6900294778" lat="55.6391693" lon="12.6462643">
    <tag k="bus" v="yes"/>
    <tag k="highway" v="bus_stop"/>
    <tag k="name" v="Søvang Allé"/>
    <tag k="network" v="Movia"/>
    <tag k="network:wikidata" v="Q3359392"/>
    <tag k="network:wikipedia" v="da:Movia"/>
    <tag k="public_transport" v="stop_position"/>
  </node>
  <node id="6900294779" lat="55.6368140" lon="12.6504735">
    <tag k="bus" v="yes"/>
    <tag k="name" v="Den Blå Planet"/>
    <tag k="network" v="Movia"/>
    <tag k="network:wikidata" v="Q3359392"/>
    <tag k="public_transport" v="stop_position"/>
  </node>
  <node id="6900294780" lat="55.6339034" lon="12.6531663">
    <tag k="bus" v="yes"/>
    <tag k="name" v="Skøjtevej"/>
    <tag k="network" v="Movia"/>
    <tag k="network:wikidata" v="Q3359392"/>
    <tag k="public_transport" v="stop_position"/>
  </node>
  <node id="6900616865" lat="55.6364071" lon="12.6269136">
    <tag k="bus" v="yes"/>
    <tag k="name" v="Mosrosevej"/>
    <tag k="network" v="Movia"/>
    <tag k="network:wikidata" v="Q3359392"/>
    <tag k="public_transport" v="stop_position"/>
  </node>
  <node id="6900616866" lat="55.6375879" lon="12.6353676">
    <tag k="bus" v="yes"/>
    <tag k="highway" v="bus_stop"/>
    <tag k="name" v="Skottegårdsskolen"/>
    <tag k="network" v="Movia"/>
    <tag k="network:wikidata" v="Q3359392"/>
    <tag k="network:wikipedia" v="da:Movia"/>
    <tag k="public_transport" v="stop_position"/>
    <tag k="wheelchair" v="limited"/>
  </node>
  <node id="6900616867" lat="55.6385569" lon="12.6415530">
    <tag k="bus" v="yes"/>
    <tag k="name" v="Kastruplundgade"/>
    <tag k="network" v="Movia"/>
    <tag k="network:wikidata" v="Q3359392"/>
    <tag k="public_transport" v="stop_position"/>
  </node>
  <node id="6906222091" lat="55.6360990" lon="12.6511197">
    <tag k="bus" v="yes"/>
    <tag k="name" v="Den Blå Planet"/>
    <tag k="network" v="Movia"/>
    <tag k="network:wikidata" v="Q3359392"/>
    <tag k="public_transport" v="stop_position"/>
  </node>
  <node id="6906222092" lat="55.6386147" lon="12.6419803">
    <tag k="bus" v="yes"/>
    <tag k="name" v="Kastruplundgade"/>
    <tag k="network" v="Movia"/>
    <tag k="network:wikidata" v="Q3359392"/>
    <tag k="public_transport" v="stop_position"/>
  </node>
  <node id="6906222093" lat="55.6377472" lon="12.6368685">
    <tag k="bus" v="yes"/>
    <tag k="name" v="Skottegårdsskolen"/>
    <tag k="network" v="Movia"/>
    <tag k="network:wikidata" v="Q3359392"/>
    <tag k="public_transport" v="stop_position"/>
  </node>
  <node id="6906222094" lat="55.6365806" lon="12.6281393">
    <tag k="bus" v="yes"/>
    <tag k="highway" v="bus_stop"/>
    <tag k="name" v="Mosrosevej"/>
    <tag k="network" v="Movia"/>
    <tag k="network:wikidata" v="Q3359392"/>
    <tag k="network:wikipedia" v="da:Movia"/>
    <tag k="public_transport" v="stop_position"/>
  </node>
  <node id="6906222095" lat="55.6355444" lon="12.6205972">
    <tag k="bus" v="yes"/>
    <tag k="name" v="Korsvejens Skole"/>
    <tag k="network" v="Movia"/>
    <tag k="network:wikidata" v="Q3359392"/>
    <tag k="public_transport" v="stop_position"/>
  </node>
  <node id="6938296968" lat="55.6354017" lon="12.6007279">
    <tag k="button_operated" v="yes"/>
    <tag k="check_date:traffic_signals:sound" v="2026-03-19"/>
    <tag k="crossing" v="traffic_signals"/>
    <tag k="crossing:markings" v="zebra"/>
    <tag k="highway" v="crossing"/>
    <tag k="tactile_paving" v="yes"/>
    <tag k="traffic_signals:sound" v="no"/>
    <tag k="traffic_signals:vibration" v="no"/>
  </node>
  <node id="6952474335" lat="55.6423233" lon="12.5914209">
    <tag k="button_operated" v="no"/>
    <tag k="crossing" v="traffic_signals"/>
    <tag k="crossing:island" v="yes"/>
    <tag k="highway" v="crossing"/>
    <tag k="tactile_paving" v="no"/>
    <tag k="traffic_signals:sound" v="no"/>
  </node>
  <node id="6952474345" lat="55.6425465" lon="12.5916768">
    <tag k="button_operated" v="no"/>
    <tag k="crossing" v="traffic_signals"/>
    <tag k="highway" v="crossing"/>
    <tag k="traffic_signals:sound" v="no"/>
  </node>
  <node id="6952474346" lat="55.6424303" lon="12.5916609">
    <tag k="button_operated" v="no"/>
    <tag k="crossing" v="traffic_signals"/>
    <tag k="highway" v="crossing"/>
    <tag k="traffic_signals:sound" v="no"/>
  </node>
  <node id="6952474352" lat="55.6424000" lon="12.5911577">
    <tag k="button_operated" v="no"/>
    <tag k="crossing" v="traffic_signals"/>
    <tag k="highway" v="crossing"/>
    <tag k="tactile_paving" v="no"/>
    <tag k="traffic_signals:sound" v="no"/>
    <tag k="traffic_signals:vibration" v="no"/>
  </node>
  <node id="6952474353" lat="55.6425287" lon="12.5911712">
    <tag k="button_operated" v="no"/>
    <tag k="crossing" v="traffic_signals"/>
    <tag k="highway" v="crossing"/>
    <tag k="tactile_paving" v="no"/>
    <tag k="traffic_signals:sound" v="no"/>
    <tag k="traffic_signals:vibration" v="no"/>
  </node>
  <node id="6952502096" lat="55.6297148" lon="12.6397992">
    <tag k="button_operated" v="yes"/>
    <tag k="crossing" v="traffic_signals"/>
    <tag k="highway" v="crossing"/>
    <tag k="tactile_paving" v="no"/>
    <tag k="traffic_signals:sound" v="no"/>
    <tag k="traffic_signals:vibration" v="yes"/>
  </node>
  <node id="6952502097" lat="55.6296697" lon="12.6397836">
    <tag k="button_operated" v="yes"/>
    <tag k="crossing" v="traffic_signals"/>
    <tag k="highway" v="crossing"/>
    <tag k="tactile_paving" v="no"/>
    <tag k="traffic_signals:sound" v="no"/>
    <tag k="traffic_signals:vibration" v="yes"/>
  </node>
  <node id="6952511043" lat="55.6094591" lon="12.6149212">
    <tag k="button_operated" v="yes"/>
    <tag k="crossing" v="traffic_signals"/>
    <tag k="highway" v="crossing"/>
    <tag k="tactile_paving" v="no"/>
    <tag k="traffic_signals:sound" v="no"/>
    <tag k="traffic_signals:vibration" v="no"/>
  </node>
  <node id="6952511044" lat="55.6094240" lon="12.6147770">
    <tag k="button_operated" v="yes"/>
    <tag k="crossing" v="traffic_signals"/>
    <tag k="highway" v="crossing"/>
    <tag k="tactile_paving" v="no"/>
    <tag k="traffic_signals:sound" v="no"/>
    <tag k="traffic_signals:vibration" v="no"/>
  </node>
  <node id="6952531497" lat="55.6313933" lon="12.6015221">
    <tag k="crossing" v="traffic_signals"/>
    <tag k="highway" v="crossing"/>
    <tag k="tactile_paving" v="no"/>
  </node>
  <node id="6972017030" lat="55.6444865" lon="12.6279470">
    <tag k="bus" v="yes"/>
    <tag k="name" v="Postparken"/>
    <tag k="network" v="Movia"/>
    <tag k="network:wikidata" v="Q3359392"/>
    <tag k="public_transport" v="stop_position"/>
  </node>
  <node id="6985392400" lat="55.6372532" lon="12.6000845"/>
  <node id="6985392401" lat="55.6337627" lon="12.6016308"/>
  <node id="6985392404" lat="55.6381912" lon="12.6394517"/>
  <node id="6985392405" lat="55.6381483" lon="12.6392425"/>
  <node id="6985968251" lat="55.6391309" lon="12.6178505"/>
  <node id="6988419163" lat="55.6344069" lon="12.6293850"/>
  <node id="6988419171" lat="55.6389783" lon="12.6448371"/>
  <node id="6988428898" lat="55.6370465" lon="12.6188788"/>
  <node id="6988428914" lat="55.6411226" lon="12.6168651"/>
  <node id="6988428915" lat="55.6407153" lon="12.6170656"/>
  <node id="7025780531" lat="55.6302988" lon="12.6562442"/>
  <node id="7025780532" lat="55.6306660" lon="12.6558228"/>
  <node id="7025780533" lat="55.6307792" lon="12.6559157"/>
  <node id="7025780534" lat="55.6308861" lon="12.6561779"/>
  <node id="7025780535" lat="55.6308560" lon="12.6566054"/>
  <node id="7025823225" lat="55.6295555" lon="12.6416232"/>
  <node id="7025823226" lat="55.6297404" lon="12.6420276"/>
  <node id="7059677290" lat="55.6310392" lon="12.6019210"/>
  <node id="7059677293" lat="55.6167311" lon="12.5926731"/>
  <node id="7061726968" lat="55.6122100" lon="12.6193985"/>
  <node id="7061726969" lat="55.5950011" lon="12.5981453">
    <tag k="traffic_calming" v="hump"/>
  </node>
  <node id="7061726973" lat="55.5972286" lon="12.6009519"/>
  <node id="7061726974" lat="55.5971786" lon="12.6008575"/>
  <node id="7100236634" lat="55.6109489" lon="12.6137166"/>
  <node id="7100236643" lat="55.6177525" lon="12.6067328"/>
  <node id="7123959176" lat="55.6415068" lon="12.5869040">
    <tag k="bus" v="yes"/>
    <tag k="name" v="Digevej"/>
    <tag k="network" v="Movia"/>
    <tag k="network:wikidata" v="Q3359392"/>
    <tag k="public_transport" v="stop_position"/>
  </node>
  <node id="7123959180" lat="55.6425008" lon="12.5908699">
    <tag k="bus" v="yes"/>
    <tag k="name" v="Røde Mellemvej"/>
    <tag k="network" v="Movia"/>
    <tag k="network:wikidata" v="Q3359392"/>
    <tag k="public_transport" v="stop_position"/>
  </node>
  <node id="7123980890" lat="55.6457412" lon="12.6146032">
    <tag k="bus" v="yes"/>
    <tag k="name" v="Sundbyvester Plads"/>
    <tag k="network" v="Movia"/>
    <tag k="network:wikidata" v="Q3359392"/>
    <tag k="public_transport" v="stop_position"/>
  </node>
  <node id="7155132864" lat="55.6340610" lon="12.6095854"/>
  <node id="7155132896" lat="55.6349543" lon="12.6100258"/>
  <node id="7155132897" lat="55.6350789" lon="12.6099709"/>
  <node id="7424992234" lat="55.6441320" lon="12.5983360"/>
  <node id="7430443424" lat="55.6419805" lon="12.5891629"/>
  <node id="7447554365" lat="55.6382762" lon="12.5997992"/>
  <node id="7449154420" lat="55.6357136" lon="12.6411059"/>
  <node id="7449154435" lat="55.6362453" lon="12.6423124"/>
  <node id="7449330874" lat="55.6353073" lon="12.6375208"/>
  <node id="7450417804" lat="55.6101944" lon="12.5934743"/>
  <node id="7452758445" lat="55.6337500" lon="12.6243620"/>
  <node id="7452758450" lat="55.6338472" lon="12.6252783"/>
  <node id="7452758456" lat="55.6338189" lon="12.6250560"/>
  <node id="7464942696" lat="55.6044174" lon="12.5891753"/>
  <node id="7740735204" lat="55.6429807" lon="12.6159479"/>
  <node id="7740735205" lat="55.6432047" lon="12.6158388"/>
  <node id="7877743747" lat="55.6299942" lon="12.6521691">
    <tag k="highway" v="traffic_signals"/>
    <tag k="traffic_signals" v="traffic_lights"/>
    <tag k="traffic_signals:direction" v="forward"/>
  </node>
  <node id="7877743748" lat="55.6298600" lon="12.6517989">
    <tag k="highway" v="traffic_signals"/>
    <tag k="traffic_signals" v="traffic_lights"/>
    <tag k="traffic_signals:direction" v="forward"/>
  </node>
  <node id="7877804343" lat="55.6295422" lon="12.6343484"/>
  <node id="7877804344" lat="55.6296101" lon="12.6338334"/>
  <node id="7877804345" lat="55.6296117" lon="12.6339702"/>
  <node id="7877804346" lat="55.6295920" lon="12.6343095"/>
  <node id="7877804347" lat="55.6295927" lon="12.6344503"/>
  <node id="7877804348" lat="55.6296896" lon="12.6373190"/>
  <node id="7877804349" lat="55.6297078" lon="12.6374692"/>
  <node id="7877804350" lat="55.6297373" lon="12.6376113"/>
  <node id="7877804351" lat="55.6298130" lon="12.6378568"/>
  <node id="7877804352" lat="55.6298425" lon="12.6379694"/>
  <node id="7877804354" lat="55.6298842" lon="12.6382792"/>
  <node id="7877804355" lat="55.6298815" lon="12.6384060"/>
  <node id="7877804356" lat="55.6298342" lon="12.6383704"/>
  <node id="7877804357" lat="55.6297941" lon="12.6380137"/>
  <node id="7877804358" lat="55.6297411" lon="12.6378272"/>
  <node id="7877804359" lat="55.6296843" lon="12.6376462"/>
  <node id="7877804360" lat="55.6296503" lon="12.6374558"/>
  <node id="7877804361" lat="55.6296344" lon="12.6372533"/>
  <node id="7877804362" lat="55.6295564" lon="12.6340976"/>
  <node id="7877804363" lat="55.6295617" lon="12.6338810"/>
  <node id="7908800931" lat="55.6062055" lon="12.6074204"/>
  <node id="7908800937" lat="55.6090856" lon="12.6141275"/>
  <node id="7908800949" lat="55.6090606" lon="12.6140298"/>
  <node id="7908800950" lat="55.6085994" lon="12.6153639"/>
  <node id="7908800951" lat="55.6060972" lon="12.6174036"/>
  <node id="7908800952" lat="55.6054434" lon="12.6180124"/>
  <node id="8021083846" lat="55.6050511" lon="12.6614848"/>
  <node id="8441631637" lat="55.6228282" lon="12.6258961">
    <tag k="highway" v="traffic_signals"/>
    <tag k="traffic_signals" v="traffic_lights"/>
    <tag k="traffic_signals:direction" v="forward"/>
  </node>
  <node id="8441631638" lat="55.6230241" lon="12.6257970"/>
  <node id="8441631641" lat="55.6231903" lon="12.6257156">
    <tag k="highway" v="traffic_signals"/>
    <tag k="traffic_signals" v="traffic_lights"/>
    <tag k="traffic_signals:direction" v="backward"/>
  </node>
  <node id="8441631643" lat="55.6129941" lon="12.6121374"/>
  <node id="8441631644" lat="55.6127863" lon="12.6124155"/>
  <node id="8441631645" lat="55.6125560" lon="12.6126435"/>
  <node id="8441631646" lat="55.6122877" lon="12.6128469"/>
  <node id="8441631647" lat="55.6124546" lon="12.6127168"/>
  <node id="8441631648" lat="55.6125041" lon="12.6124844"/>
  <node id="8441631649" lat="55.6119043" lon="12.6131489"/>
  <node id="8441631650" lat="55.6109627" lon="12.6137873"/>
  <node id="8441631651" lat="55.6126780" lon="12.6123612">
    <tag k="highway" v="traffic_signals"/>
    <tag k="traffic_signals" v="traffic_lights"/>
    <tag k="traffic_signals:direction" v="forward"/>
  </node>
  <node id="8441631652" lat="55.6123998" lon="12.6127595">
    <tag k="highway" v="traffic_signals"/>
    <tag k="traffic_signals" v="traffic_lights"/>
    <tag k="traffic_signals:direction" v="forward"/>
  </node>
  <node id="8441631653" lat="55.6126313" lon="12.6128854">
    <tag k="highway" v="traffic_signals"/>
    <tag k="traffic_signals" v="traffic_lights"/>
    <tag k="traffic_signals:direction" v="backward"/>
  </node>
  <node id="8441631654" lat="55.6124482" lon="12.6123115">
    <tag k="highway" v="traffic_signals"/>
    <tag k="traffic_signals" v="traffic_lights"/>
    <tag k="traffic_signals:direction" v="forward"/>
  </node>
  <node id="8441631655" lat="55.6123178" lon="12.6119084"/>
  <node id="8441631656" lat="55.6124608" lon="12.6123506">
    <tag k="button_operated" v="yes"/>
    <tag k="crossing" v="traffic_signals"/>
    <tag k="crossing:island" v="no"/>
    <tag k="highway" v="crossing"/>
    <tag k="tactile_paving" v="yes"/>
    <tag k="traffic_signals:sound" v="yes"/>
    <tag k="traffic_signals:vibration" v="no"/>
  </node>
  <node id="8441631657" lat="55.6126057" lon="12.6128033">
    <tag k="button_operated" v="yes"/>
    <tag k="crossing" v="traffic_signals"/>
    <tag k="crossing:island" v="no"/>
    <tag k="highway" v="crossing"/>
    <tag k="tactile_paving" v="yes"/>
    <tag k="traffic_signals:sound" v="yes"/>
    <tag k="traffic_signals:vibration" v="no"/>
  </node>
  <node id="8441631658" lat="55.6126266" lon="12.6123976">
    <tag k="button_operated" v="yes"/>
    <tag k="crossing" v="traffic_signals"/>
    <tag k="highway" v="crossing"/>
    <tag k="tactile_paving" v="yes"/>
    <tag k="traffic_signals:sound" v="yes"/>
    <tag k="traffic_signals:vibration" v="no"/>
  </node>
  <node id="8441631659" lat="55.6126712" lon="12.6125295">
    <tag k="button_operated" v="yes"/>
    <tag k="crossing" v="traffic_signals"/>
    <tag k="highway" v="crossing"/>
    <tag k="kerb" v="lowered"/>
    <tag k="tactile_paving" v="yes"/>
    <tag k="traffic_signals:sound" v="yes"/>
    <tag k="traffic_signals:vibration" v="no"/>
  </node>
  <node id="8441631660" lat="55.6123965" lon="12.6125727">
    <tag k="button_operated" v="yes"/>
    <tag k="crossing" v="traffic_signals"/>
    <tag k="highway" v="crossing"/>
    <tag k="tactile_paving" v="yes"/>
    <tag k="traffic_signals:sound" v="yes"/>
    <tag k="traffic_signals:vibration" v="no"/>
  </node>
  <node id="8441631661" lat="55.6124436" lon="12.6127254">
    <tag k="button_operated" v="yes"/>
    <tag k="crossing" v="traffic_signals"/>
    <tag k="highway" v="crossing"/>
    <tag k="tactile_paving" v="yes"/>
    <tag k="traffic_signals:sound" v="yes"/>
    <tag k="traffic_signals:vibration" v="no"/>
  </node>
  <node id="8441631664" lat="55.6291179" lon="12.6035684">
    <tag k="highway" v="traffic_signals"/>
    <tag k="traffic_signals" v="traffic_lights"/>
    <tag k="traffic_signals:direction" v="forward"/>
  </node>
  <node id="8441631666" lat="55.6293529" lon="12.6030694">
    <tag k="highway" v="traffic_signals"/>
    <tag k="traffic_signals" v="traffic_lights"/>
    <tag k="traffic_signals:direction" v="forward"/>
  </node>
  <node id="8441631667" lat="55.6296019" lon="12.6032313">
    <tag k="highway" v="traffic_signals"/>
    <tag k="traffic_signals" v="traffic_lights"/>
    <tag k="traffic_signals:direction" v="forward"/>
  </node>
  <node id="8441631670" lat="55.6298204" lon="12.6026816">
    <tag k="highway" v="traffic_signals"/>
    <tag k="traffic_signals" v="traffic_lights"/>
    <tag k="traffic_signals:direction" v="forward"/>
  </node>
  <node id="8441631672" lat="55.6301339" lon="12.6024119">
    <tag k="highway" v="traffic_signals"/>
    <tag k="traffic_signals" v="traffic_lights"/>
    <tag k="traffic_signals:direction" v="forward"/>
  </node>
  <node id="8441631674" lat="55.6306169" lon="12.6022860"/>
  <node id="8441631678" lat="55.6326406" lon="12.6017717"/>
  <node id="8441631691" lat="55.6308943" lon="12.6018258"/>
  <node id="8441631692" lat="55.6309858" lon="12.6017516"/>
  <node id="8441631693" lat="55.6333751" lon="12.6016322">
    <tag k="highway" v="traffic_signals"/>
    <tag k="traffic_signals" v="traffic_lights"/>
    <tag k="traffic_signals:direction" v="forward"/>
  </node>
  <node id="8441631694" lat="55.6333840" lon="12.6017838">
    <tag k="highway" v="traffic_signals"/>
    <tag k="traffic_signals" v="traffic_lights"/>
    <tag k="traffic_signals:direction" v="forward"/>
  </node>
  <node id="8441631695" lat="55.6331570" lon="12.6018505"/>
  <node id="8441631696" lat="55.6328248" lon="12.6020736">
    <tag k="highway" v="traffic_signals"/>
    <tag k="traffic_signals" v="traffic_lights"/>
    <tag k="traffic_signals:direction" v="forward"/>
  </node>
  <node id="8441631697" lat="55.6325915" lon="12.6019393">
    <tag k="highway" v="traffic_signals"/>
    <tag k="traffic_signals" v="traffic_lights"/>
    <tag k="traffic_signals:direction" v="forward"/>
  </node>
  <node id="8441631698" lat="55.6331883" lon="12.6028593">
    <tag k="highway" v="traffic_signals"/>
    <tag k="traffic_signals" v="traffic_lights"/>
    <tag k="traffic_signals:direction" v="forward"/>
  </node>
  <node id="8441631700" lat="55.6332163" lon="12.6019613">
    <tag k="highway" v="traffic_signals"/>
    <tag k="traffic_signals" v="traffic_lights"/>
    <tag k="traffic_signals:direction" v="forward"/>
  </node>
  <node id="8441631701" lat="55.6328865" lon="12.6024591">
    <tag k="highway" v="traffic_signals"/>
    <tag k="traffic_signals" v="traffic_lights"/>
    <tag k="traffic_signals:direction" v="forward"/>
  </node>
  <node id="8441631702" lat="55.6328184" lon="12.6022483"/>
  <node id="8441631703" lat="55.6329978" lon="12.6025589"/>
  <node id="8441631707" lat="55.6353347" lon="12.6007518">
    <tag k="highway" v="traffic_signals"/>
    <tag k="traffic_signals" v="pedestrian_crossing"/>
    <tag k="traffic_signals:direction" v="forward"/>
  </node>
  <node id="8441631708" lat="55.6354637" lon="12.6005697">
    <tag k="highway" v="traffic_signals"/>
    <tag k="traffic_signals" v="pedestrian_crossing"/>
    <tag k="traffic_signals:direction" v="forward"/>
  </node>
  <node id="8441650222" lat="55.6387779" lon="12.6180248"/>
  <node id="8441650223" lat="55.6327758" lon="12.6554816"/>
  <node id="8441650224" lat="55.6303660" lon="12.6558527">
    <tag k="direction" v="forward"/>
    <tag k="highway" v="give_way"/>
  </node>
  <node id="8441650225" lat="55.6314684" lon="12.6584972"/>
  <node id="8441650226" lat="55.6307661" lon="12.6571411"/>
  <node id="8441650227" lat="55.6310593" lon="12.6578636"/>
  <node id="8441650228" lat="55.6311584" lon="12.6580493"/>
  <node id="8441650229" lat="55.6313832" lon="12.6584115"/>
  <node id="8441650230" lat="55.6313771" lon="12.6582762"/>
  <node id="8441650231" lat="55.6306879" lon="12.6568076"/>
  <node id="8441650232" lat="55.6306603" lon="12.6569221"/>
  <node id="8441650233" lat="55.6307935" lon="12.6569930"/>
  <node id="8441650235" lat="55.6308270" lon="12.6573134"/>
  <node id="8441650238" lat="55.6309484" lon="12.6576468"/>
  <node id="8441650240" lat="55.6309900" lon="12.6575396"/>
  <node id="8441650241" lat="55.6311259" lon="12.6578320">
    <tag k="bicycle" v="designated"/>
    <tag k="crossing" v="uncontrolled"/>
    <tag k="highway" v="crossing"/>
    <tag k="tactile_paving" v="yes"/>
  </node>
  <node id="8441650242" lat="55.6310795" lon="12.6579015">
    <tag k="bicycle" v="designated"/>
    <tag k="crossing" v="uncontrolled"/>
    <tag k="highway" v="crossing"/>
  </node>
  <node id="8441650244" lat="55.6311551" lon="12.6578868">
    <tag k="crossing" v="marked"/>
    <tag k="crossing:markings" v="zebra"/>
    <tag k="highway" v="crossing"/>
    <tag k="tactile_paving" v="yes"/>
  </node>
  <node id="8441650246" lat="55.6311090" lon="12.6579567">
    <tag k="crossing" v="marked"/>
    <tag k="crossing:markings" v="zebra"/>
    <tag k="highway" v="crossing"/>
    <tag k="tactile_paving" v="yes"/>
  </node>
  <node id="8483842829" lat="55.6353371" lon="12.6190441"/>
  <node id="8483842832" lat="55.6352413" lon="12.6183066">
    <tag k="highway" v="traffic_signals"/>
    <tag k="traffic_signals" v="pedestrian_crossing"/>
    <tag k="traffic_signals:direction" v="forward"/>
  </node>
  <node id="8483842833" lat="55.6352197" lon="12.6181351">
    <tag k="highway" v="traffic_signals"/>
    <tag k="traffic_signals" v="pedestrian_crossing"/>
    <tag k="traffic_signals:direction" v="backward"/>
  </node>
  <node id="8483842834" lat="55.6301726" lon="12.6451031">
    <tag k="highway" v="traffic_signals"/>
  </node>
  <node id="8483842835" lat="55.6302119" lon="12.6457019">
    <tag k="highway" v="traffic_signals"/>
  </node>
  <node id="8541910229" lat="55.6321789" lon="12.6548687"/>
  <node id="8542042253" lat="55.6391065" lon="12.6457036">
    <tag k="crossing" v="uncontrolled"/>
    <tag k="crossing:island" v="yes"/>
    <tag k="crossing:markings" v="zebra"/>
    <tag k="highway" v="crossing"/>
    <tag k="kerb" v="lowered"/>
    <tag k="tactile_paving" v="no"/>
  </node>
  <node id="8691590252" lat="55.6360314" lon="12.6424531">
    <tag k="crossing" v="traffic_signals"/>
    <tag k="crossing:markings" v="zebra"/>
    <tag k="highway" v="crossing"/>
  </node>
  <node id="8691605444" lat="55.6384869" lon="12.6411509">
    <tag k="crossing" v="traffic_signals"/>
    <tag k="highway" v="crossing"/>
    <tag k="tactile_paving" v="yes"/>
  </node>
  <node id="8691605445" lat="55.6383522" lon="12.6410540">
    <tag k="crossing" v="traffic_signals"/>
    <tag k="highway" v="crossing"/>
  </node>
  <node id="8691605446" lat="55.6384236" lon="12.6407919">
    <tag k="crossing" v="traffic_signals"/>
    <tag k="highway" v="crossing"/>
  </node>
  <node id="8791047114" lat="55.6051960" lon="12.5936216"/>
  <node id="8791047116" lat="55.6049208" lon="12.5920496"/>
  <node id="8826030110" lat="55.6489133" lon="12.5922245"/>
  <node id="9045412829" lat="55.6366476" lon="12.6190786"/>
  <node id="9072338897" lat="55.6426811" lon="12.6160938"/>
  <node id="9104288188" lat="55.6399475" lon="12.6174471"/>
  <node id="9171754249" lat="55.6095368" lon="12.5921230"/>
  <node id="9202253772" lat="55.6406355" lon="12.6530323"/>
  <node id="9225393348" lat="55.6376385" lon="12.6361083">
    <tag k="crossing" v="traffic_signals"/>
    <tag k="crossing:island" v="yes"/>
    <tag k="crossing:markings" v="zebra"/>
    <tag k="highway" v="crossing"/>
  </node>
  <node id="9225393349" lat="55.6308699" lon="12.6574315">
    <tag k="bus" v="yes"/>
    <tag k="name" v="Cirklen"/>
    <tag k="network" v="Movia"/>
    <tag k="network:wikidata" v="Q3359392"/>
    <tag k="public_transport" v="stop_position"/>
  </node>
  <node id="9353936883" lat="55.6408227" lon="12.6533424"/>
  <node id="9359131379" lat="55.6295560" lon="12.6412176"/>
  <node id="9383892053" lat="55.5982609" lon="12.6253455"/>
  <node id="9383892054" lat="55.5981773" lon="12.6251184"/>
  <node id="9383917123" lat="55.6094997" lon="12.6156853"/>
  <node id="9385823363" lat="55.6299951" lon="12.6536937"/>
  <node id="9385823364" lat="55.6301142" lon="12.6536541"/>
  <node id="9532561976" lat="55.6358949" lon="12.6194490"/>
  <node id="9532561986" lat="55.6363731" lon="12.6192135"/>
  <node id="9556513823" lat="55.6368177" lon="12.6419455"/>
  <node id="9556513828" lat="55.6369780" lon="12.6418445"/>
  <node id="9657929338" lat="55.6293558" lon="12.5981332"/>
  <node id="9698271985" lat="55.6440344" lon="12.6443396"/>
  <node id="9712250613" lat="55.6378966" lon="12.6184682">
    <tag k="crossing" v="traffic_signals"/>
    <tag k="crossing:island" v="no"/>
    <tag k="crossing:markings" v="zebra"/>
    <tag k="highway" v="crossing"/>
    <tag k="tactile_paving" v="yes"/>
  </node>
  <node id="9712250614" lat="55.6383512" lon="12.6182331">
    <tag k="crossing" v="traffic_signals"/>
    <tag k="crossing:island" v="no"/>
    <tag k="crossing:markings" v="zebra"/>
    <tag k="highway" v="crossing"/>
  </node>
  <node id="9712372961" lat="55.6365087" lon="12.6276372">
    <tag k="button_operated" v="yes"/>
    <tag k="crossing" v="traffic_signals"/>
    <tag k="crossing:island" v="no"/>
    <tag k="highway" v="crossing"/>
  </node>
  <node id="9712372962" lat="55.6364969" lon="12.6275551">
    <tag k="highway" v="traffic_signals"/>
    <tag k="traffic_signals" v="pedestrian_crossing"/>
    <tag k="traffic_signals:direction" v="forward"/>
  </node>
  <node id="9712372963" lat="55.6365156" lon="12.6276853">
    <tag k="highway" v="traffic_signals"/>
    <tag k="traffic_signals" v="pedestrian_crossing"/>
    <tag k="traffic_signals:direction" v="backward"/>
  </node>
  <node id="9712372964" lat="55.6368222" lon="12.6298036">
    <tag k="traffic_calming" v="chicane"/>
  </node>
  <node id="9712372965" lat="55.6370602" lon="12.6315255">
    <tag k="crossing" v="marked"/>
    <tag k="crossing:island" v="no"/>
    <tag k="crossing:markings" v="yes"/>
    <tag k="highway" v="crossing"/>
    <tag k="tactile_paving" v="no"/>
  </node>
  <node id="9852000817" lat="55.6298659" lon="12.6385520"/>
  <node id="9853928373" lat="55.6123621" lon="12.6127848"/>
  <node id="9853928375" lat="55.6122326" lon="12.6128862"/>
  <node id="9867035930" lat="55.6143536" lon="12.6262705"/>
  <node id="9923373836" lat="55.6143922" lon="12.6264685"/>
  <node id="9923373838" lat="55.6147429" lon="12.6278140"/>
  <node id="9923373842" lat="55.6146443" lon="12.6274975"/>
  <node id="9923373844" lat="55.6145260" lon="12.6270885"/>
  <node id="10006989519" lat="55.6127666" lon="12.6199729"/>
  <node id="10006989525" lat="55.6061755" lon="12.6173420"/>
  <node id="10006989526" lat="55.6061435" lon="12.6172226"/>
  <node id="10048739508" lat="55.6479181" lon="12.5921452"/>
  <node id="10075093698" lat="55.6446724" lon="12.5982830"/>
  <node id="10141428469" lat="55.6352521" lon="12.6369478">
    <tag k="highway" v="traffic_signals"/>
    <tag k="traffic_signals:direction" v="forward"/>
  </node>
  <node id="10141428470" lat="55.6354466" lon="12.6365346">
    <tag k="highway" v="traffic_signals"/>
    <tag k="traffic_signals:direction" v="forward"/>
  </node>
  <node id="10141428471" lat="55.6352510" lon="12.6363210">
    <tag k="highway" v="traffic_signals"/>
    <tag k="traffic_signals:direction" v="backward"/>
  </node>
  <node id="10301148362" lat="55.6339842" lon="12.6262672"/>
  <node id="10673538303" lat="55.6296452" lon="12.6360010"/>
  <node id="10673538304" lat="55.6295942" lon="12.6360619"/>
  <node id="10918472137" lat="55.6445030" lon="12.6279203"/>
  <node id="10919364677" lat="55.6355244" lon="12.6365101"/>
  <node id="10919364681" lat="55.6352617" lon="12.6361013"/>
  <node id="10919379572" lat="55.6412693" lon="12.6325672">
    <tag k="crossing" v="uncontrolled"/>
    <tag k="crossing:island" v="yes"/>
    <tag k="crossing:markings" v="zebra"/>
    <tag k="flashing_lights" v="yes"/>
    <tag k="highway" v="crossing"/>
    <tag k="tactile_paving" v="no"/>
  </node>
  <node id="11056511245" lat="55.6371080" lon="12.6188487"/>
  <node id="11089114304" lat="55.6382888" lon="12.5999019"/>
  <node id="11196158933" lat="55.6230563" lon="12.6204862"/>
  <node id="11202014649" lat="55.6412792" lon="12.6462157"/>
  <node id="11202014654" lat="55.6406407" lon="12.6435496"/>
  <node id="11202014675" lat="55.6414611" lon="12.6460409"/>
  <node id="11202014680" lat="55.6414703" lon="12.6460320"/>
  <node id="11207977575" lat="55.6264332" lon="12.6041628">
    <tag k="highway" v="traffic_signals"/>
    <tag k="traffic_signals:direction" v="forward"/>
  </node>
  <node id="11207977576" lat="55.6265036" lon="12.6041561">
    <tag k="highway" v="traffic_signals"/>
    <tag k="traffic_signals:direction" v="backward"/>
  </node>
  <node id="11378556083" lat="55.6295570" lon="12.6337415"/>
  <node id="11378556085" lat="55.6297981" lon="12.6386923"/>
  <node id="11446200800" lat="55.6444931" lon="12.6284763">
    <tag k="highway" v="traffic_signals"/>
  </node>
  <node id="11446200801" lat="55.6443827" lon="12.6281807">
    <tag k="highway" v="traffic_signals"/>
  </node>
  <node id="11782406140" lat="55.6295317" lon="12.6330134">
    <tag k="crossing" v="uncontrolled"/>
    <tag k="crossing:island" v="yes"/>
    <tag k="crossing:markings" v="zebra"/>
    <tag k="flashing_lights" v="yes"/>
    <tag k="highway" v="crossing"/>
    <tag k="tactile_paving" v="no"/>
    <tag k="traffic_calming" v="table"/>
  </node>
  <node id="11782406141" lat="55.6295818" lon="12.6330062">
    <tag k="crossing" v="uncontrolled"/>
    <tag k="crossing:island" v="yes"/>
    <tag k="crossing:markings" v="zebra"/>
    <tag k="flashing_lights" v="yes"/>
    <tag k="highway" v="crossing"/>
    <tag k="tactile_paving" v="no"/>
    <tag k="traffic_calming" v="table"/>
  </node>
  <node id="11782406162" lat="55.6296724" lon="12.6401710">
    <tag k="crossing" v="traffic_signals"/>
    <tag k="crossing:markings" v="yes"/>
    <tag k="highway" v="crossing"/>
  </node>
  <node id="11782406163" lat="55.6296237" lon="12.6401516">
    <tag k="crossing" v="traffic_signals"/>
    <tag k="crossing:markings" v="yes"/>
    <tag k="highway" v="crossing"/>
  </node>
  <node id="11782406166" lat="55.6296397" lon="12.6358388">
    <tag k="crossing" v="traffic_signals"/>
    <tag k="crossing:markings" v="zebra"/>
    <tag k="highway" v="crossing"/>
  </node>
  <node id="11782406167" lat="55.6295876" lon="12.6358443">
    <tag k="crossing" v="traffic_signals"/>
    <tag k="crossing:markings" v="zebra"/>
    <tag k="highway" v="crossing"/>
  </node>
  <node id="11782406168" lat="55.6296667" lon="12.6366683"/>
  <node id="11782433175" lat="55.6296576" lon="12.6363698">
    <tag k="crossing" v="traffic_signals"/>
    <tag k="crossing:markings" v="zebra"/>
    <tag k="highway" v="crossing"/>
  </node>
  <node id="11782433176" lat="55.6296049" lon="12.6363750">
    <tag k="crossing" v="traffic_signals"/>
    <tag k="crossing:markings" v="zebra"/>
    <tag k="highway" v="crossing"/>
  </node>
  <node id="11782433177" lat="55.6296178" lon="12.6406681"/>
  <node id="11782433182" lat="55.6296979" lon="12.6399527"/>
  <node id="11782433183" lat="55.6296513" lon="12.6399331"/>
  <node id="11782433184" lat="55.6296365" lon="12.6400448"/>
  <node id="11787172875" lat="55.6136821" lon="12.6789049"/>
  <node id="11807703480" lat="55.6232562" lon="12.6039857"/>
  <node id="11883583136" lat="55.6295642" lon="12.6411474"/>
  <node id="11883632491" lat="55.6298751" lon="12.6381209"/>
  <node id="11883632492" lat="55.6298819" lon="12.6382202"/>
  <node id="11883632493" lat="55.6295647" lon="12.6350163"/>
  <node id="11903956036" lat="55.6396284" lon="12.6176041"/>
  <node id="12041973827" lat="55.6414304" lon="12.5866144"/>
  <node id="12057406120" lat="55.6296492" lon="12.6361200"/>
  <node id="12102978865" lat="55.6309623" lon="12.6560981"/>
  <node id="12102978866" lat="55.6307838" lon="12.6569055"/>
  <node id="12102978867" lat="55.6307882" lon="12.6568155">
    <tag k="direction" v="forward"/>
    <tag k="highway" v="give_way"/>
  </node>
  <node id="12237326483" lat="55.6362572" lon="12.6509885"/>
  <node id="12237436930" lat="55.6367999" lon="12.6296511"/>
  <node id="12238744972" lat="55.6231363" lon="12.6138013"/>
  <node id="12886646958" lat="55.6402028" lon="12.6518584"/>
  <node id="12886646959" lat="55.6402612" lon="12.6518061"/>
  <node id="12886646965" lat="55.6403645" lon="12.6522139"/>
  <node id="12912199372" lat="55.6425824" lon="12.6306869"/>
  <node id="12912199379" lat="55.6423334" lon="12.6310484"/>
  <node id="12912199385" lat="55.6427622" lon="12.6304334"/>
  <node id="12912199388" lat="55.6421815" lon="12.6312689"/>
  <node id="13020819212" lat="55.6232850" lon="12.6013941"/>
  <node id="13142835369" lat="55.6302332" lon="12.6430140">
    <tag k="direction" v="forward"/>
    <tag k="highway" v="give_way"/>
  </node>
  <node id="13283820385" lat="55.6301529" lon="12.6539820">
    <tag k="highway" v="traffic_signals"/>
    <tag k="traffic_signals" v="signal"/>
    <tag k="traffic_signals:direction" v="forward"/>
  </node>
  <node id="13283820387" lat="55.6299693" lon="12.6534753">
    <tag k="highway" v="traffic_signals"/>
    <tag k="traffic_signals:direction" v="forward"/>
  </node>
  <node id="13306873181" lat="55.6404370" lon="12.6524932"/>
  <node id="13372992882" lat="55.6205645" lon="12.6049633"/>
  <node id="13372992883" lat="55.6226069" lon="12.6046647"/>
  <node id="13372992884" lat="55.6240347" lon="12.6043886"/>
  <node id="13372992885" lat="55.6237157" lon="12.6043910"/>
  <node id="13372992886" lat="55.6232554" lon="12.6043856"/>
  <node id="13372992887" lat="55.6229810" lon="12.6043964"/>
  <node id="13372992888" lat="55.6224736" lon="12.6045090"/>
  <node id="13372992889" lat="55.6223734" lon="12.6045385"/>
  <node id="13372992890" lat="55.6218012" lon="12.6047022"/>
  <node id="13372992892" lat="55.6232556" lon="12.6043025">
    <tag k="crossing:signals" v="yes"/>
    <tag k="highway" v="crossing"/>
  </node>
  <node id="13372993723" lat="55.6124846" lon="12.6124242"/>
  <node id="13372993731" lat="55.6092529" lon="12.6148152">
    <tag k="crossing:signals" v="yes"/>
    <tag k="highway" v="crossing"/>
  </node>
  <node id="13376519532" lat="55.6232531" lon="12.6046898">
    <tag k="crossing:signals" v="yes"/>
    <tag k="highway" v="crossing"/>
  </node>
  <node id="13376519570" lat="55.6125784" lon="12.6127156">
    <tag k="highway" v="crossing"/>
  </node>
  <node id="13376519583" lat="55.6093245" lon="12.6151054">
    <tag k="crossing:signals" v="yes"/>
    <tag k="highway" v="crossing"/>
  </node>
  <node id="13376567426" lat="55.6248351" lon="12.6042754"/>
  <node id="13376567427" lat="55.6253954" lon="12.6042016"/>
  <node id="13427083722" lat="55.6198802" lon="12.5923381"/>
  <node id="13438519145" lat="55.6307776" lon="12.6019257"/>
  <node id="13438519146" lat="55.6301826" lon="12.6023698"/>
  <node id="13438519149" lat="55.6290479" lon="12.6035910"/>
  <node id="13438519150" lat="55.6310037" lon="12.6019453"/>
  <node id="13442346083" lat="55.6095957" lon="12.6159942"/>
  <node id="13442374855" lat="55.6100266" lon="12.6170791"/>
  <node id="13442379816" lat="55.5983131" lon="12.6022350"/>
  <node id="13570199881" lat="55.6460095" lon="12.5981190">
    <tag k="crossing" v="traffic_signals"/>
    <tag k="crossing:island" v="no"/>
    <tag k="crossing:markings" v="zebra"/>
    <tag k="highway" v="crossing"/>
  </node>
  <node id="13570199884" lat="55.6429549" lon="12.6067339">
    <tag k="crossing" v="traffic_signals"/>
    <tag k="crossing:markings" v="zebra"/>
    <tag k="highway" v="crossing"/>
  </node>
  <node id="13570199886" lat="55.6428030" lon="12.6067752">
    <tag k="crossing" v="traffic_signals"/>
    <tag k="crossing:markings" v="zebra"/>
    <tag k="highway" v="crossing"/>
  </node>
  <node id="13570199893" lat="55.6381359" lon="12.5998371">
    <tag k="crossing" v="traffic_signals"/>
    <tag k="crossing:markings" v="zebra"/>
    <tag k="highway" v="crossing"/>
  </node>
  <node id="13570199894" lat="55.6381456" lon="12.5999579">
    <tag k="button_operated" v="no"/>
    <tag k="crossing" v="traffic_signals"/>
    <tag k="crossing:markings" v="zebra"/>
    <tag k="highway" v="crossing"/>
    <tag k="kerb" v="lowered"/>
    <tag k="tactile_paving" v="yes"/>
    <tag k="traffic_signals:sound" v="no"/>
    <tag k="traffic_signals:vibration" v="no"/>
  </node>
  <node id="13570199896" lat="55.6378982" lon="12.5999029">
    <tag k="button_operated" v="no"/>
    <tag k="crossing" v="traffic_signals"/>
    <tag k="crossing:markings" v="zebra"/>
    <tag k="highway" v="crossing"/>
    <tag k="kerb" v="raised"/>
    <tag k="tactile_paving" v="no"/>
    <tag k="traffic_signals:sound" v="no"/>
    <tag k="traffic_signals:vibration" v="no"/>
  </node>
  <node id="13570199897" lat="55.6379099" lon="12.6000347">
    <tag k="button_operated" v="no"/>
    <tag k="crossing" v="traffic_signals"/>
    <tag k="crossing:markings" v="zebra"/>
    <tag k="highway" v="crossing"/>
    <tag k="kerb" v="raised"/>
    <tag k="tactile_paving" v="no"/>
    <tag k="traffic_signals:sound" v="no"/>
    <tag k="traffic_signals:vibration" v="no"/>
  </node>
  <node id="13570298804" lat="55.6209821" lon="12.5865201">
    <tag k="crossing" v="traffic_signals"/>
    <tag k="crossing:island" v="yes"/>
    <tag k="crossing:markings" v="zebra"/>
    <tag k="highway" v="crossing"/>
  </node>
  <node id="13571023760" lat="55.6322255" lon="12.6559058"/>
  <node id="13571023804" lat="55.6302502" lon="12.6453448"/>
  <node id="13571023805" lat="55.6301486" lon="12.6453055"/>
  <node id="13571023818" lat="55.6297452" lon="12.6423385"/>
  <node id="13571023834" lat="55.6295807" lon="12.6329678">
    <tag k="direction" v="both"/>
    <tag k="surface" v="asphalt"/>
    <tag k="traffic_calming" v="table"/>
  </node>
  <node id="13571023835" lat="55.6295303" lon="12.6329733">
    <tag k="direction" v="both"/>
    <tag k="surface" v="asphalt"/>
    <tag k="traffic_calming" v="table"/>
  </node>
  <node id="13571023837" lat="55.6294270" lon="12.6282960">
    <tag k="direction" v="forward"/>
    <tag k="highway" v="give_way"/>
  </node>
  <node id="13571023838" lat="55.6294409" lon="12.6276090">
    <tag k="direction" v="backward"/>
    <tag k="highway" v="give_way"/>
  </node>
  <node id="13571024040" lat="55.6297178" lon="12.6227387">
    <tag k="crossing" v="traffic_signals"/>
    <tag k="crossing:island" v="yes"/>
    <tag k="crossing:markings" v="zebra"/>
    <tag k="highway" v="crossing"/>
  </node>
  <node id="13571024058" lat="55.6230773" lon="12.6185844">
    <tag k="button_operated" v="no"/>
    <tag k="crossing" v="traffic_signals"/>
    <tag k="crossing:island" v="no"/>
    <tag k="crossing:markings" v="zebra"/>
    <tag k="highway" v="crossing"/>
    <tag k="tactile_paving" v="no"/>
    <tag k="traffic_signals:sound" v="no"/>
  </node>
  <node id="13571024060" lat="55.6230815" lon="12.6182682">
    <tag k="button_operated" v="yes"/>
    <tag k="crossing" v="traffic_signals"/>
    <tag k="crossing:island" v="no"/>
    <tag k="crossing:markings" v="zebra"/>
    <tag k="highway" v="crossing"/>
    <tag k="tactile_paving" v="no"/>
    <tag k="traffic_signals:sound" v="no"/>
  </node>
  <node id="13571156822" lat="55.6467007" lon="12.6242925">
    <tag k="crossing" v="traffic_signals"/>
    <tag k="crossing:markings" v="zebra"/>
    <tag k="highway" v="crossing"/>
  </node>
  <node id="13595535484" lat="55.6323996" lon="12.6569583"/>
  <node id="13652115164" lat="55.6345698" lon="12.6101954"/>
  <node id="13652153919" lat="55.6341420" lon="12.6101882">
    <tag k="crossing" v="traffic_signals"/>
    <tag k="crossing:island" v="no"/>
    <tag k="crossing:markings" v="zebra"/>
    <tag k="highway" v="crossing"/>
  </node>
  <node id="13652153920" lat="55.6342898" lon="12.6103189">
    <tag k="crossing" v="traffic_signals"/>
    <tag k="crossing:island" v="no"/>
    <tag k="crossing:markings" v="zebra"/>
    <tag k="highway" v="crossing"/>
  </node>
  <node id="13652153921" lat="55.6341975" lon="12.6105997">
    <tag k="crossing" v="traffic_signals"/>
    <tag k="crossing:island" v="no"/>
    <tag k="crossing:markings" v="zebra"/>
    <tag k="highway" v="crossing"/>
    <tag k="tactile_paving" v="yes"/>
  </node>
  <node id="13652153923" lat="55.6342701" lon="12.6111355"/>
  <node id="13652153924" lat="55.6343249" lon="12.6115404"/>
  <node id="13652153925" lat="55.6343206" lon="12.6115081"/>
  <node id="13652153926" lat="55.6340683" lon="12.6096399"/>
  <node id="13666132665" lat="55.6010993" lon="12.6615942">
    <tag k="direction" v="forward"/>
    <tag k="highway" v="stop"/>
    <tag k="stop" v="minor"/>
  </node>
  <node id="13681794381" lat="55.6315424" lon="12.6586244"/>
  <node id="13682505645" lat="55.6459448" lon="12.6258130">
    <tag k="traffic_calming" v="hump"/>
  </node>
  <node id="13682505646" lat="55.6452439" lon="12.6269020">
    <tag k="traffic_calming" v="hump"/>
  </node>
  <node id="13777481673" lat="55.6462363" lon="12.6252575">
    <tag k="crossing" v="unmarked"/>
    <tag k="crossing:island" v="yes"/>
    <tag k="crossing:markings" v="no"/>
    <tag k="highway" v="crossing"/>
  </node>
  <node id="13777481674" lat="55.6444642" lon="12.6284691">
    <tag k="crossing" v="traffic_signals"/>
    <tag k="crossing:island" v="no"/>
    <tag k="crossing:markings" v="zebra"/>
    <tag k="highway" v="crossing"/>
  </node>
  <node id="13777481675" lat="55.6442629" lon="12.6284583">
    <tag k="crossing" v="traffic_signals"/>
    <tag k="crossing:island" v="no"/>
    <tag k="crossing:markings" v="zebra"/>
    <tag k="highway" v="crossing"/>
  </node>
  <node id="13777481676" lat="55.6434908" lon="12.6294090">
    <tag k="traffic_calming" v="cushion"/>
  </node>
  <node id="13777481677" lat="55.6424626" lon="12.6308608">
    <tag k="traffic_calming" v="cushion"/>
  </node>
  <node id="13777481678" lat="55.6389272" lon="12.6350849">
    <tag k="traffic_calming" v="island"/>
    <tag k="traffic_calming:backward" v="cushion"/>
    <tag k="traffic_calming:forward" v="cushion"/>
  </node>
  <node id="13777481679" lat="55.6377469" lon="12.6358418">
    <tag k="crossing" v="traffic_signals"/>
    <tag k="crossing:markings" v="zebra"/>
    <tag k="highway" v="crossing"/>
  </node>
  <node id="13777481680" lat="55.6374848" lon="12.6359476">
    <tag k="crossing" v="traffic_signals"/>
    <tag k="crossing:markings" v="zebra"/>
    <tag k="highway" v="crossing"/>
  </node>
  <node id="13777490049" lat="55.6457992" lon="12.6055724">
    <tag k="crossing" v="traffic_signals"/>
    <tag k="crossing:island" v="no"/>
    <tag k="crossing:markings" v="zebra"/>
    <tag k="highway" v="crossing"/>
  </node>
  <node id="13912383928" lat="55.6280726" lon="12.6038357"/>
  <node id="13928812772" lat="55.6390348" lon="12.6451903">
    <tag k="highway" v="traffic_signals"/>
    <tag k="traffic_signals:direction" v="forward"/>
  </node>
  <node id="13928812773" lat="55.6391161" lon="12.6457975">
    <tag k="highway" v="traffic_signals"/>
    <tag k="traffic_signals:direction" v="backward"/>
  </node>
  <node id="13928812774" lat="55.6392278" lon="12.6453709">
    <tag k="highway" v="traffic_signals"/>
    <tag k="traffic_signals:direction" v="forward"/>
  </node>
  <node id="13928812775" lat="55.6392382" lon="12.6453669"/>
  <node id="13952216532" lat="55.6234672" lon="12.6043881">
    <tag k="highway" v="traffic_signals"/>
  </node>
  <node id="13952216533" lat="55.6232560" lon="12.6041132">
    <tag k="highway" v="traffic_signals"/>
    <tag k="traffic_signals:direction" v="backward"/>
  </node>
  <node id="13952216534" lat="55.6232494" lon="12.6049234">
    <tag k="highway" v="traffic_signals"/>
    <tag k="traffic_signals:direction" v="forward"/>
  </node>
  <node id="13952216535" lat="55.6230485" lon="12.6045875">
    <tag k="highway" v="traffic_signals"/>
  </node>
  <node id="13991188610" lat="55.6379914" lon="12.6383461">
    <tag k="crossing" v="uncontrolled"/>
    <tag k="crossing:island" v="yes"/>
    <tag k="crossing:markings" v="zebra"/>
    <tag k="flashing_lights" v="yes"/>
    <tag k="highway" v="crossing"/>
    <tag k="tactile_paving" v="no"/>
  </node>
  <node id="13991188614" lat="55.6413259" lon="12.6324874">
    <tag k="direction" v="backward"/>
    <tag k="surface" v="asphalt"/>
    <tag k="traffic_calming" v="cushion"/>
  </node>
  <node id="13991188615" lat="55.6412181" lon="12.6326393">
    <tag k="direction" v="forward"/>
    <tag k="surface" v="asphalt"/>
    <tag k="traffic_calming" v="cushion"/>
  </node>
  <node id="13991188618" lat="55.6402907" lon="12.6339445">
    <tag k="direction" v="both"/>
    <tag k="surface" v="asphalt"/>
    <tag k="traffic_calming" v="cushion"/>
  </node>
  <node id="13991188619" lat="55.6389364" lon="12.6350785">
    <tag k="direction" v="both"/>
    <tag k="surface" v="asphalt"/>
    <tag k="traffic_calming" v="cushion"/>
  </node>
  <node id="14054847498" lat="55.6326186" lon="12.6019625">
    <tag k="crossing" v="traffic_signals"/>
    <tag k="crossing:markings" v="zebra"/>
    <tag k="highway" v="crossing"/>
  </node>
  <node id="14054847499" lat="55.6326560" lon="12.6017759">
    <tag k="crossing" v="traffic_signals"/>
    <tag k="crossing:markings" v="zebra"/>
    <tag k="highway" v="crossing"/>
  </node>
  <node id="14054847500" lat="55.6333507" lon="12.6017921">
    <tag k="crossing" v="traffic_signals"/>
    <tag k="crossing:markings" v="zebra"/>
    <tag k="highway" v="crossing"/>
  </node>
  <node id="14054889201" lat="55.6333055" lon="12.6016397">
    <tag k="crossing" v="traffic_signals"/>
    <tag k="crossing:markings" v="zebra"/>
    <tag k="highway" v="crossing"/>
  </node>
  <node id="14054889202" lat="55.6334075" lon="12.6019870">
    <tag k="crossing" v="traffic_signals"/>
    <tag k="crossing:markings" v="zebra"/>
    <tag k="highway" v="crossing"/>
  </node>
  <node id="14054889205" lat="55.6331886" lon="12.6028238">
    <tag k="crossing" v="traffic_signals"/>
    <tag k="crossing:markings" v="zebra"/>
    <tag k="highway" v="crossing"/>
  </node>
  <node id="14054889206" lat="55.6330904" lon="12.6028744">
    <tag k="crossing" v="traffic_signals"/>
    <tag k="crossing:markings" v="zebra"/>
    <tag k="highway" v="crossing"/>
  </node>
  <node id="14054889207" lat="55.6332996" lon="12.6018048"/>
  <node id="14054889208" lat="55.6332434" lon="12.6016464"/>
  <node id="14054889215" lat="55.6355398" lon="12.6196244">
    <tag k="crossing" v="traffic_signals"/>
    <tag k="crossing:markings" v="zebra"/>
    <tag k="highway" v="crossing"/>
  </node>
  <node id="14054889216" lat="55.6353881" lon="12.6194362">
    <tag k="crossing" v="traffic_signals"/>
    <tag k="crossing:markings" v="zebra"/>
    <tag k="highway" v="crossing"/>
  </node>
  <node id="14054889217" lat="55.6353132" lon="12.6197369">
    <tag k="crossing" v="traffic_signals"/>
    <tag k="crossing:markings" v="zebra"/>
    <tag k="highway" v="crossing"/>
  </node>
  <node id="14054889218" lat="55.6354471" lon="12.6198811">
    <tag k="crossing" v="traffic_signals"/>
    <tag k="crossing:markings" v="zebra"/>
    <tag k="highway" v="crossing"/>
  </node>
  <node id="14054889221" lat="55.6432428" lon="12.6158202">
    <tag k="highway" v="traffic_signals"/>
    <tag k="note" v="Cyclists are exempt from this traffic light."/>
    <tag k="traffic_signals" v="signal"/>
    <tag k="traffic_signals:direction" v="forward"/>
  </node>
  <node id="14054889222" lat="55.6436084" lon="12.6156393">
    <tag k="highway" v="traffic_signals"/>
    <tag k="traffic_signals" v="signal"/>
    <tag k="traffic_signals:direction" v="forward"/>
  </node>
  <node id="14054889223" lat="55.6437987" lon="12.6155447"/>
  <node id="14054889224" lat="55.6439480" lon="12.6154682">
    <tag k="highway" v="traffic_signals"/>
    <tag k="traffic_signals" v="signal"/>
    <tag k="traffic_signals:direction" v="backward"/>
  </node>
  <node id="14054889226" lat="55.6438874" lon="12.6154992">
    <tag k="crossing" v="traffic_signals"/>
    <tag k="crossing:markings" v="zebra"/>
    <tag k="highway" v="crossing"/>
  </node>
  <node id="14054889228" lat="55.6436681" lon="12.6156096">
    <tag k="crossing" v="traffic_signals"/>
    <tag k="crossing:markings" v="zebra"/>
    <tag k="highway" v="crossing"/>
  </node>
  <node id="14054889230" lat="55.6432882" lon="12.6157981"/>
  <node id="14074779340" lat="55.6119042" lon="12.6130148"/>
  <node id="14074779341" lat="55.6101652" lon="12.6143531"/>
  <node id="14074779351" lat="55.6131361" lon="12.6204376"/>
  <node id="14074779352" lat="55.6053888" lon="12.6178756"/>
  <node id="14074779353" lat="55.6057555" lon="12.6177040"/>
  <node id="14086099220" lat="55.6446879" lon="12.6390229"/>
  <node id="14086099221" lat="55.6444894" lon="12.6391575"/>
  <node id="14086099222" lat="55.6445531" lon="12.6391063"/>
  <node id="14086099223" lat="55.6448063" lon="12.6390292"/>
  <node id="14086099224" lat="55.6447235" lon="12.6390145"/>
  <node id="14086099225" lat="55.6446517" lon="12.6390386"/>
  <node id="14086099226" lat="55.6447085" lon="12.6389267"/>
  <node id="14086099227" lat="55.6445882" lon="12.6389742"/>
  <node id="14086099228" lat="55.6448206" lon="12.6389307"/>
  <node id="14086099229" lat="55.6446754" lon="12.6389334"/>
  <node id="14086099230" lat="55.6444845" lon="12.6390537"/>
  <node id="14086099368" lat="55.6417631" lon="12.6318612"/>
  <node id="14086099373" lat="55.6410789" lon="12.6328354"/>
  <node id="14086099378" lat="55.6411530" lon="12.6327309"/>
  <node id="14086099540" lat="55.6457879" lon="12.6055772">
    <tag k="highway" v="traffic_signals"/>
    <tag k="traffic_signals" v="signal"/>
    <tag k="traffic_signals:direction" v="backward"/>
  </node>
  <way id="1525051">
    <nd ref="6527591"/>
    <nd ref="2653419515"/>
    <nd ref="104374395"/>
    <nd ref="1369086103"/>
    <nd ref="5449003901"/>
    <nd ref="8084813"/>
    <nd ref="6527597"/>
    <nd ref="4712175328"/>
    <nd ref="5443908827"/>
    <nd ref="8084817"/>
    <nd ref="5450247690"/>
    <nd ref="6527598"/>
    <nd ref="4712175296"/>
    <nd ref="5446264575"/>
    <nd ref="4712175304"/>
    <nd ref="11446200800"/>
    <nd ref="13777481674"/>
    <nd ref="7224422"/>
    <tag k="cycleway" v="lane"/>
    <tag k="highway" v="tertiary"/>
    <tag k="lit" v="yes"/>
    <tag k="maxspeed" v="50"/>
    <tag k="name" v="Backersvej"/>
    <tag k="name:etymology" v="Peter Gjertsen Backer"/>
    <tag k="name:etymology:wikidata" v="Q130367378"/>
    <tag k="sidewalk" v="both"/>
    <tag k="surface" v="asphalt"/>
    <tag k="wikidata" v="Q84085767"/>
  </way>
  <way id="1692808">
    <nd ref="7204186"/>
    <nd ref="14054889218"/>
    <nd ref="5163905351"/>
    <nd ref="5163905359"/>
    <nd ref="5163905352"/>
    <nd ref="6906222095"/>
    <nd ref="5163905347"/>
    <nd ref="4888598862"/>
    <tag k="bicycle" v="yes"/>
    <tag k="cycleway" v="track"/>
    <tag k="foot" v="yes"/>
    <tag k="highway" v="tertiary"/>
    <tag k="lanes" v="4"/>
    <tag k="lanes:backward" v="3"/>
    <tag k="lanes:forward" v="1"/>
    <tag k="lit" v="yes"/>
    <tag k="maxspeed" v="50"/>
    <tag k="name" v="Saltværksvej"/>
    <tag k="name:etymology:wikidata" v="Q130262817"/>
    <tag k="sidewalk" v="both"/>
    <tag k="source:maxspeed" v="DK:urban"/>
    <tag k="surface" v="asphalt"/>
    <tag k="turn:lanes:backward" v="left|through|right"/>
  </way>
  <way id="1698015">
    <nd ref="3224531919"/>
    <nd ref="582302145"/>
    <nd ref="8079474"/>
    <nd ref="3224531921"/>
    <nd ref="8079476"/>
    <nd ref="3224531931"/>
    <nd ref="582302151"/>
    <nd ref="8079477"/>
    <nd ref="3224531926"/>
    <nd ref="3224531924"/>
    <tag k="bicycle" v="no"/>
    <tag k="foot" v="no"/>
    <tag k="highway" v="tertiary"/>
    <tag k="junction" v="roundabout"/>
    <tag k="lanes" v="1"/>
    <tag k="lit" v="yes"/>
    <tag k="maxspeed" v="80"/>
    <tag k="noname" v="yes"/>
    <tag k="sidewalk" v="no"/>
    <tag k="source:maxspeed" v="DK:rural"/>
    <tag k="surface" v="asphalt"/>
  </way>
  <way id="1700205">
    <nd ref="7204186"/>
    <nd ref="14054889216"/>
    <nd ref="8483842829"/>
    <nd ref="6898281983"/>
    <nd ref="4888598861"/>
    <tag k="bicycle" v="yes"/>
    <tag k="cycleway" v="track"/>
    <tag k="foot" v="yes"/>
    <tag k="highway" v="tertiary"/>
    <tag k="lanes" v="3"/>
    <tag k="lanes:backward" v="2"/>
    <tag k="lanes:forward" v="1"/>
    <tag k="lit" v="yes"/>
    <tag k="maxspeed" v="50"/>
    <tag k="name" v="Tårnbyvej"/>
    <tag k="name:etymology:wikidata" v="Q28173"/>
    <tag k="sidewalk" v="both"/>
    <tag k="source:maxspeed" v="DK:urban"/>
    <tag k="surface" v="asphalt"/>
    <tag k="turn:lanes:backward" v="left|through;right"/>
  </way>
  <way id="1754353">
    <nd ref="8441631638"/>
    <nd ref="4888485837"/>
    <nd ref="374303602"/>
    <tag k="cycleway" v="track"/>
    <tag k="foot" v="yes"/>
    <tag k="highway" v="tertiary"/>
    <tag k="lanes" v="1"/>
    <tag k="lit" v="yes"/>
    <tag k="maxspeed" v="50"/>
    <tag k="name" v="Løjtegårdsvej"/>
    <tag k="name:etymology:wikidata" v="Q127153408"/>
    <tag k="oneway" v="yes"/>
    <tag k="source:maxspeed" v="DK:urban"/>
    <tag k="surface" v="asphalt"/>
    <tag k="wikidata" v="Q122936777"/>
  </way>
  <way id="1880381">
    <nd ref="8078320"/>
    <nd ref="2983465503"/>
    <nd ref="8078321"/>
    <nd ref="253179904"/>
    <nd ref="253253333"/>
    <nd ref="8078323"/>
    <tag k="bicycle" v="use_sidepath"/>
    <tag k="cycleway" v="separate"/>
    <tag k="highway" v="tertiary"/>
    <tag k="lanes" v="2"/>
    <tag k="lit" v="yes"/>
    <tag k="maxspeed" v="50"/>
    <tag k="name" v="Stenlandsvej"/>
    <tag k="name:etymology" v="gammelt, lokalt marknavn, Stenlendene (1682)"/>
    <tag k="sidewalk" v="both"/>
    <tag k="source:maxspeed" v="DK:urban"/>
    <tag k="surface" v="asphalt"/>
  </way>
  <way id="1880526">
    <nd ref="8079684"/>
    <nd ref="2377362989"/>
    <nd ref="6738387968"/>
    <nd ref="6753623220"/>
    <nd ref="8079685"/>
    <nd ref="2377363003"/>
    <nd ref="1505087757"/>
    <nd ref="2923262457"/>
    <nd ref="1505087755"/>
    <nd ref="8021083846"/>
    <nd ref="2923262448"/>
    <nd ref="4701994676"/>
    <nd ref="8079686"/>
    <nd ref="1378750081"/>
    <tag k="cycleway" v="no"/>
    <tag k="foot" v="yes"/>
    <tag k="highway" v="tertiary"/>
    <tag k="lanes" v="2"/>
    <tag k="lit" v="yes"/>
    <tag k="maxspeed" v="50"/>
    <tag k="name" v="A.P. Møllers Allé"/>
    <tag k="name:etymology" v="Arnold Peter Møller"/>
    <tag k="name:etymology:wikidata" v="Q695944"/>
    <tag k="name:etymology:wikipedia" v="da:Arnold Peter Møller"/>
    <tag k="sidewalk" v="no"/>
    <tag k="source:maxspeed" v="DK:urban"/>
    <tag k="surface" v="asphalt"/>
  </way>
  <way id="2373286">
    <nd ref="6402556681"/>
    <nd ref="7228008"/>
    <nd ref="374393822"/>
    <nd ref="6402556680"/>
    <tag k="cycleway" v="no"/>
    <tag k="highway" v="tertiary"/>
    <tag k="lanes" v="2"/>
    <tag k="lit" v="yes"/>
    <tag k="maxspeed" v="50"/>
    <tag k="maxspeed:advisory" v="30"/>
    <tag k="name" v="Kastruplundgade"/>
    <tag k="name:etymology:wikidata" v="Q130262798"/>
    <tag k="sidewalk" v="both"/>
    <tag k="source:maxspeed" v="DK:urban"/>
    <tag k="surface" v="paving_stones"/>
    <tag k="traffic_calming" v="table"/>
  </way>
  <way id="3431744">
    <nd ref="8441631645"/>
    <nd ref="13376519570"/>
    <nd ref="8441631657"/>
    <nd ref="8441631653"/>
    <nd ref="5659679848"/>
    <tag k="cycleway" v="track"/>
    <tag k="highway" v="tertiary"/>
    <tag k="lanes" v="3"/>
    <tag k="lanes:backward" v="2"/>
    <tag k="lanes:forward" v="1"/>
    <tag k="lit" v="yes"/>
    <tag k="maxspeed" v="50"/>
    <tag k="name" v="Kirstinehøj"/>
    <tag k="name:etymology:wikidata" v="Q127161159"/>
    <tag k="sidewalk" v="left"/>
    <tag k="source:maxspeed" v="DK:urban"/>
    <tag k="surface" v="asphalt"/>
  </way>
  <way id="3431748">
    <nd ref="16965567"/>
    <nd ref="1234226384"/>
    <nd ref="1234226419"/>
    <nd ref="5618441968"/>
    <nd ref="17033283"/>
    <nd ref="9923373838"/>
    <nd ref="16965568"/>
    <nd ref="9923373842"/>
    <nd ref="5618442057"/>
    <nd ref="5686595189"/>
    <nd ref="9923373844"/>
    <nd ref="16965570"/>
    <nd ref="9923373836"/>
    <nd ref="9867035930"/>
    <nd ref="4713636662"/>
    <nd ref="5618440654"/>
    <nd ref="314481888"/>
    <nd ref="6738978976"/>
    <nd ref="16965572"/>
    <nd ref="6744106594"/>
    <nd ref="4734475440"/>
    <nd ref="280180695"/>
    <nd ref="16965573"/>
    <nd ref="4422317642"/>
    <nd ref="16965574"/>
    <nd ref="4422317641"/>
    <nd ref="16965575"/>
    <nd ref="4710870029"/>
    <nd ref="4422317640"/>
    <nd ref="14074779351"/>
    <nd ref="309002764"/>
    <nd ref="10006989519"/>
    <nd ref="280180784"/>
    <nd ref="7061726968"/>
    <tag k="cycleway" v="track"/>
    <tag k="highway" v="tertiary"/>
    <tag k="lanes" v="2"/>
    <tag k="lit" v="yes"/>
    <tag k="maxspeed" v="60"/>
    <tag k="name" v="Tømmerupvej"/>
    <tag k="name:etymology:wikidata" v="Q12008132"/>
    <tag k="source:maxspeed" v="sign"/>
    <tag k="surface" v="asphalt"/>
  </way>
  <way id="3995704">
    <nd ref="20948167"/>
    <nd ref="2421592186"/>
    <nd ref="13571023838"/>
    <nd ref="2411691497"/>
    <nd ref="20948171"/>
    <nd ref="5337952895"/>
    <nd ref="3379469125"/>
    <nd ref="20948172"/>
    <nd ref="20948173"/>
    <nd ref="20948174"/>
    <tag k="bicycle" v="no"/>
    <tag k="highway" v="tertiary"/>
    <tag k="lanes" v="2"/>
    <tag k="lit" v="yes"/>
    <tag k="maxspeed" v="80"/>
    <tag k="name" v="Lufthavnsboulevarden"/>
    <tag k="name:etymology:wikidata" v="Q206277"/>
    <tag k="shoulder" v="no"/>
    <tag k="source:maxspeed" v="DK:rural"/>
    <tag k="surface" v="asphalt"/>
  </way>
  <way id="4327219">
    <nd ref="6540008"/>
    <nd ref="1369055564"/>
    <nd ref="6888720761"/>
    <nd ref="281683160"/>
    <nd ref="1573491329"/>
    <nd ref="6952474345"/>
    <tag k="cycleway:right" v="track"/>
    <tag k="highway" v="tertiary"/>
    <tag k="lanes" v="2"/>
    <tag k="lit" v="yes"/>
    <tag k="maxspeed" v="50"/>
    <tag k="name" v="Vejlands Allé"/>
    <tag k="name:etymology" v="lokalt marknavn; Weylands-agre (1682)"/>
    <tag k="oneway" v="yes"/>
    <tag k="shoulder" v="no"/>
    <tag k="sidewalk" v="right"/>
    <tag k="source:maxspeed" v="DK:urban"/>
    <tag k="surface" v="asphalt"/>
  </way>
  <way id="4373483">
    <nd ref="279085950"/>
    <nd ref="4692369141"/>
    <nd ref="7229982"/>
    <tag k="bicycle" v="no"/>
    <tag k="foot" v="yes"/>
    <tag k="highway" v="tertiary"/>
    <tag k="lanes" v="3"/>
    <tag k="lit" v="yes"/>
    <tag k="maxspeed" v="80"/>
    <tag k="name" v="Ellehammersvej"/>
    <tag k="name:etymology:wikidata" v="Q286016"/>
    <tag k="oneway" v="yes"/>
    <tag k="placement" v="right_of:2"/>
    <tag k="shoulder" v="no"/>
    <tag k="sidewalk" v="separate"/>
    <tag k="source:maxspeed" v="DK:rural"/>
    <tag k="surface" v="asphalt"/>
    <tag k="turn:lanes" v="left|through|through"/>
  </way>
  <way id="4373484">
    <nd ref="20948166"/>
    <nd ref="582302183"/>
    <nd ref="26667789"/>
    <nd ref="5379933410"/>
    <nd ref="20948167"/>
    <nd ref="582302188"/>
    <nd ref="26667791"/>
    <nd ref="582302193"/>
    <nd ref="20948168"/>
    <nd ref="5379933408"/>
    <nd ref="447776265"/>
    <nd ref="26667790"/>
    <nd ref="582302198"/>
    <nd ref="5379933409"/>
    <nd ref="20948169"/>
    <nd ref="582302200"/>
    <nd ref="26667792"/>
    <nd ref="582302202"/>
    <nd ref="20948165"/>
    <nd ref="582302204"/>
    <nd ref="20948166"/>
    <tag k="bicycle" v="use_sidepath"/>
    <tag k="highway" v="tertiary"/>
    <tag k="junction" v="roundabout"/>
    <tag k="lane_markings" v="no"/>
    <tag k="lanes" v="1"/>
    <tag k="lit" v="yes"/>
    <tag k="maxspeed" v="80"/>
    <tag k="source:maxspeed" v="DK:rural"/>
    <tag k="surface" v="asphalt"/>
  </way>
  <way id="4374792">
    <nd ref="7658496"/>
    <nd ref="10286321"/>
    <nd ref="8082421"/>
    <nd ref="7449154420"/>
    <nd ref="8078549"/>
    <nd ref="7713755"/>
    <nd ref="5445815422"/>
    <nd ref="297309409"/>
    <nd ref="7449330874"/>
    <nd ref="4929026770"/>
    <nd ref="10141428469"/>
    <nd ref="5333000698"/>
    <nd ref="5333000700"/>
    <tag k="cycleway" v="track"/>
    <tag k="highway" v="tertiary"/>
    <tag k="lanes" v="2"/>
    <tag k="lit" v="yes"/>
    <tag k="maxspeed" v="50"/>
    <tag k="name" v="Alleen"/>
    <tag k="source:maxspeed" v="DK:urban"/>
    <tag k="surface" v="asphalt"/>
    <tag k="wikidata" v="Q21285827"/>
  </way>
  <way id="4493760">
    <nd ref="6396634103"/>
    <nd ref="396989289"/>
    <nd ref="397078404"/>
    <nd ref="396990366"/>
    <nd ref="396992513"/>
    <nd ref="396991261"/>
    <nd ref="396995793"/>
    <nd ref="408416200"/>
    <nd ref="396998128"/>
    <nd ref="9383892053"/>
    <nd ref="397003974"/>
    <nd ref="397009057"/>
    <nd ref="397015057"/>
    <tag k="cycleway:right" v="separate"/>
    <tag k="highway" v="secondary"/>
    <tag k="lanes" v="2"/>
    <tag k="lit" v="yes"/>
    <tag k="maxspeed" v="80"/>
    <tag k="name" v="Englandsvej"/>
    <tag k="name:etymology:wikidata" v="Q21"/>
    <tag k="oneway" v="yes"/>
    <tag k="ref" v="221"/>
    <tag k="sidewalk:right" v="separate"/>
    <tag k="surface" v="asphalt"/>
  </way>
  <way id="4517829">
    <nd ref="244466771"/>
    <nd ref="1069961249"/>
    <nd ref="244466770"/>
    <nd ref="1069961220"/>
    <tag k="highway" v="motorway"/>
    <tag k="int_ref" v="E 20"/>
    <tag k="lanes" v="2"/>
    <tag k="maxspeed" v="90"/>
    <tag k="name" v="Øresundsmotorvejen"/>
    <tag k="name:etymology:wikidata" v="Q104662"/>
    <tag k="oneway" v="yes"/>
    <tag k="operator" v="Øresundsbro Konsortiet I/S"/>
    <tag k="operator:wikidata" v="Q12342037"/>
    <tag k="operator:wikipedia" v="da:Øresundsbro Konsortiet"/>
    <tag k="ref" v="E 20"/>
    <tag k="shoulder" v="no"/>
    <tag k="source:maxspeed" v="sign"/>
    <tag k="surface" v="asphalt"/>
    <tag k="toll" v="yes"/>
  </way>
  <way id="10610536">
    <nd ref="7229992"/>
    <nd ref="6906222091"/>
    <nd ref="12237326483"/>
    <nd ref="4406817691"/>
    <nd ref="17472626"/>
    <tag k="bicycle" v="yes"/>
    <tag k="cycleway" v="track"/>
    <tag k="foot" v="yes"/>
    <tag k="highway" v="tertiary"/>
    <tag k="lanes" v="3"/>
    <tag k="lanes:backward" v="1"/>
    <tag k="lanes:forward" v="2"/>
    <tag k="lit" v="yes"/>
    <tag k="maxspeed" v="50"/>
    <tag k="name" v="Amager Strandvej"/>
    <tag k="sidewalk" v="both"/>
    <tag k="source:maxspeed" v="DK:urban"/>
    <tag k="surface" v="asphalt"/>
    <tag k="turn:lanes:forward" v="none|right"/>
    <tag k="wikidata" v="Q12301226"/>
  </way>
  <way id="11917653">
    <nd ref="30562363"/>
    <nd ref="322660279"/>
    <nd ref="322660206"/>
    <nd ref="30562398"/>
    <nd ref="1379038433"/>
    <nd ref="30562443"/>
    <nd ref="3726149764"/>
    <nd ref="6707843324"/>
    <nd ref="6732345630"/>
    <nd ref="456200476"/>
    <nd ref="3700719567"/>
    <nd ref="3700733377"/>
    <nd ref="30562323"/>
    <nd ref="30562437"/>
    <nd ref="6732345628"/>
    <nd ref="6707843326"/>
    <nd ref="30562424"/>
    <nd ref="2372774915"/>
    <tag k="cycleway" v="lane"/>
    <tag k="highway" v="tertiary"/>
    <tag k="lit" v="yes"/>
    <tag k="maxspeed" v="50"/>
    <tag k="name" v="Hartkornsvej"/>
    <tag k="name:etymology:wikidata" v="Q4588088"/>
    <tag k="source:maxspeed" v="DK:urban"/>
    <tag k="surface" v="asphalt"/>
  </way>
  <way id="22771792">
    <nd ref="118914"/>
    <nd ref="244466771"/>
    <tag k="highway" v="motorway"/>
    <tag k="int_ref" v="E 20"/>
    <tag k="lanes" v="2"/>
    <tag k="layer" v="-1"/>
    <tag k="lit" v="24/7"/>
    <tag k="maxspeed" v="90"/>
    <tag k="maxspeed:variable" v="yes"/>
    <tag k="name" v="Øresundsmotorvejen"/>
    <tag k="name:etymology:wikidata" v="Q104662"/>
    <tag k="oneway" v="yes"/>
    <tag k="operator" v="Øresundsbro Konsortiet I/S"/>
    <tag k="operator:wikidata" v="Q12342037"/>
    <tag k="operator:wikipedia" v="da:Øresundsbro Konsortiet"/>
    <tag k="ref" v="E 20"/>
    <tag k="shoulder" v="no"/>
    <tag k="source:maxspeed" v="sign"/>
    <tag k="start_date" v="2000-06-01"/>
    <tag k="surface" v="asphalt"/>
    <tag k="toll" v="yes"/>
    <tag k="tunnel" v="yes"/>
    <tag k="tunnel:alt_name:da" v="Øresundstunnelen"/>
    <tag k="tunnel:alt_name:sv" v="Öresundstunneln"/>
    <tag k="tunnel:name" v="Drogdentunnelen"/>
    <tag k="tunnel:name:da" v="Drogdentunnelen"/>
    <tag k="tunnel:name:de" v="Drogdentunnel"/>
    <tag k="tunnel:name:en" v="Drogden Tunnel"/>
    <tag k="tunnel:name:sv" v="Drogdentunneln"/>
    <tag k="tunnel:official_name" v="Drogdentunnelen"/>
  </way>
  <way id="22771793">
    <nd ref="118912"/>
    <nd ref="244466752"/>
    <tag k="highway" v="motorway"/>
    <tag k="int_ref" v="E 20"/>
    <tag k="lanes" v="2"/>
    <tag k="layer" v="-1"/>
    <tag k="lit" v="24/7"/>
    <tag k="maxspeed" v="90"/>
    <tag k="maxspeed:variable" v="yes"/>
    <tag k="name" v="Øresundsmotorvejen"/>
    <tag k="name:etymology:wikidata" v="Q104662"/>
    <tag k="oneway" v="yes"/>
    <tag k="operator" v="Øresundsbro Konsortiet I/S"/>
    <tag k="operator:wikidata" v="Q12342037"/>
    <tag k="operator:wikipedia" v="da:Øresundsbro Konsortiet"/>
    <tag k="ref" v="E 20"/>
    <tag k="shoulder" v="no"/>
    <tag k="source:maxspeed" v="sign"/>
    <tag k="start_date" v="2000-06-01"/>
    <tag k="surface" v="asphalt"/>
    <tag k="toll" v="yes"/>
    <tag k="tunnel" v="yes"/>
    <tag k="tunnel:alt_name:da" v="Øresundstunnelen"/>
    <tag k="tunnel:alt_name:sv" v="Öresundstunneln"/>
    <tag k="tunnel:name" v="Drogdentunnelen"/>
    <tag k="tunnel:name:da" v="Drogdentunnelen"/>
    <tag k="tunnel:name:de" v="Drogdentunnel"/>
    <tag k="tunnel:name:en" v="Drogden Tunnel"/>
    <tag k="tunnel:name:sv" v="Drogdentunneln"/>
    <tag k="tunnel:official_name" v="Drogdentunnelen"/>
  </way>
  <way id="23388398">
    <nd ref="6985392401"/>
    <nd ref="429848058"/>
    <nd ref="2910654021"/>
    <nd ref="2910654011"/>
    <nd ref="94285730"/>
    <nd ref="2411760348"/>
    <nd ref="253237375"/>
    <nd ref="8441631707"/>
    <nd ref="6938296968"/>
    <nd ref="8085713"/>
    <nd ref="253373391"/>
    <nd ref="253375061"/>
    <nd ref="253372590"/>
    <nd ref="13570199897"/>
    <nd ref="17332929"/>
    <tag k="bicycle" v="use_sidepath"/>
    <tag k="highway" v="tertiary"/>
    <tag k="lanes" v="2"/>
    <tag k="lit" v="yes"/>
    <tag k="maxspeed" v="60"/>
    <tag k="name" v="Englandsvej"/>
    <tag k="name:etymology:wikidata" v="Q21"/>
    <tag k="oneway" v="yes"/>
    <tag k="shoulder" v="no"/>
    <tag k="smoothness" v="good"/>
    <tag k="source:maxspeed" v="sign"/>
    <tag k="surface" v="asphalt"/>
    <tag k="wikidata" v="Q12310148"/>
  </way>
  <way id="24418487">
    <nd ref="265161830"/>
    <nd ref="17033266"/>
    <tag k="bicycle" v="yes"/>
    <tag k="cycleway" v="track"/>
    <tag k="foot" v="yes"/>
    <tag k="highway" v="tertiary"/>
    <tag k="lanes" v="3"/>
    <tag k="lanes:backward" v="1"/>
    <tag k="lanes:forward" v="2"/>
    <tag k="lit" v="yes"/>
    <tag k="maxspeed" v="50"/>
    <tag k="name" v="Amager Landevej"/>
    <tag k="name:etymology:wikidata" v="Q210396"/>
    <tag k="sidewalk" v="both"/>
    <tag k="source:maxspeed" v="DK:urban"/>
    <tag k="surface" v="asphalt"/>
    <tag k="turn:lanes:forward" v="left|through"/>
    <tag k="wikidata" v="Q122975730"/>
  </way>
  <way id="24418574">
    <nd ref="8441631643"/>
    <nd ref="397071483"/>
    <nd ref="8079377"/>
    <nd ref="323052092"/>
    <nd ref="315019857"/>
    <tag k="cycleway" v="separate"/>
    <tag k="highway" v="secondary"/>
    <tag k="lanes" v="2"/>
    <tag k="lit" v="yes"/>
    <tag k="maxspeed" v="60"/>
    <tag k="name" v="Englandsvej"/>
    <tag k="name:etymology:wikidata" v="Q21"/>
    <tag k="ref" v="221"/>
    <tag k="sidewalk" v="separate"/>
    <tag k="source:maxspeed" v="sign"/>
    <tag k="surface" v="asphalt"/>
    <tag k="wikidata" v="Q12310148"/>
  </way>
  <way id="24470344">
    <nd ref="395912243"/>
    <nd ref="266025313"/>
    <tag k="bicycle" v="use_sidepath"/>
    <tag k="bridge" v="yes"/>
    <tag k="foot" v="no"/>
    <tag k="highway" v="tertiary"/>
    <tag k="lanes" v="2"/>
    <tag k="layer" v="1"/>
    <tag k="lit" v="yes"/>
    <tag k="maxspeed" v="50"/>
    <tag k="maxweight:signed" v="no"/>
    <tag k="name" v="Amager Strandvej"/>
    <tag k="oneway" v="yes"/>
    <tag k="source:maxspeed" v="DK:urban"/>
    <tag k="surface" v="asphalt"/>
    <tag k="wikidata" v="Q12301226"/>
  </way>
  <way id="25526451">
    <nd ref="6952474335"/>
    <nd ref="3625203382"/>
    <nd ref="6888720760"/>
    <nd ref="253253573"/>
    <nd ref="3380301232"/>
    <nd ref="8078323"/>
    <tag k="bicycle" v="use_sidepath"/>
    <tag k="cycleway" v="separate"/>
    <tag k="highway" v="tertiary"/>
    <tag k="lanes" v="2"/>
    <tag k="lit" v="yes"/>
    <tag k="maxspeed" v="50"/>
    <tag k="name" v="Røde Mellemvej"/>
    <tag k="sidewalk" v="both"/>
    <tag k="source:maxspeed" v="DK:urban"/>
    <tag k="surface" v="asphalt"/>
  </way>
  <way id="25604858">
    <nd ref="7229983"/>
    <nd ref="279085950"/>
    <tag k="bicycle" v="no"/>
    <tag k="highway" v="tertiary"/>
    <tag k="lanes" v="2"/>
    <tag k="lit" v="yes"/>
    <tag k="maxspeed" v="80"/>
    <tag k="name" v="Ellehammersvej"/>
    <tag k="name:etymology:wikidata" v="Q286016"/>
    <tag k="oneway" v="yes"/>
    <tag k="source:maxspeed" v="DK:rural"/>
    <tag k="surface" v="asphalt"/>
  </way>
  <way id="30791016">
    <nd ref="340503713"/>
    <nd ref="9657929338"/>
    <nd ref="1357949901"/>
    <nd ref="2631260751"/>
    <nd ref="8812073"/>
    <nd ref="1537154315"/>
    <tag k="highway" v="motorway"/>
    <tag k="int_ref" v="E 20"/>
    <tag k="lanes" v="2"/>
    <tag k="lit" v="yes"/>
    <tag k="maxspeed" v="110"/>
    <tag k="name" v="Øresundsmotorvejen"/>
    <tag k="name:etymology:wikidata" v="Q104662"/>
    <tag k="oneway" v="yes"/>
    <tag k="operator" v="Øresundsbro Konsortiet I/S"/>
    <tag k="operator:wikidata" v="Q12342037"/>
    <tag k="operator:wikipedia" v="da:Øresundsbro Konsortiet"/>
    <tag k="ref" v="E 20"/>
    <tag k="source:maxspeed" v="sign"/>
    <tag k="surface" v="asphalt"/>
  </way>
  <way id="30791075">
    <nd ref="340503591"/>
    <nd ref="1344129250"/>
    <tag k="highway" v="motorway"/>
    <tag k="int_ref" v="E 20"/>
    <tag k="lanes" v="2"/>
    <tag k="layer" v="-1"/>
    <tag k="lit" v="24/7"/>
    <tag k="maxheight" v="default"/>
    <tag k="maxspeed" v="110"/>
    <tag k="maxspeed:variable" v="yes"/>
    <tag k="name" v="Øresundsmotorvejen"/>
    <tag k="name:etymology:wikidata" v="Q104662"/>
    <tag k="oneway" v="yes"/>
    <tag k="operator" v="Øresundsbro Konsortiet I/S"/>
    <tag k="operator:wikidata" v="Q12342037"/>
    <tag k="operator:wikipedia" v="da:Øresundsbro Konsortiet"/>
    <tag k="ref" v="E 20"/>
    <tag k="source:maxspeed" v="sign"/>
    <tag k="surface" v="asphalt"/>
    <tag k="tunnel" v="yes"/>
    <tag k="tunnel:name" v="Tårnbytunnelsen"/>
  </way>
  <way id="30791222">
    <nd ref="340512498"/>
    <nd ref="118899"/>
    <nd ref="1357409962"/>
    <nd ref="2288016844"/>
    <tag k="highway" v="motorway"/>
    <tag k="int_ref" v="E 20"/>
    <tag k="lanes" v="2"/>
    <tag k="lit" v="yes"/>
    <tag k="maxspeed" v="110"/>
    <tag k="maxspeed:variable" v="yes"/>
    <tag k="name" v="Øresundsmotorvejen"/>
    <tag k="name:etymology:wikidata" v="Q104662"/>
    <tag k="oneway" v="yes"/>
    <tag k="operator" v="Øresundsbro Konsortiet I/S"/>
    <tag k="operator:wikidata" v="Q12342037"/>
    <tag k="operator:wikipedia" v="da:Øresundsbro Konsortiet"/>
    <tag k="ref" v="E 20"/>
    <tag k="source:maxspeed" v="sign"/>
    <tag k="surface" v="asphalt"/>
  </way>
  <way id="30791228">
    <nd ref="340506309"/>
    <nd ref="408424991"/>
    <nd ref="1344129253"/>
    <tag k="highway" v="motorway"/>
    <tag k="int_ref" v="E 20"/>
    <tag k="lanes" v="2"/>
    <tag k="lit" v="yes"/>
    <tag k="maxspeed" v="110"/>
    <tag k="name" v="Øresundsmotorvejen"/>
    <tag k="name:etymology:wikidata" v="Q104662"/>
    <tag k="oneway" v="yes"/>
    <tag k="operator" v="Øresundsbro Konsortiet I/S"/>
    <tag k="operator:wikidata" v="Q12342037"/>
    <tag k="operator:wikipedia" v="da:Øresundsbro Konsortiet"/>
    <tag k="ref" v="E 20"/>
    <tag k="source:maxspeed" v="sign"/>
    <tag k="surface" v="asphalt"/>
  </way>
  <way id="34434314">
    <nd ref="282658951"/>
    <nd ref="4933885716"/>
    <tag k="bicycle" v="no"/>
    <tag k="bridge" v="yes"/>
    <tag k="foot" v="no"/>
    <tag k="highway" v="tertiary"/>
    <tag k="lanes" v="2"/>
    <tag k="layer" v="1"/>
    <tag k="lit" v="yes"/>
    <tag k="maxspeed" v="50"/>
    <tag k="maxweight:signed" v="no"/>
    <tag k="name" v="Amager Strandvej"/>
    <tag k="oneway" v="yes"/>
    <tag k="source:maxspeed" v="DK:urban"/>
    <tag k="surface" v="asphalt"/>
    <tag k="wikidata" v="Q12301226"/>
  </way>
  <way id="34434316">
    <nd ref="395912240"/>
    <nd ref="25954098"/>
    <tag k="bicycle" v="use_sidepath"/>
    <tag k="highway" v="tertiary"/>
    <tag k="lanes" v="2"/>
    <tag k="lit" v="yes"/>
    <tag k="maxspeed" v="50"/>
    <tag k="name" v="Amager Strandvej"/>
    <tag k="oneway" v="yes"/>
    <tag k="source:maxspeed" v="DK:urban"/>
    <tag k="surface" v="asphalt"/>
    <tag k="turn:lanes" v="through|through"/>
    <tag k="wikidata" v="Q12301226"/>
  </way>
  <way id="34454342">
    <nd ref="397052586"/>
    <nd ref="7100236634"/>
    <nd ref="4422317602"/>
    <nd ref="6952511044"/>
    <nd ref="397046167"/>
    <tag k="cycleway:right" v="separate"/>
    <tag k="highway" v="secondary"/>
    <tag k="lane_markings" v="no"/>
    <tag k="lit" v="yes"/>
    <tag k="maxspeed" v="60"/>
    <tag k="name" v="Englandsvej"/>
    <tag k="name:etymology:wikidata" v="Q21"/>
    <tag k="oneway" v="yes"/>
    <tag k="ref" v="221"/>
    <tag k="sidewalk:right" v="separate"/>
    <tag k="source:maxspeed" v="sign"/>
    <tag k="surface" v="asphalt"/>
  </way>
  <way id="34454766">
    <nd ref="397014435"/>
    <nd ref="397008951"/>
    <nd ref="397003043"/>
    <nd ref="9383892054"/>
    <nd ref="396996329"/>
    <nd ref="408416185"/>
    <nd ref="396995098"/>
    <nd ref="396991049"/>
    <nd ref="396991793"/>
    <nd ref="396989805"/>
    <nd ref="397078200"/>
    <nd ref="396988160"/>
    <nd ref="6396634104"/>
    <tag k="cycleway:right" v="separate"/>
    <tag k="highway" v="secondary"/>
    <tag k="lanes" v="2"/>
    <tag k="lit" v="yes"/>
    <tag k="maxspeed" v="80"/>
    <tag k="name" v="Englandsvej"/>
    <tag k="name:etymology:wikidata" v="Q21"/>
    <tag k="oneway" v="yes"/>
    <tag k="ref" v="221"/>
    <tag k="sidewalk:right" v="separate"/>
    <tag k="surface" v="asphalt"/>
  </way>
  <way id="34454767">
    <nd ref="397015057"/>
    <nd ref="397026673"/>
    <tag k="cycleway:right" v="separate"/>
    <tag k="highway" v="secondary"/>
    <tag k="lanes" v="2"/>
    <tag k="layer" v="-1"/>
    <tag k="lit" v="24/7"/>
    <tag k="maxheight" v="4"/>
    <tag k="maxspeed" v="80"/>
    <tag k="name" v="Englandsvej"/>
    <tag k="name:etymology:wikidata" v="Q21"/>
    <tag k="oneway" v="yes"/>
    <tag k="ref" v="221"/>
    <tag k="shoulder" v="no"/>
    <tag k="sidewalk:right" v="separate"/>
    <tag k="surface" v="asphalt"/>
    <tag k="tunnel" v="yes"/>
    <tag k="wikidata" v="Q12310148"/>
  </way>
  <way id="34454781">
    <nd ref="397026142"/>
    <nd ref="397014435"/>
    <tag k="cycleway:right" v="separate"/>
    <tag k="highway" v="secondary"/>
    <tag k="lanes" v="2"/>
    <tag k="layer" v="-1"/>
    <tag k="lit" v="24/7"/>
    <tag k="maxheight" v="4"/>
    <tag k="maxspeed" v="80"/>
    <tag k="name" v="Englandsvej"/>
    <tag k="name:etymology:wikidata" v="Q21"/>
    <tag k="oneway" v="yes"/>
    <tag k="ref" v="221"/>
    <tag k="shoulder" v="no"/>
    <tag k="sidewalk:right" v="separate"/>
    <tag k="surface" v="asphalt"/>
    <tag k="tunnel" v="yes"/>
    <tag k="wikidata" v="Q12310148"/>
  </way>
  <way id="34454782">
    <nd ref="397026673"/>
    <nd ref="7908800952"/>
    <nd ref="14074779353"/>
    <nd ref="7908800951"/>
    <nd ref="10006989525"/>
    <nd ref="397036919"/>
    <tag k="cycleway:right" v="separate"/>
    <tag k="highway" v="secondary"/>
    <tag k="lanes" v="2"/>
    <tag k="lit" v="yes"/>
    <tag k="maxspeed" v="80"/>
    <tag k="name" v="Englandsvej"/>
    <tag k="name:etymology:wikidata" v="Q21"/>
    <tag k="oneway" v="yes"/>
    <tag k="ref" v="221"/>
    <tag k="shoulder" v="no"/>
    <tag k="sidewalk:right" v="separate"/>
    <tag k="source:maxspeed" v="sign"/>
    <tag k="surface" v="asphalt"/>
    <tag k="wikidata" v="Q12310148"/>
  </way>
  <way id="37451407">
    <nd ref="6988428915"/>
    <nd ref="5487431873"/>
    <nd ref="6988428914"/>
    <nd ref="4723964785"/>
    <nd ref="8088587"/>
    <nd ref="4725812249"/>
    <nd ref="1482081955"/>
    <nd ref="8078576"/>
    <nd ref="9072338897"/>
    <nd ref="7740735204"/>
    <nd ref="7740735205"/>
    <nd ref="14054889221"/>
    <nd ref="14054889230"/>
    <nd ref="274874462"/>
    <tag k="bicycle" v="yes"/>
    <tag k="cycleway" v="track"/>
    <tag k="foot" v="yes"/>
    <tag k="highway" v="tertiary"/>
    <tag k="lanes" v="2"/>
    <tag k="lit" v="yes"/>
    <tag k="maxspeed" v="50"/>
    <tag k="name" v="Amagerbrogade"/>
    <tag k="name:etymology:wikidata" v="Q3375590"/>
    <tag k="shoulder" v="no"/>
    <tag k="sidewalk" v="both"/>
    <tag k="source:maxspeed" v="DK:urban"/>
    <tag k="surface" v="asphalt"/>
    <tag k="wikidata" v="Q3373779"/>
  </way>
  <way id="37706640">
    <nd ref="442137147"/>
    <nd ref="8079473"/>
    <nd ref="5382715388"/>
    <nd ref="442137146"/>
    <nd ref="3224531923"/>
    <nd ref="8079472"/>
    <nd ref="4805952489"/>
    <tag k="bicycle" v="no"/>
    <tag k="destination" v="Malmø"/>
    <tag k="destination:ref" v="E 20"/>
    <tag k="destination:symbol" v="airport"/>
    <tag k="highway" v="tertiary"/>
    <tag k="lanes" v="2"/>
    <tag k="lit" v="yes"/>
    <tag k="mapillary" v="3849153085196102"/>
    <tag k="maxspeed" v="80"/>
    <tag k="motorcar" v="yes"/>
    <tag k="name" v="Ellehammersvej"/>
    <tag k="name:etymology:wikidata" v="Q286016"/>
    <tag k="oneway" v="yes"/>
    <tag k="source:maxspeed" v="DK:rural"/>
    <tag k="surface" v="asphalt"/>
  </way>
  <way id="37706758">
    <nd ref="442137491"/>
    <nd ref="442137490"/>
    <tag k="bicycle" v="use_sidepath"/>
    <tag k="highway" v="tertiary"/>
    <tag k="lanes" v="2"/>
    <tag k="lit" v="yes"/>
    <tag k="maxspeed" v="80"/>
    <tag k="name" v="Ellehammersvej"/>
    <tag k="name:etymology:wikidata" v="Q286016"/>
    <tag k="oneway" v="yes"/>
    <tag k="shoulder" v="no"/>
    <tag k="source:maxspeed" v="DK:rural"/>
    <tag k="surface" v="asphalt"/>
  </way>
  <way id="37706761">
    <nd ref="442137490"/>
    <nd ref="2411776991"/>
    <nd ref="442137489"/>
    <tag k="bicycle" v="no"/>
    <tag k="highway" v="tertiary"/>
    <tag k="lanes" v="4"/>
    <tag k="lit" v="yes"/>
    <tag k="maxspeed" v="80"/>
    <tag k="name" v="Ellehammersvej"/>
    <tag k="name:etymology:wikidata" v="Q286016"/>
    <tag k="oneway" v="yes"/>
    <tag k="shoulder" v="no"/>
    <tag k="sidewalk:left" v="no"/>
    <tag k="sidewalk:right" v="separate"/>
    <tag k="source:maxspeed" v="DK:rural"/>
    <tag k="surface" v="asphalt"/>
    <tag k="turn:lanes" v="left|through|through|right"/>
  </way>
  <way id="38069230">
    <nd ref="2206371629"/>
    <nd ref="447766757"/>
    <nd ref="8441650223"/>
    <nd ref="335721460"/>
    <nd ref="282658951"/>
    <tag k="bicycle" v="use_sidepath"/>
    <tag k="destination" v="Malmø"/>
    <tag k="destination:ref" v="E 20"/>
    <tag k="destination:symbol" v="airport"/>
    <tag k="foot" v="no"/>
    <tag k="highway" v="tertiary"/>
    <tag k="lanes" v="2"/>
    <tag k="lit" v="yes"/>
    <tag k="mapillary" v="466087294499563"/>
    <tag k="maxspeed" v="50"/>
    <tag k="name" v="Amager Strandvej"/>
    <tag k="oneway" v="yes"/>
    <tag k="sidewalk" v="right"/>
    <tag k="source:maxspeed" v="DK:urban"/>
    <tag k="surface" v="asphalt"/>
    <tag k="wikidata" v="Q12301226"/>
  </way>
  <way id="38069234">
    <nd ref="447765357"/>
    <nd ref="4933885924"/>
    <tag k="bicycle" v="no"/>
    <tag k="bridge" v="yes"/>
    <tag k="foot" v="no"/>
    <tag k="highway" v="tertiary"/>
    <tag k="lanes" v="2"/>
    <tag k="layer" v="1"/>
    <tag k="lit" v="yes"/>
    <tag k="maxspeed" v="50"/>
    <tag k="maxweight:signed" v="no"/>
    <tag k="name" v="Amager Strandvej"/>
    <tag k="oneway" v="yes"/>
    <tag k="source:maxspeed" v="DK:urban"/>
    <tag k="surface" v="asphalt"/>
    <tag k="turn:lanes" v="left|through"/>
    <tag k="wikidata" v="Q12301226"/>
  </way>
  <way id="38069236">
    <nd ref="447765370"/>
    <nd ref="447766923"/>
    <tag k="bicycle" v="no"/>
    <tag k="foot" v="no"/>
    <tag k="highway" v="tertiary"/>
    <tag k="lanes" v="2"/>
    <tag k="lit" v="yes"/>
    <tag k="maxspeed" v="50"/>
    <tag k="name" v="Amager Strandvej"/>
    <tag k="oneway" v="yes"/>
    <tag k="source:maxspeed" v="DK:urban"/>
    <tag k="surface" v="asphalt"/>
    <tag k="wikidata" v="Q12301226"/>
  </way>
  <way id="38069237">
    <nd ref="1069961255"/>
    <nd ref="1069961251"/>
    <nd ref="1069961173"/>
    <nd ref="447765245"/>
    <tag k="bicycle" v="no"/>
    <tag k="cycleway:right" v="no"/>
    <tag k="foot" v="no"/>
    <tag k="highway" v="tertiary"/>
    <tag k="lanes" v="2"/>
    <tag k="lit" v="yes"/>
    <tag k="maxspeed" v="50"/>
    <tag k="name" v="Amager Strandvej"/>
    <tag k="oneway" v="yes"/>
    <tag k="shoulder" v="no"/>
    <tag k="smoothness" v="excellent"/>
    <tag k="source:maxspeed" v="DK:rural"/>
    <tag k="surface" v="asphalt"/>
    <tag k="wikidata" v="Q12301226"/>
  </way>
  <way id="38069238">
    <nd ref="447765246"/>
    <nd ref="447766463"/>
    <nd ref="447766464"/>
    <nd ref="2421718365"/>
    <tag k="bicycle" v="no"/>
    <tag k="foot" v="no"/>
    <tag k="highway" v="tertiary"/>
    <tag k="lanes" v="1"/>
    <tag k="lit" v="yes"/>
    <tag k="maxspeed" v="50"/>
    <tag k="name" v="Amager Strandvej"/>
    <tag k="oneway" v="yes"/>
    <tag k="sidewalk" v="no"/>
    <tag k="source:maxspeed" v="DK:urban"/>
    <tag k="surface" v="asphalt"/>
    <tag k="turn:lanes" v="through"/>
    <tag k="wikidata" v="Q12301226"/>
  </way>
  <way id="38069758">
    <nd ref="20948169"/>
    <nd ref="6328317941"/>
    <nd ref="4805885680"/>
    <tag k="bicycle" v="use_sidepath"/>
    <tag k="highway" v="tertiary"/>
    <tag k="lane_markings" v="no"/>
    <tag k="lanes" v="1"/>
    <tag k="lit" v="yes"/>
    <tag k="maxspeed" v="80"/>
    <tag k="name" v="Lufthavnsboulevarden"/>
    <tag k="name:etymology:wikidata" v="Q206277"/>
    <tag k="oneway" v="yes"/>
    <tag k="smoothness" v="good"/>
    <tag k="source:maxspeed" v="DK:rural"/>
    <tag k="surface" v="asphalt"/>
  </way>
  <way id="38069973">
    <nd ref="447776864"/>
    <nd ref="265161830"/>
    <tag k="bicycle" v="yes"/>
    <tag k="bridge" v="yes"/>
    <tag k="cycleway" v="track"/>
    <tag k="foot" v="yes"/>
    <tag k="highway" v="tertiary"/>
    <tag k="lanes" v="4"/>
    <tag k="lanes:backward" v="2"/>
    <tag k="lanes:forward" v="2"/>
    <tag k="layer" v="1"/>
    <tag k="lit" v="yes"/>
    <tag k="maxspeed" v="60"/>
    <tag k="maxweight:signed" v="no"/>
    <tag k="name" v="Amager Landevej"/>
    <tag k="name:etymology:wikidata" v="Q210396"/>
    <tag k="sidewalk" v="both"/>
    <tag k="surface" v="asphalt"/>
    <tag k="turn:lanes:backward" v="left|through"/>
    <tag k="wikidata" v="Q122975730"/>
  </way>
  <way id="42320995">
    <nd ref="16965567"/>
    <nd ref="6738978977"/>
    <nd ref="5922587988"/>
    <tag k="cycleway" v="track"/>
    <tag k="highway" v="tertiary"/>
    <tag k="lanes" v="4"/>
    <tag k="lanes:backward" v="3"/>
    <tag k="lanes:forward" v="1"/>
    <tag k="lit" v="yes"/>
    <tag k="maxspeed" v="60"/>
    <tag k="name" v="Amager Landevej"/>
    <tag k="name:etymology:wikidata" v="Q210396"/>
    <tag k="sidewalk" v="both"/>
    <tag k="source:maxspeed" v="sign"/>
    <tag k="surface" v="asphalt"/>
    <tag k="turn:lanes:backward" v="left|through|slight_right"/>
    <tag k="wikidata" v="Q122975730"/>
  </way>
  <way id="42709792">
    <nd ref="8032478"/>
    <nd ref="251438381"/>
    <nd ref="281692529"/>
    <nd ref="251438382"/>
    <nd ref="26588324"/>
    <nd ref="251438383"/>
    <nd ref="13427083722"/>
    <nd ref="251438379"/>
    <nd ref="281662798"/>
    <nd ref="281693122"/>
    <nd ref="8312023"/>
    <nd ref="4046652544"/>
    <nd ref="7059677293"/>
    <nd ref="8032481"/>
    <nd ref="26677119"/>
    <nd ref="8032483"/>
    <nd ref="281694130"/>
    <nd ref="251438415"/>
    <nd ref="7450417804"/>
    <nd ref="16965545"/>
    <nd ref="4705729495"/>
    <nd ref="9171754249"/>
    <nd ref="30688692"/>
    <nd ref="307942702"/>
    <nd ref="307942446"/>
    <nd ref="307941457"/>
    <nd ref="251438413"/>
    <nd ref="281699576"/>
    <nd ref="281699559"/>
    <nd ref="1036890897"/>
    <tag k="cycleway" v="track"/>
    <tag k="highway" v="tertiary"/>
    <tag k="lanes" v="2"/>
    <tag k="lit" v="yes"/>
    <tag k="maxspeed" v="50"/>
    <tag k="name" v="Oliefabriksvej"/>
    <tag k="sidewalk" v="both"/>
    <tag k="sidewalk:both:surface" v="paving_stones"/>
    <tag k="source:maxspeed" v="DK:urban"/>
    <tag k="surface" v="asphalt"/>
  </way>
  <way id="42709805">
    <nd ref="3377068702"/>
    <nd ref="17473568"/>
    <nd ref="17473569"/>
    <nd ref="3377068692"/>
    <nd ref="4715398818"/>
    <nd ref="3377068691"/>
    <nd ref="17473570"/>
    <nd ref="4693993926"/>
    <nd ref="17473571"/>
    <nd ref="3377068690"/>
    <nd ref="17473572"/>
    <nd ref="17473573"/>
    <nd ref="4715398837"/>
    <nd ref="3377068689"/>
    <nd ref="332560221"/>
    <nd ref="4715398852"/>
    <nd ref="17473574"/>
    <nd ref="5659681467"/>
    <nd ref="5659681457"/>
    <nd ref="5659681460"/>
    <nd ref="5659681459"/>
    <nd ref="332560222"/>
    <nd ref="4693993919"/>
    <nd ref="3377068688"/>
    <nd ref="17473575"/>
    <nd ref="4711344578"/>
    <nd ref="280180130"/>
    <nd ref="13442379816"/>
    <nd ref="5659681481"/>
    <nd ref="17473576"/>
    <nd ref="5659681474"/>
    <nd ref="17473577"/>
    <nd ref="17473578"/>
    <nd ref="7061726973"/>
    <nd ref="7061726974"/>
    <nd ref="3377068687"/>
    <nd ref="4711344492"/>
    <nd ref="4711344503"/>
    <nd ref="17473579"/>
    <nd ref="332336009"/>
    <nd ref="434549549"/>
    <nd ref="17473580"/>
    <nd ref="7061726969"/>
    <nd ref="17473581"/>
    <nd ref="17473582"/>
    <nd ref="3377068684"/>
    <nd ref="17473583"/>
    <nd ref="17034785"/>
    <tag k="highway" v="tertiary"/>
    <tag k="lanes" v="2"/>
    <tag k="maxspeed" v="50"/>
    <tag k="name" v="Tømmerupvej"/>
    <tag k="name:etymology:wikidata" v="Q12008132"/>
    <tag k="source:maxspeed" v="DK:urban"/>
    <tag k="surface" v="asphalt"/>
  </way>
  <way id="42718823">
    <nd ref="8032478"/>
    <nd ref="5590202794"/>
    <nd ref="5590202795"/>
    <nd ref="5590202813"/>
    <nd ref="394279943"/>
    <nd ref="5590202796"/>
    <nd ref="8032479"/>
    <nd ref="251438370"/>
    <nd ref="281692276"/>
    <nd ref="281692327"/>
    <nd ref="425519262"/>
    <nd ref="425516817"/>
    <nd ref="13570298804"/>
    <nd ref="1055898"/>
    <tag k="bicycle" v="yes"/>
    <tag k="cycleway" v="track"/>
    <tag k="highway" v="tertiary"/>
    <tag k="lanes" v="2"/>
    <tag k="lit" v="yes"/>
    <tag k="maxspeed" v="50"/>
    <tag k="name" v="Løjtegårdsvej"/>
    <tag k="name:etymology:wikidata" v="Q127153408"/>
    <tag k="shoulder" v="no"/>
    <tag k="sidewalk" v="both"/>
    <tag k="source:maxspeed" v="DK:urban"/>
    <tag k="surface" v="asphalt"/>
    <tag k="wikidata" v="Q122936777"/>
  </way>
  <way id="91797099">
    <nd ref="1066719890"/>
    <nd ref="3502962064"/>
    <nd ref="1066719862"/>
    <nd ref="7484930"/>
    <nd ref="1066719878"/>
    <nd ref="8441631700"/>
    <nd ref="3502962065"/>
    <nd ref="8441631695"/>
    <nd ref="1066719870"/>
    <nd ref="3502962061"/>
    <nd ref="1066719903"/>
    <tag k="bicycle" v="use_sidepath"/>
    <tag k="cycleway:right" v="separate"/>
    <tag k="foot" v="no"/>
    <tag k="highway" v="tertiary"/>
    <tag k="junction" v="circular"/>
    <tag k="lanes" v="2"/>
    <tag k="lit" v="yes"/>
    <tag k="maxspeed" v="50"/>
    <tag k="noname" v="yes"/>
    <tag k="note" v="Not a roundabout. Controlled by traffic lights"/>
    <tag k="oneway" v="yes"/>
    <tag k="shoulder" v="no"/>
    <tag k="sidewalk" v="no"/>
    <tag k="smoothness" v="excellent"/>
    <tag k="source:maxspeed" v="DK:urban"/>
    <tag k="surface" v="asphalt"/>
  </way>
  <way id="92162858">
    <nd ref="8441650240"/>
    <nd ref="6738387964"/>
    <nd ref="1069961197"/>
    <nd ref="8441650233"/>
    <nd ref="12102978866"/>
    <nd ref="12102978867"/>
    <nd ref="7229969"/>
    <tag k="bicycle" v="use_sidepath"/>
    <tag k="highway" v="tertiary"/>
    <tag k="lanes" v="2"/>
    <tag k="lit" v="yes"/>
    <tag k="maxspeed" v="50"/>
    <tag k="name" v="Kystvejen"/>
    <tag k="oneway" v="yes"/>
    <tag k="sidewalk" v="no"/>
    <tag k="source:maxspeed" v="DK:rural"/>
    <tag k="surface" v="asphalt"/>
  </way>
  <way id="92162860">
    <nd ref="266025313"/>
    <nd ref="1069961112"/>
    <nd ref="12102978865"/>
    <nd ref="1069961236"/>
    <nd ref="1069961145"/>
    <tag k="bicycle" v="no"/>
    <tag k="foot" v="no"/>
    <tag k="highway" v="tertiary"/>
    <tag k="lanes" v="2"/>
    <tag k="lit" v="yes"/>
    <tag k="maxspeed" v="50"/>
    <tag k="name" v="Amager Strandvej"/>
    <tag k="oneway" v="yes"/>
    <tag k="source:maxspeed" v="DK:rural"/>
    <tag k="surface" v="asphalt"/>
    <tag k="wikidata" v="Q12301226"/>
  </way>
  <way id="92162861">
    <nd ref="447765245"/>
    <nd ref="447765370"/>
    <tag k="bicycle" v="no"/>
    <tag k="bridge" v="yes"/>
    <tag k="foot" v="no"/>
    <tag k="highway" v="tertiary"/>
    <tag k="lanes" v="2"/>
    <tag k="layer" v="1"/>
    <tag k="lit" v="yes"/>
    <tag k="maxspeed" v="50"/>
    <tag k="maxweight:signed" v="no"/>
    <tag k="name" v="Amager Strandvej"/>
    <tag k="oneway" v="yes"/>
    <tag k="source:maxspeed" v="DK:urban"/>
    <tag k="surface" v="asphalt"/>
    <tag k="wikidata" v="Q12301226"/>
  </way>
  <way id="92162862">
    <nd ref="7655994"/>
    <nd ref="1069961258"/>
    <nd ref="442137494"/>
    <nd ref="5468248787"/>
    <nd ref="442137493"/>
    <tag k="bicycle" v="use_sidepath"/>
    <tag k="highway" v="tertiary"/>
    <tag k="lanes" v="2"/>
    <tag k="lit" v="yes"/>
    <tag k="maxspeed" v="80"/>
    <tag k="name" v="Ellehammersvej"/>
    <tag k="name:etymology:wikidata" v="Q286016"/>
    <tag k="oneway" v="yes"/>
    <tag k="sidewalk:left" v="no"/>
    <tag k="sidewalk:right" v="separate"/>
    <tag k="source:maxspeed" v="DK:rural"/>
    <tag k="surface" v="asphalt"/>
  </way>
  <way id="100693084">
    <nd ref="307940348"/>
    <nd ref="8791047116"/>
    <nd ref="8791047114"/>
    <nd ref="307940382"/>
    <nd ref="307943387"/>
    <nd ref="307940401"/>
    <nd ref="280180100"/>
    <nd ref="1540425355"/>
    <nd ref="4039690149"/>
    <nd ref="16965546"/>
    <nd ref="4039690154"/>
    <nd ref="4039690158"/>
    <nd ref="16965547"/>
    <nd ref="1181381489"/>
    <nd ref="4039690163"/>
    <nd ref="16965549"/>
    <nd ref="4039690165"/>
    <nd ref="1540425329"/>
    <nd ref="280180531"/>
    <nd ref="16965550"/>
    <nd ref="4039690176"/>
    <nd ref="4710851679"/>
    <nd ref="16965551"/>
    <nd ref="1540425324"/>
    <nd ref="397084506"/>
    <nd ref="4039690183"/>
    <nd ref="16965552"/>
    <nd ref="4039690184"/>
    <nd ref="1540425341"/>
    <nd ref="397056356"/>
    <nd ref="8441631655"/>
    <tag k="cycleway" v="track"/>
    <tag k="highway" v="tertiary"/>
    <tag k="horse" v="yes"/>
    <tag k="lanes" v="2"/>
    <tag k="lit" v="yes"/>
    <tag k="maxspeed" v="60"/>
    <tag k="name" v="Ugandavej"/>
    <tag k="name:etymology" v="Uganda"/>
    <tag k="name:etymology:wikidata" v="Q1036"/>
    <tag k="name:etymology:wikipedia" v="da:Uganda"/>
    <tag k="source:maxspeed" v="sign"/>
    <tag k="surface" v="asphalt"/>
  </way>
  <way id="105641412">
    <nd ref="4805885704"/>
    <nd ref="6952502097"/>
    <nd ref="11782433183"/>
    <tag k="bicycle" v="no"/>
    <tag k="highway" v="tertiary"/>
    <tag k="lanes" v="2"/>
    <tag k="lit" v="yes"/>
    <tag k="maxspeed" v="80"/>
    <tag k="name" v="Lufthavnsboulevarden"/>
    <tag k="name:etymology:wikidata" v="Q206277"/>
    <tag k="oneway" v="yes"/>
    <tag k="placement" v="middle_of:2"/>
    <tag k="smoothness" v="good"/>
    <tag k="source:maxspeed" v="DK:rural"/>
    <tag k="surface" v="asphalt"/>
    <tag k="turn:lanes" v="left|through"/>
  </way>
  <way id="107382804">
    <nd ref="118903"/>
    <nd ref="411800470"/>
    <tag k="highway" v="motorway"/>
    <tag k="int_ref" v="E 20"/>
    <tag k="lanes" v="2"/>
    <tag k="lit" v="yes"/>
    <tag k="maxspeed" v="110"/>
    <tag k="maxspeed:variable" v="yes"/>
    <tag k="name" v="Øresundsmotorvejen"/>
    <tag k="name:etymology:wikidata" v="Q104662"/>
    <tag k="oneway" v="yes"/>
    <tag k="operator" v="Øresundsbro Konsortiet I/S"/>
    <tag k="operator:wikidata" v="Q12342037"/>
    <tag k="operator:wikipedia" v="da:Øresundsbro Konsortiet"/>
    <tag k="ref" v="E 20"/>
    <tag k="source:maxspeed" v="sign"/>
    <tag k="surface" v="asphalt"/>
    <tag k="toll" v="yes"/>
  </way>
  <way id="107382822">
    <nd ref="25246794"/>
    <nd ref="3625860954"/>
    <tag k="highway" v="motorway"/>
    <tag k="int_ref" v="E 20"/>
    <tag k="lanes" v="2"/>
    <tag k="lit" v="yes"/>
    <tag k="maxspeed" v="110"/>
    <tag k="name" v="Øresundsmotorvejen"/>
    <tag k="name:etymology:wikidata" v="Q104662"/>
    <tag k="oneway" v="yes"/>
    <tag k="operator" v="Øresundsbro Konsortiet I/S"/>
    <tag k="operator:wikidata" v="Q12342037"/>
    <tag k="operator:wikipedia" v="da:Øresundsbro Konsortiet"/>
    <tag k="ref" v="E 20"/>
    <tag k="source:maxspeed" v="sign"/>
    <tag k="surface" v="asphalt"/>
    <tag k="toll" v="yes"/>
  </way>
  <way id="108067237">
    <nd ref="281662192"/>
    <nd ref="11207977575"/>
    <nd ref="374313994"/>
    <nd ref="11207977576"/>
    <nd ref="3712335496"/>
    <tag k="bicycle" v="use_sidepath"/>
    <tag k="cycleway" v="separate"/>
    <tag k="highway" v="secondary"/>
    <tag k="lanes" v="2"/>
    <tag k="lit" v="yes"/>
    <tag k="maxspeed" v="50"/>
    <tag k="name" v="Englandsvej"/>
    <tag k="name:etymology:wikidata" v="Q21"/>
    <tag k="ref" v="221"/>
    <tag k="sidewalk" v="both"/>
    <tag k="source:maxspeed" v="DK:urban"/>
    <tag k="surface" v="asphalt"/>
    <tag k="wikidata" v="Q12310148"/>
  </way>
  <way id="108067238">
    <nd ref="7100236643"/>
    <nd ref="8079380"/>
    <nd ref="6703244447"/>
    <nd ref="8097119"/>
    <nd ref="6700011631"/>
    <nd ref="8079381"/>
    <nd ref="425534011"/>
    <nd ref="5616257945"/>
    <nd ref="8079382"/>
    <nd ref="13372992882"/>
    <nd ref="281692941"/>
    <tag k="cycleway" v="separate"/>
    <tag k="highway" v="secondary"/>
    <tag k="lanes" v="2"/>
    <tag k="lit" v="yes"/>
    <tag k="maxspeed" v="50"/>
    <tag k="name" v="Englandsvej"/>
    <tag k="name:etymology:wikidata" v="Q21"/>
    <tag k="ref" v="221"/>
    <tag k="sidewalk" v="separate"/>
    <tag k="source:maxspeed" v="DK:urban"/>
    <tag k="surface" v="asphalt"/>
    <tag k="wikidata" v="Q12310148"/>
  </way>
  <way id="115550179">
    <nd ref="7229961"/>
    <nd ref="429838303"/>
    <nd ref="25276378"/>
    <nd ref="2983280870"/>
    <nd ref="290517758"/>
    <nd ref="1305130125"/>
    <nd ref="1305130121"/>
    <tag k="bicycle" v="use_sidepath"/>
    <tag k="highway" v="tertiary"/>
    <tag k="lanes" v="1"/>
    <tag k="lit" v="yes"/>
    <tag k="maxspeed" v="50"/>
    <tag k="name" v="Kastrup Strandpark"/>
    <tag k="oneway" v="yes"/>
    <tag k="sidewalk" v="both"/>
    <tag k="smoothness" v="excellent"/>
    <tag k="source:maxspeed" v="DK:urban"/>
    <tag k="surface" v="asphalt"/>
  </way>
  <way id="119198938">
    <nd ref="7229961"/>
    <nd ref="4406816978"/>
    <nd ref="4888382491"/>
    <tag k="cycleway:both" v="track"/>
    <tag k="highway" v="tertiary"/>
    <tag k="lanes" v="3"/>
    <tag k="lanes:backward" v="2"/>
    <tag k="lanes:forward" v="1"/>
    <tag k="lit" v="yes"/>
    <tag k="maxspeed" v="50"/>
    <tag k="name" v="Amager Strandvej"/>
    <tag k="sidewalk" v="both"/>
    <tag k="sidewalk:left:surface" v="paving_stones"/>
    <tag k="sidewalk:right:surface" v="asphalt"/>
    <tag k="smoothness" v="good"/>
    <tag k="source:maxspeed" v="DK:urban"/>
    <tag k="surface" v="asphalt"/>
    <tag k="turn:lanes:backward" v="left|none"/>
    <tag k="wikidata" v="Q12301226"/>
  </way>
  <way id="119198942">
    <nd ref="1305130126"/>
    <nd ref="9353936883"/>
    <nd ref="9202253772"/>
    <nd ref="1305130128"/>
    <tag k="cycleway" v="no"/>
    <tag k="highway" v="tertiary"/>
    <tag k="lane_markings" v="no"/>
    <tag k="lit" v="yes"/>
    <tag k="maxspeed" v="50"/>
    <tag k="name" v="Kastrup Strandpark"/>
    <tag k="source:maxspeed" v="DK:urban"/>
    <tag k="surface" v="asphalt"/>
  </way>
  <way id="119198945">
    <nd ref="447768889"/>
    <nd ref="7655987"/>
    <nd ref="335723450"/>
    <nd ref="7229963"/>
    <tag k="cycleway" v="track"/>
    <tag k="highway" v="tertiary"/>
    <tag k="lane_markings" v="no"/>
    <tag k="lit" v="yes"/>
    <tag k="maxspeed" v="50"/>
    <tag k="name" v="Amager Strandvej"/>
    <tag k="oneway" v="yes"/>
    <tag k="sidewalk" v="right"/>
    <tag k="source:maxspeed" v="DK:urban"/>
    <tag k="surface" v="asphalt"/>
    <tag k="width" v="4"/>
    <tag k="wikidata" v="Q12301226"/>
  </way>
  <way id="119719505">
    <nd ref="1344129250"/>
    <nd ref="428914461"/>
    <nd ref="340512498"/>
    <tag k="highway" v="motorway"/>
    <tag k="int_ref" v="E 20"/>
    <tag k="lanes" v="2"/>
    <tag k="lit" v="yes"/>
    <tag k="maxspeed" v="110"/>
    <tag k="maxspeed:variable" v="yes"/>
    <tag k="name" v="Øresundsmotorvejen"/>
    <tag k="name:etymology:wikidata" v="Q104662"/>
    <tag k="oneway" v="yes"/>
    <tag k="operator" v="Øresundsbro Konsortiet I/S"/>
    <tag k="operator:wikidata" v="Q12342037"/>
    <tag k="operator:wikipedia" v="da:Øresundsbro Konsortiet"/>
    <tag k="ref" v="E 20"/>
    <tag k="source:maxspeed" v="sign"/>
    <tag k="surface" v="asphalt"/>
  </way>
  <way id="119719508">
    <nd ref="1344129253"/>
    <nd ref="340503713"/>
    <tag k="highway" v="motorway"/>
    <tag k="int_ref" v="E 20"/>
    <tag k="lanes" v="2"/>
    <tag k="layer" v="-1"/>
    <tag k="lit" v="24/7"/>
    <tag k="maxheight" v="default"/>
    <tag k="maxspeed" v="110"/>
    <tag k="name" v="Øresundsmotorvejen"/>
    <tag k="name:etymology:wikidata" v="Q104662"/>
    <tag k="oneway" v="yes"/>
    <tag k="operator" v="Øresundsbro Konsortiet I/S"/>
    <tag k="operator:wikidata" v="Q12342037"/>
    <tag k="operator:wikipedia" v="da:Øresundsbro Konsortiet"/>
    <tag k="ref" v="E 20"/>
    <tag k="source:maxspeed" v="sign"/>
    <tag k="surface" v="asphalt"/>
    <tag k="tunnel" v="yes"/>
    <tag k="tunnel:name" v="Tårnbytunnelsen"/>
  </way>
  <way id="121198958">
    <nd ref="1357408440"/>
    <nd ref="442138192"/>
    <nd ref="1216480123"/>
    <nd ref="3224531928"/>
    <nd ref="3224531917"/>
    <nd ref="3224531932"/>
    <nd ref="13142835369"/>
    <nd ref="3224531922"/>
    <nd ref="3224531919"/>
    <tag k="bicycle" v="no"/>
    <tag k="highway" v="tertiary"/>
    <tag k="lane_markings" v="no"/>
    <tag k="lanes" v="1"/>
    <tag k="lit" v="yes"/>
    <tag k="maxspeed" v="80"/>
    <tag k="motorcar" v="yes"/>
    <tag k="name" v="Ellehammersvej"/>
    <tag k="name:etymology:wikidata" v="Q286016"/>
    <tag k="oneway" v="yes"/>
    <tag k="source:maxspeed" v="DK:rural"/>
    <tag k="surface" v="asphalt"/>
  </way>
  <way id="134873071">
    <nd ref="5340368816"/>
    <nd ref="8032475"/>
    <nd ref="2411691460"/>
    <nd ref="4418870552"/>
    <nd ref="8032476"/>
    <nd ref="308729088"/>
    <nd ref="425525620"/>
    <nd ref="8032478"/>
    <tag k="cycleway" v="track"/>
    <tag k="highway" v="tertiary"/>
    <tag k="lanes" v="2"/>
    <tag k="lit" v="yes"/>
    <tag k="maxspeed" v="50"/>
    <tag k="name" v="Løjtegårdsvej"/>
    <tag k="name:etymology:wikidata" v="Q127153408"/>
    <tag k="sidewalk" v="both"/>
    <tag k="source:maxspeed" v="DK:urban"/>
    <tag k="surface" v="asphalt"/>
    <tag k="wikidata" v="Q122936777"/>
  </way>
  <way id="140293280">
    <nd ref="1537154315"/>
    <nd ref="3625850450"/>
    <tag k="highway" v="motorway"/>
    <tag k="int_ref" v="E 20"/>
    <tag k="lanes" v="3"/>
    <tag k="lit" v="no"/>
    <tag k="maxheight" v="4.42"/>
    <tag k="maxspeed" v="110"/>
    <tag k="name" v="Øresundsmotorvejen"/>
    <tag k="name:etymology:wikidata" v="Q104662"/>
    <tag k="oneway" v="yes"/>
    <tag k="operator" v="Øresundsbro Konsortiet I/S"/>
    <tag k="operator:wikidata" v="Q12342037"/>
    <tag k="operator:wikipedia" v="da:Øresundsbro Konsortiet"/>
    <tag k="ref" v="E 20"/>
    <tag k="source:maxspeed" v="sign"/>
    <tag k="surface" v="asphalt"/>
  </way>
  <way id="140293283">
    <nd ref="118897"/>
    <nd ref="2631260744"/>
    <tag k="destination" v="Malmø"/>
    <tag k="destination:symbol" v="airport"/>
    <tag k="hazard" v="animal_crossing"/>
    <tag k="highway" v="motorway"/>
    <tag k="int_ref" v="E 20"/>
    <tag k="lanes" v="2"/>
    <tag k="lit" v="yes"/>
    <tag k="mapillary" v="3009926972570223"/>
    <tag k="maxheight" v="4.42"/>
    <tag k="maxspeed" v="110"/>
    <tag k="maxspeed:variable" v="yes"/>
    <tag k="name" v="Øresundsmotorvejen"/>
    <tag k="name:etymology:wikidata" v="Q104662"/>
    <tag k="oneway" v="yes"/>
    <tag k="operator" v="Øresundsbro Konsortiet I/S"/>
    <tag k="operator:wikidata" v="Q12342037"/>
    <tag k="operator:wikipedia" v="da:Øresundsbro Konsortiet"/>
    <tag k="ref" v="E 20"/>
    <tag k="source:maxspeed" v="sign"/>
    <tag k="surface" v="asphalt"/>
  </way>
  <way id="143792491">
    <nd ref="1573491331"/>
    <nd ref="2631272264"/>
    <nd ref="1573491334"/>
    <nd ref="4728543496"/>
    <nd ref="265161855"/>
    <nd ref="1573491336"/>
    <nd ref="1573491337"/>
    <nd ref="1573491339"/>
    <nd ref="1573491341"/>
    <nd ref="1573491342"/>
    <nd ref="3703753322"/>
    <nd ref="1573491345"/>
    <nd ref="1573491348"/>
    <nd ref="1573491351"/>
    <nd ref="1573491352"/>
    <nd ref="1573491354"/>
    <nd ref="1573491355"/>
    <nd ref="1573491356"/>
    <nd ref="282540857"/>
    <nd ref="10048739508"/>
    <nd ref="1573491360"/>
    <nd ref="4945266601"/>
    <nd ref="4485795686"/>
    <nd ref="5515529381"/>
    <nd ref="4485796695"/>
    <nd ref="8826030110"/>
    <nd ref="274873250"/>
    <nd ref="1573491364"/>
    <nd ref="1802532202"/>
    <nd ref="1573491365"/>
    <nd ref="1802532224"/>
    <nd ref="1573491367"/>
    <nd ref="1573491369"/>
    <nd ref="1573491370"/>
    <nd ref="1802532271"/>
    <nd ref="1802532285"/>
    <nd ref="1573491372"/>
    <nd ref="1573491373"/>
    <nd ref="1802532328"/>
    <nd ref="1573491374"/>
    <nd ref="1802532352"/>
    <nd ref="274872995"/>
    <nd ref="1802532364"/>
    <nd ref="274873596"/>
    <nd ref="1802532370"/>
    <nd ref="274872761"/>
    <tag k="cycleway" v="track"/>
    <tag k="highway" v="tertiary"/>
    <tag k="lanes" v="2"/>
    <tag k="lit" v="yes"/>
    <tag k="maxspeed" v="50"/>
    <tag k="name" v="Røde Mellemvej"/>
    <tag k="sidewalk" v="both"/>
    <tag k="surface" v="asphalt"/>
  </way>
  <way id="148886089">
    <nd ref="250632583"/>
    <nd ref="14086099221"/>
    <nd ref="14086099222"/>
    <nd ref="1619442307"/>
    <nd ref="14086099225"/>
    <nd ref="14086099220"/>
    <nd ref="14086099224"/>
    <nd ref="1619442310"/>
    <nd ref="14086099223"/>
    <nd ref="2983242422"/>
    <nd ref="1619442314"/>
    <tag k="bicycle" v="no"/>
    <tag k="highway" v="tertiary"/>
    <tag k="lane_markings" v="no"/>
    <tag k="lit" v="yes"/>
    <tag k="maxspeed" v="50"/>
    <tag k="name" v="Bøjlevej"/>
    <tag k="oneway" v="yes"/>
    <tag k="sidewalk:left" v="separate"/>
    <tag k="sidewalk:right" v="yes"/>
    <tag k="sidewalk:right:surface" v="paving_stones"/>
    <tag k="smoothness" v="excellent"/>
    <tag k="source:maxspeed" v="DK:urban"/>
    <tag k="surface" v="asphalt"/>
  </way>
  <way id="148886090">
    <nd ref="250632583"/>
    <nd ref="5446289918"/>
    <nd ref="5446290323"/>
    <nd ref="2983242416"/>
    <nd ref="250632582"/>
    <nd ref="4792747565"/>
    <nd ref="250632581"/>
    <nd ref="297587747"/>
    <nd ref="250632580"/>
    <nd ref="250632579"/>
    <nd ref="11202014654"/>
    <nd ref="20944660"/>
    <nd ref="297587744"/>
    <nd ref="250632577"/>
    <nd ref="2983242354"/>
    <nd ref="250632576"/>
    <nd ref="4927554309"/>
    <nd ref="13928812775"/>
    <nd ref="13928812774"/>
    <nd ref="250632575"/>
    <tag k="bicycle" v="use_sidepath"/>
    <tag k="cycleway:right" v="separate"/>
    <tag k="highway" v="tertiary"/>
    <tag k="lanes" v="2"/>
    <tag k="lit" v="yes"/>
    <tag k="maxspeed" v="50"/>
    <tag k="name" v="Bøjlevej"/>
    <tag k="smoothness" v="good"/>
    <tag k="source:maxspeed" v="DK:urban"/>
    <tag k="surface" v="asphalt"/>
  </way>
  <way id="150406037">
    <nd ref="8441650225"/>
    <nd ref="13681794381"/>
    <nd ref="8079491"/>
    <nd ref="4004562331"/>
    <nd ref="1069984658"/>
    <nd ref="8079492"/>
    <nd ref="8079495"/>
    <nd ref="1069984688"/>
    <nd ref="8079493"/>
    <nd ref="1069984692"/>
    <nd ref="8079494"/>
    <nd ref="1069984754"/>
    <nd ref="8079645"/>
    <nd ref="1069984663"/>
    <nd ref="8079641"/>
    <nd ref="1069984722"/>
    <nd ref="1069984720"/>
    <nd ref="5678186834"/>
    <nd ref="8079642"/>
    <nd ref="1069984738"/>
    <nd ref="8079643"/>
    <nd ref="5794539761"/>
    <nd ref="1633232471"/>
    <nd ref="4332178940"/>
    <tag k="bicycle" v="no"/>
    <tag k="highway" v="tertiary"/>
    <tag k="lanes" v="2"/>
    <tag k="lit" v="yes"/>
    <tag k="maxspeed" v="60"/>
    <tag k="name" v="Kystvejen"/>
    <tag k="source:maxspeed" v="DK:rural"/>
    <tag k="surface" v="asphalt"/>
  </way>
  <way id="155248277">
    <nd ref="247933219"/>
    <nd ref="5434289426"/>
    <nd ref="6881411860"/>
    <nd ref="6540008"/>
    <tag k="cycleway:both" v="track"/>
    <tag k="highway" v="tertiary"/>
    <tag k="lanes" v="4"/>
    <tag k="lit" v="yes"/>
    <tag k="maxspeed" v="50"/>
    <tag k="name" v="Englandsvej"/>
    <tag k="name:etymology:wikidata" v="Q21"/>
    <tag k="sidewalk" v="both"/>
    <tag k="surface" v="asphalt"/>
    <tag k="wikidata" v="Q12310148"/>
  </way>
  <way id="161101708">
    <nd ref="6952474346"/>
    <nd ref="6881411861"/>
    <nd ref="253180644"/>
    <nd ref="253180799"/>
    <nd ref="388474806"/>
    <nd ref="6540008"/>
    <tag k="cycleway:right" v="track"/>
    <tag k="highway" v="tertiary"/>
    <tag k="lanes" v="2"/>
    <tag k="lit" v="yes"/>
    <tag k="maxspeed" v="50"/>
    <tag k="name" v="Vejlands Allé"/>
    <tag k="name:etymology" v="lokalt marknavn; Weylands-agre (1682)"/>
    <tag k="oneway" v="yes"/>
    <tag k="shoulder" v="no"/>
    <tag k="sidewalk" v="right"/>
    <tag k="source:maxspeed" v="DK:urban"/>
    <tag k="surface" v="asphalt"/>
  </way>
  <way id="161101710">
    <nd ref="6952474353"/>
    <nd ref="388474773"/>
    <nd ref="7123959180"/>
    <nd ref="247805104"/>
    <nd ref="8081490"/>
    <nd ref="247805107"/>
    <nd ref="281682467"/>
    <nd ref="7123959176"/>
    <nd ref="12041973827"/>
    <tag k="cycleway:right" v="track"/>
    <tag k="highway" v="tertiary"/>
    <tag k="lanes" v="2"/>
    <tag k="lit" v="yes"/>
    <tag k="maxspeed" v="50"/>
    <tag k="name" v="Vejlands Allé"/>
    <tag k="name:etymology" v="lokalt marknavn; Weylands-agre (1682)"/>
    <tag k="oneway" v="yes"/>
    <tag k="sidewalk" v="right"/>
    <tag k="source:maxspeed" v="DK:urban"/>
    <tag k="surface" v="asphalt"/>
  </way>
  <way id="161863540">
    <nd ref="253197367"/>
    <nd ref="7430443424"/>
    <nd ref="388474748"/>
    <nd ref="3380301233"/>
    <tag k="cycleway:right" v="track"/>
    <tag k="highway" v="tertiary"/>
    <tag k="lanes" v="2"/>
    <tag k="lit" v="yes"/>
    <tag k="maxspeed" v="50"/>
    <tag k="name" v="Vejlands Allé"/>
    <tag k="name:etymology" v="lokalt marknavn; Weylands-agre (1682)"/>
    <tag k="oneway" v="yes"/>
    <tag k="shoulder" v="no"/>
    <tag k="sidewalk" v="right"/>
    <tag k="source:maxspeed" v="DK:urban"/>
    <tag k="surface" v="asphalt"/>
  </way>
  <way id="196269513">
    <nd ref="13912383928"/>
    <nd ref="2066198416"/>
    <nd ref="2066198423"/>
    <tag k="bicycle" v="use_sidepath"/>
    <tag k="cycleway:right" v="separate"/>
    <tag k="highway" v="secondary"/>
    <tag k="lanes" v="2"/>
    <tag k="lit" v="yes"/>
    <tag k="maxspeed" v="50"/>
    <tag k="name" v="Englandsvej"/>
    <tag k="name:etymology:wikidata" v="Q21"/>
    <tag k="oneway" v="yes"/>
    <tag k="ref" v="221"/>
    <tag k="source:maxspeed" v="DK:urban"/>
    <tag k="surface" v="asphalt"/>
    <tag k="turn:lanes" v="left|through;right"/>
    <tag k="wikidata" v="Q12310148"/>
  </way>
  <way id="196269514">
    <nd ref="1066719903"/>
    <nd ref="2066198515"/>
    <tag k="bicycle" v="use_sidepath"/>
    <tag k="cycleway:right" v="separate"/>
    <tag k="foot" v="use_sidepath"/>
    <tag k="highway" v="tertiary"/>
    <tag k="lanes" v="2"/>
    <tag k="lit" v="yes"/>
    <tag k="maxspeed" v="50"/>
    <tag k="name" v="Englandsvej"/>
    <tag k="name:etymology:wikidata" v="Q21"/>
    <tag k="oneway" v="yes"/>
    <tag k="sidewalk" v="separate"/>
    <tag k="smoothness" v="excellent"/>
    <tag k="source:maxspeed" v="DK:urban"/>
    <tag k="surface" v="asphalt"/>
    <tag k="wikidata" v="Q12310148"/>
  </way>
  <way id="196276852">
    <nd ref="2066245919"/>
    <nd ref="17396225"/>
    <nd ref="291360005"/>
    <nd ref="1066672212"/>
    <nd ref="2632159315"/>
    <nd ref="2632159324"/>
    <nd ref="3090510084"/>
    <nd ref="333065679"/>
    <nd ref="281683216"/>
    <nd ref="253180166"/>
    <nd ref="4727652604"/>
    <nd ref="4727652851"/>
    <nd ref="18164012"/>
    <nd ref="253180526"/>
    <nd ref="6540008"/>
    <tag k="cycleway:both" v="track"/>
    <tag k="highway" v="tertiary"/>
    <tag k="lanes" v="2"/>
    <tag k="lit" v="yes"/>
    <tag k="maxspeed" v="50"/>
    <tag k="name" v="Englandsvej"/>
    <tag k="name:etymology:wikidata" v="Q21"/>
    <tag k="sidewalk" v="both"/>
    <tag k="sidewalk:both:surface" v="paving_stones"/>
    <tag k="smoothness" v="good"/>
    <tag k="source:maxspeed" v="DK:urban"/>
    <tag k="surface" v="asphalt"/>
    <tag k="wikidata" v="Q12310148"/>
  </way>
  <way id="196276853">
    <nd ref="2066245919"/>
    <nd ref="2066245918"/>
    <nd ref="7447554365"/>
    <nd ref="13570199893"/>
    <nd ref="2066245917"/>
    <tag k="cycleway" v="track"/>
    <tag k="highway" v="tertiary"/>
    <tag k="lanes" v="2"/>
    <tag k="lit" v="yes"/>
    <tag k="maxspeed" v="50"/>
    <tag k="name" v="Englandsvej"/>
    <tag k="name:etymology:wikidata" v="Q21"/>
    <tag k="oneway" v="yes"/>
    <tag k="sidewalk" v="right"/>
    <tag k="sidewalk:right:surface" v="paving_stones"/>
    <tag k="smoothness" v="good"/>
    <tag k="source:maxspeed" v="DK:urban"/>
    <tag k="surface" v="asphalt"/>
    <tag k="wikidata" v="Q12310148"/>
  </way>
  <way id="196276856">
    <nd ref="2066245911"/>
    <nd ref="2066245909"/>
    <nd ref="2066245908"/>
    <nd ref="2066245905"/>
    <nd ref="8441631694"/>
    <nd ref="14054847500"/>
    <nd ref="14054889207"/>
    <nd ref="8441631695"/>
    <tag k="bicycle" v="use_sidepath"/>
    <tag k="cycleway:right" v="separate"/>
    <tag k="foot" v="use_sidepath"/>
    <tag k="highway" v="tertiary"/>
    <tag k="lanes" v="1"/>
    <tag k="lit" v="yes"/>
    <tag k="maxspeed" v="50"/>
    <tag k="name" v="Englandsvej"/>
    <tag k="name:etymology:wikidata" v="Q21"/>
    <tag k="oneway" v="yes"/>
    <tag k="sidewalk" v="separate"/>
    <tag k="smoothness" v="excellent"/>
    <tag k="source:maxspeed" v="DK:urban"/>
    <tag k="surface" v="asphalt"/>
    <tag k="wikidata" v="Q12310148"/>
  </way>
  <way id="196276857">
    <nd ref="7235675"/>
    <nd ref="2066245894"/>
    <nd ref="8441631698"/>
    <nd ref="14054889205"/>
    <nd ref="2066245893"/>
    <nd ref="1066719890"/>
    <tag k="bicycle" v="use_sidepath"/>
    <tag k="cycleway:right" v="separate"/>
    <tag k="highway" v="tertiary"/>
    <tag k="lanes" v="1"/>
    <tag k="lit" v="yes"/>
    <tag k="maxspeed" v="50"/>
    <tag k="name" v="Tårnbyvej"/>
    <tag k="name:etymology:wikidata" v="Q28173"/>
    <tag k="oneway" v="yes"/>
    <tag k="surface" v="asphalt"/>
  </way>
  <way id="196276858">
    <nd ref="3502962063"/>
    <nd ref="2066245889"/>
    <nd ref="14054889206"/>
    <nd ref="2066245891"/>
    <nd ref="7235675"/>
    <tag k="bicycle" v="use_sidepath"/>
    <tag k="cycleway:right" v="separate"/>
    <tag k="highway" v="tertiary"/>
    <tag k="lanes" v="1"/>
    <tag k="lit" v="yes"/>
    <tag k="maxspeed" v="50"/>
    <tag k="name" v="Tårnbyvej"/>
    <tag k="name:etymology:wikidata" v="Q28173"/>
    <tag k="oneway" v="yes"/>
    <tag k="surface" v="asphalt"/>
  </way>
  <way id="196280093">
    <nd ref="6985392400"/>
    <nd ref="2066245916"/>
    <nd ref="8441631708"/>
    <nd ref="2066245915"/>
    <nd ref="2066245914"/>
    <nd ref="2066245913"/>
    <nd ref="2066245912"/>
    <nd ref="2411760340"/>
    <nd ref="2066245911"/>
    <tag k="bicycle" v="use_sidepath"/>
    <tag k="highway" v="tertiary"/>
    <tag k="lanes" v="2"/>
    <tag k="lit" v="yes"/>
    <tag k="maxspeed" v="60"/>
    <tag k="name" v="Englandsvej"/>
    <tag k="name:etymology:wikidata" v="Q21"/>
    <tag k="oneway" v="yes"/>
    <tag k="source:maxspeed" v="sign"/>
    <tag k="surface" v="asphalt"/>
    <tag k="wikidata" v="Q12310148"/>
  </way>
  <way id="196280096">
    <nd ref="17332929"/>
    <nd ref="13570199894"/>
    <nd ref="11089114304"/>
    <nd ref="2066245919"/>
    <tag k="cycleway" v="track"/>
    <tag k="highway" v="tertiary"/>
    <tag k="lanes" v="1"/>
    <tag k="lit" v="yes"/>
    <tag k="maxspeed" v="50"/>
    <tag k="name" v="Englandsvej"/>
    <tag k="name:etymology:wikidata" v="Q21"/>
    <tag k="oneway" v="yes"/>
    <tag k="sidewalk" v="right"/>
    <tag k="sidewalk:right:surface" v="paving_stones"/>
    <tag k="smoothness" v="good"/>
    <tag k="source:maxspeed" v="DK:urban"/>
    <tag k="surface" v="asphalt"/>
    <tag k="wikidata" v="Q12310148"/>
  </way>
  <way id="196389240">
    <nd ref="7229964"/>
    <nd ref="4983165812"/>
    <nd ref="25246915"/>
    <nd ref="447768889"/>
    <tag k="bicycle" v="no"/>
    <tag k="foot" v="no"/>
    <tag k="highway" v="tertiary"/>
    <tag k="lane_markings" v="no"/>
    <tag k="lit" v="yes"/>
    <tag k="maxspeed" v="50"/>
    <tag k="name" v="Amager Strandvej"/>
    <tag k="oneway" v="yes"/>
    <tag k="sidewalk" v="no"/>
    <tag k="source:maxspeed" v="DK:urban"/>
    <tag k="surface" v="asphalt"/>
    <tag k="wikidata" v="Q12301226"/>
  </way>
  <way id="202180755">
    <nd ref="1379004738"/>
    <nd ref="1378762552"/>
    <nd ref="8079684"/>
    <tag k="bicycle" v="yes"/>
    <tag k="highway" v="tertiary"/>
    <tag k="lit" v="yes"/>
    <tag k="maxspeed" v="30"/>
    <tag k="name" v="Kystvejen"/>
    <tag k="source:maxspeed" v="sign"/>
    <tag k="surface" v="asphalt"/>
  </way>
  <way id="210556034">
    <nd ref="7229963"/>
    <nd ref="2945927820"/>
    <nd ref="6900294780"/>
    <nd ref="4408696664"/>
    <nd ref="7235659"/>
    <tag k="bicycle" v="yes"/>
    <tag k="cycleway" v="track"/>
    <tag k="foot" v="yes"/>
    <tag k="highway" v="tertiary"/>
    <tag k="lanes" v="2"/>
    <tag k="lit" v="yes"/>
    <tag k="maxspeed" v="50"/>
    <tag k="name" v="Amager Strandvej"/>
    <tag k="sidewalk" v="both"/>
    <tag k="source:maxspeed" v="DK:urban"/>
    <tag k="surface" v="asphalt"/>
    <tag k="wikidata" v="Q12301226"/>
  </way>
  <way id="210556035">
    <nd ref="7229963"/>
    <nd ref="2206371631"/>
    <nd ref="2206371632"/>
    <nd ref="2206371628"/>
    <tag k="cycleway" v="track"/>
    <tag k="highway" v="tertiary"/>
    <tag k="lanes" v="2"/>
    <tag k="lit" v="yes"/>
    <tag k="maxspeed" v="50"/>
    <tag k="name" v="Amager Strandvej"/>
    <tag k="oneway" v="yes"/>
    <tag k="sidewalk" v="right"/>
    <tag k="source:maxspeed" v="DK:urban"/>
    <tag k="surface" v="asphalt"/>
    <tag k="wikidata" v="Q12301226"/>
  </way>
  <way id="210556036">
    <nd ref="8079687"/>
    <nd ref="1378750093"/>
    <tag k="alt_name" v="Ndr Dragørvej"/>
    <tag k="cycleway" v="no"/>
    <tag k="highway" v="tertiary"/>
    <tag k="lanes" v="2"/>
    <tag k="lit" v="yes"/>
    <tag k="maxspeed" v="50"/>
    <tag k="name" v="Nordre Dragørvej"/>
    <tag k="name:etymology:wikidata" v="Q1255278"/>
    <tag k="sidewalk" v="left"/>
    <tag k="source:maxspeed" v="DK:urban"/>
    <tag k="surface" v="asphalt"/>
  </way>
  <way id="219657896">
    <nd ref="118900"/>
    <nd ref="118901"/>
    <nd ref="4870089391"/>
    <nd ref="411800010"/>
    <nd ref="1069973306"/>
    <nd ref="118902"/>
    <nd ref="1069973312"/>
    <nd ref="118903"/>
    <tag k="destination" v="Malmø"/>
    <tag k="highway" v="motorway"/>
    <tag k="int_ref" v="E 20"/>
    <tag k="lanes" v="2"/>
    <tag k="lit" v="yes"/>
    <tag k="mapillary" v="499123944850066"/>
    <tag k="maxheight" v="default"/>
    <tag k="maxspeed" v="110"/>
    <tag k="maxspeed:variable" v="yes"/>
    <tag k="name" v="Øresundsmotorvejen"/>
    <tag k="name:etymology:wikidata" v="Q104662"/>
    <tag k="oneway" v="yes"/>
    <tag k="operator" v="Øresundsbro Konsortiet I/S"/>
    <tag k="operator:wikidata" v="Q12342037"/>
    <tag k="operator:wikipedia" v="da:Øresundsbro Konsortiet"/>
    <tag k="ref" v="E 20"/>
    <tag k="source:maxspeed" v="sign"/>
    <tag k="surface" v="asphalt"/>
  </way>
  <way id="219657899">
    <nd ref="118906"/>
    <nd ref="1357408393"/>
    <nd ref="118907"/>
    <nd ref="335722537"/>
    <nd ref="1069961131"/>
    <nd ref="118908"/>
    <nd ref="5794539148"/>
    <nd ref="335722603"/>
    <nd ref="345521973"/>
    <nd ref="1069961194"/>
    <nd ref="118909"/>
    <nd ref="5794539139"/>
    <nd ref="1069961103"/>
    <nd ref="118910"/>
    <nd ref="1069961257"/>
    <nd ref="345521976"/>
    <nd ref="1069961168"/>
    <nd ref="118911"/>
    <nd ref="1069961211"/>
    <nd ref="345521978"/>
    <tag k="highway" v="motorway"/>
    <tag k="int_ref" v="E 20"/>
    <tag k="lanes" v="2"/>
    <tag k="lit" v="yes"/>
    <tag k="maxspeed" v="110"/>
    <tag k="name" v="Øresundsmotorvejen"/>
    <tag k="name:etymology:wikidata" v="Q104662"/>
    <tag k="oneway" v="yes"/>
    <tag k="operator" v="Øresundsbro Konsortiet I/S"/>
    <tag k="operator:wikidata" v="Q12342037"/>
    <tag k="operator:wikipedia" v="da:Øresundsbro Konsortiet"/>
    <tag k="ref" v="E 20"/>
    <tag k="shoulder" v="right"/>
    <tag k="source:maxspeed" v="sign"/>
    <tag k="surface" v="asphalt"/>
    <tag k="toll" v="yes"/>
  </way>
  <way id="229101735">
    <nd ref="8079652"/>
    <nd ref="6738387965"/>
    <nd ref="2741030499"/>
    <nd ref="922818240"/>
    <nd ref="2741030509"/>
    <nd ref="8079655"/>
    <nd ref="8079656"/>
    <tag k="bicycle" v="no"/>
    <tag k="highway" v="tertiary"/>
    <tag k="lanes" v="2"/>
    <tag k="lit" v="yes"/>
    <tag k="maxspeed" v="60"/>
    <tag k="name" v="Kystvejen"/>
    <tag k="oneway" v="no"/>
    <tag k="source:maxspeed" v="sign"/>
    <tag k="surface" v="asphalt"/>
  </way>
  <way id="233833233">
    <nd ref="7229984"/>
    <nd ref="3379469132"/>
    <nd ref="4805952491"/>
    <tag k="bicycle" v="no"/>
    <tag k="highway" v="tertiary"/>
    <tag k="lanes" v="2"/>
    <tag k="lit" v="yes"/>
    <tag k="maxspeed" v="80"/>
    <tag k="name" v="Ellehammersvej"/>
    <tag k="name:etymology:wikidata" v="Q286016"/>
    <tag k="oneway" v="yes"/>
    <tag k="sidewalk" v="right"/>
    <tag k="source:maxspeed" v="DK:rural"/>
    <tag k="surface" v="asphalt"/>
  </way>
  <way id="233849837">
    <nd ref="2206371629"/>
    <nd ref="4933885717"/>
    <tag k="bicycle" v="no"/>
    <tag k="foot" v="no"/>
    <tag k="highway" v="tertiary"/>
    <tag k="lanes" v="1"/>
    <tag k="lit" v="yes"/>
    <tag k="maxspeed" v="50"/>
    <tag k="name" v="Amager Strandvej"/>
    <tag k="oneway" v="yes"/>
    <tag k="source:maxspeed" v="DK:urban"/>
    <tag k="surface" v="asphalt"/>
    <tag k="wikidata" v="Q12301226"/>
  </way>
  <way id="237099578">
    <nd ref="14054889223"/>
    <nd ref="14054889226"/>
    <nd ref="14054889224"/>
    <nd ref="6739053733"/>
    <nd ref="6742010576"/>
    <nd ref="17556298"/>
    <nd ref="281684193"/>
    <nd ref="7123980890"/>
    <tag k="cycleway" v="track"/>
    <tag k="cycleway:width" v="3"/>
    <tag k="highway" v="tertiary"/>
    <tag k="lanes" v="2"/>
    <tag k="lit" v="yes"/>
    <tag k="maxspeed" v="50"/>
    <tag k="name" v="Amagerbrogade"/>
    <tag k="name:etymology:wikidata" v="Q3375590"/>
    <tag k="sidewalk" v="both"/>
    <tag k="source:maxspeed" v="DK:urban"/>
    <tag k="surface" v="asphalt"/>
    <tag k="wikidata" v="Q3373779"/>
  </way>
  <way id="237100945">
    <nd ref="7204186"/>
    <nd ref="14054889215"/>
    <nd ref="5482637552"/>
    <nd ref="9532561976"/>
    <nd ref="6739053728"/>
    <nd ref="2813208781"/>
    <tag k="bicycle" v="yes"/>
    <tag k="cycleway" v="track"/>
    <tag k="foot" v="yes"/>
    <tag k="highway" v="tertiary"/>
    <tag k="lanes" v="4"/>
    <tag k="lanes:backward" v="3"/>
    <tag k="lanes:forward" v="1"/>
    <tag k="lit" v="yes"/>
    <tag k="maxspeed" v="50"/>
    <tag k="name" v="Amager Landevej"/>
    <tag k="name:etymology:wikidata" v="Q210396"/>
    <tag k="sidewalk" v="both"/>
    <tag k="source:maxspeed" v="DK:urban"/>
    <tag k="surface" v="asphalt"/>
    <tag k="turn:lanes:backward" v="left|through|right"/>
    <tag k="wikidata" v="Q122975730"/>
  </way>
  <way id="237225085">
    <nd ref="397046167"/>
    <nd ref="6702759382"/>
    <nd ref="7908800950"/>
    <tag k="cycleway:right" v="separate"/>
    <tag k="highway" v="secondary"/>
    <tag k="lane_markings" v="no"/>
    <tag k="lit" v="yes"/>
    <tag k="maxspeed" v="60"/>
    <tag k="name" v="Englandsvej"/>
    <tag k="name:etymology:wikidata" v="Q21"/>
    <tag k="oneway" v="yes"/>
    <tag k="ref" v="221"/>
    <tag k="sidewalk:right" v="separate"/>
    <tag k="source:maxspeed" v="sign"/>
    <tag k="surface" v="asphalt"/>
    <tag k="wikidata" v="Q12310148"/>
  </way>
  <way id="237225088">
    <nd ref="397046168"/>
    <nd ref="6952511043"/>
    <nd ref="6700011629"/>
    <nd ref="14074779341"/>
    <nd ref="8441631650"/>
    <nd ref="397049265"/>
    <tag k="cycleway:right" v="separate"/>
    <tag k="highway" v="secondary"/>
    <tag k="lane_markings" v="no"/>
    <tag k="lanes" v="1"/>
    <tag k="lit" v="yes"/>
    <tag k="maxspeed" v="60"/>
    <tag k="name" v="Englandsvej"/>
    <tag k="name:etymology:wikidata" v="Q21"/>
    <tag k="oneway" v="yes"/>
    <tag k="ref" v="221"/>
    <tag k="sidewalk:right" v="separate"/>
    <tag k="source:maxspeed" v="sign"/>
    <tag k="surface" v="asphalt"/>
    <tag k="wikidata" v="Q12310148"/>
  </way>
  <way id="237230627">
    <nd ref="8441631638"/>
    <nd ref="8441631641"/>
    <nd ref="5593838588"/>
    <nd ref="6738978979"/>
    <nd ref="3220080992"/>
    <tag k="cycleway" v="track"/>
    <tag k="highway" v="tertiary"/>
    <tag k="lanes" v="2"/>
    <tag k="lit" v="yes"/>
    <tag k="maxspeed" v="60"/>
    <tag k="name" v="Amager Landevej"/>
    <tag k="name:etymology:wikidata" v="Q210396"/>
    <tag k="sidewalk" v="both"/>
    <tag k="surface" v="asphalt"/>
    <tag k="wikidata" v="Q122975730"/>
  </way>
  <way id="237230628">
    <nd ref="7235659"/>
    <nd ref="4408696663"/>
    <nd ref="478774538"/>
    <nd ref="2783157163"/>
    <nd ref="7229992"/>
    <tag k="bicycle" v="yes"/>
    <tag k="cycleway" v="track"/>
    <tag k="highway" v="tertiary"/>
    <tag k="lanes" v="2"/>
    <tag k="lit" v="yes"/>
    <tag k="maxspeed" v="50"/>
    <tag k="name" v="Amager Strandvej"/>
    <tag k="name:sv" v="Amager strandväg"/>
    <tag k="sidewalk" v="both"/>
    <tag k="smoothness" v="excellent"/>
    <tag k="source:maxspeed" v="DK:urban"/>
    <tag k="surface" v="asphalt"/>
    <tag k="wikidata" v="Q12301226"/>
  </way>
  <way id="237230629">
    <nd ref="7484909"/>
    <nd ref="6700012624"/>
    <nd ref="4046652990"/>
    <tag k="cycleway:right" v="separate"/>
    <tag k="highway" v="secondary"/>
    <tag k="lanes" v="2"/>
    <tag k="lit" v="yes"/>
    <tag k="maxspeed" v="50"/>
    <tag k="name" v="Englandsvej"/>
    <tag k="name:etymology:wikidata" v="Q21"/>
    <tag k="oneway" v="yes"/>
    <tag k="ref" v="221"/>
    <tag k="sidewalk:right" v="separate"/>
    <tag k="source:maxspeed" v="DK:urban"/>
    <tag k="surface" v="asphalt"/>
    <tag k="wikidata" v="Q12310148"/>
  </way>
  <way id="237230631">
    <nd ref="7211086"/>
    <nd ref="8691605444"/>
    <nd ref="5446840973"/>
    <nd ref="2983240421"/>
    <nd ref="6900616867"/>
    <nd ref="6906222092"/>
    <nd ref="8097154"/>
    <nd ref="8097156"/>
    <nd ref="7658503"/>
    <nd ref="8097157"/>
    <nd ref="7655953"/>
    <tag k="bicycle" v="yes"/>
    <tag k="cycleway" v="track"/>
    <tag k="foot" v="yes"/>
    <tag k="highway" v="tertiary"/>
    <tag k="lanes" v="2"/>
    <tag k="lit" v="yes"/>
    <tag k="maxspeed" v="50"/>
    <tag k="name" v="Saltværksvej"/>
    <tag k="name:etymology:wikidata" v="Q130262817"/>
    <tag k="shoulder" v="no"/>
    <tag k="sidewalk" v="both"/>
    <tag k="source:maxspeed" v="DK:urban"/>
    <tag k="surface" v="asphalt"/>
  </way>
  <way id="237365307">
    <nd ref="8086438"/>
    <nd ref="13570199881"/>
    <nd ref="6888720762"/>
    <nd ref="10075093698"/>
    <nd ref="1579531366"/>
    <nd ref="282540906"/>
    <nd ref="7424992234"/>
    <nd ref="247933219"/>
    <tag k="cycleway:both" v="track"/>
    <tag k="highway" v="tertiary"/>
    <tag k="lanes" v="2"/>
    <tag k="lit" v="yes"/>
    <tag k="maxspeed" v="50"/>
    <tag k="name" v="Englandsvej"/>
    <tag k="name:etymology:wikidata" v="Q21"/>
    <tag k="sidewalk" v="both"/>
    <tag k="surface" v="asphalt"/>
    <tag k="wikidata" v="Q12310148"/>
  </way>
  <way id="294715511">
    <nd ref="297587751"/>
    <nd ref="250632585"/>
    <nd ref="14086099228"/>
    <nd ref="2983242421"/>
    <nd ref="14086099226"/>
    <nd ref="14086099229"/>
    <nd ref="297587750"/>
    <nd ref="14086099227"/>
    <nd ref="2983242420"/>
    <nd ref="14086099230"/>
    <nd ref="250632584"/>
    <nd ref="250632583"/>
    <tag k="bicycle" v="use_sidepath"/>
    <tag k="cycleway:right" v="separate"/>
    <tag k="highway" v="tertiary"/>
    <tag k="lane_markings" v="no"/>
    <tag k="lit" v="yes"/>
    <tag k="maxspeed" v="50"/>
    <tag k="name" v="Bøjlevej"/>
    <tag k="oneway" v="yes"/>
    <tag k="smoothness" v="excellent"/>
    <tag k="source:maxspeed" v="DK:urban"/>
    <tag k="surface" v="asphalt"/>
  </way>
  <way id="294715516">
    <nd ref="7224433"/>
    <nd ref="2983240394"/>
    <nd ref="6900616866"/>
    <nd ref="2983240388"/>
    <nd ref="2983240386"/>
    <nd ref="2983240383"/>
    <tag k="cycleway:left" v="no"/>
    <tag k="cycleway:right" v="track"/>
    <tag k="highway" v="tertiary"/>
    <tag k="lanes" v="1"/>
    <tag k="lit" v="yes"/>
    <tag k="maxspeed" v="50"/>
    <tag k="name" v="Saltværksvej"/>
    <tag k="name:etymology:wikidata" v="Q130262817"/>
    <tag k="oneway" v="yes"/>
    <tag k="sidewalk" v="both"/>
    <tag k="source:maxspeed" v="DK:urban"/>
    <tag k="surface" v="asphalt"/>
  </way>
  <way id="294715517">
    <nd ref="2983240383"/>
    <nd ref="2983240384"/>
    <nd ref="335724082"/>
    <nd ref="7461034"/>
    <tag k="cycleway:left" v="no"/>
    <tag k="cycleway:right" v="track"/>
    <tag k="highway" v="tertiary"/>
    <tag k="lanes" v="1"/>
    <tag k="lit" v="yes"/>
    <tag k="maxspeed" v="50"/>
    <tag k="name" v="Saltværksvej"/>
    <tag k="name:etymology:wikidata" v="Q130262817"/>
    <tag k="oneway" v="yes"/>
    <tag k="sidewalk" v="both"/>
    <tag k="source:maxspeed" v="DK:urban"/>
    <tag k="surface" v="asphalt"/>
  </way>
  <way id="294715518">
    <nd ref="7224433"/>
    <nd ref="9225393348"/>
    <nd ref="2983240397"/>
    <nd ref="6906222093"/>
    <nd ref="7211083"/>
    <nd ref="4694407092"/>
    <nd ref="13991188610"/>
    <nd ref="7211084"/>
    <nd ref="5446840984"/>
    <nd ref="7432025"/>
    <nd ref="6985392405"/>
    <nd ref="6985392404"/>
    <nd ref="7228009"/>
    <nd ref="8691605446"/>
    <nd ref="7211086"/>
    <tag k="bicycle" v="yes"/>
    <tag k="cycleway" v="track"/>
    <tag k="foot" v="yes"/>
    <tag k="highway" v="tertiary"/>
    <tag k="lanes" v="2"/>
    <tag k="lit" v="yes"/>
    <tag k="maxspeed" v="50"/>
    <tag k="name" v="Saltværksvej"/>
    <tag k="name:etymology:wikidata" v="Q130262817"/>
    <tag k="shoulder" v="left"/>
    <tag k="sidewalk" v="both"/>
    <tag k="source:maxspeed" v="DK:urban"/>
    <tag k="surface" v="asphalt"/>
  </way>
  <way id="294717569">
    <nd ref="25276383"/>
    <nd ref="12886646965"/>
    <nd ref="12886646959"/>
    <nd ref="2983280875"/>
    <tag k="bicycle" v="use_sidepath"/>
    <tag k="highway" v="tertiary"/>
    <tag k="lanes" v="2"/>
    <tag k="lit" v="yes"/>
    <tag k="maxspeed" v="50"/>
    <tag k="name" v="Kastrup Strandpark"/>
    <tag k="oneway" v="yes"/>
    <tag k="smoothness" v="excellent"/>
    <tag k="source:maxspeed" v="DK:urban"/>
    <tag k="surface" v="asphalt"/>
  </way>
  <way id="294717570">
    <nd ref="1305130121"/>
    <nd ref="12886646958"/>
    <nd ref="25276383"/>
    <tag k="bicycle" v="use_sidepath"/>
    <tag k="highway" v="tertiary"/>
    <tag k="lanes" v="2"/>
    <tag k="lit" v="yes"/>
    <tag k="maxspeed" v="50"/>
    <tag k="name" v="Kastrup Strandpark"/>
    <tag k="oneway" v="yes"/>
    <tag k="smoothness" v="excellent"/>
    <tag k="source:maxspeed" v="DK:urban"/>
    <tag k="surface" v="asphalt"/>
  </way>
  <way id="294717571">
    <nd ref="2983280875"/>
    <nd ref="2983280874"/>
    <nd ref="2983280873"/>
    <nd ref="2983280872"/>
    <nd ref="2983280871"/>
    <nd ref="6292969891"/>
    <tag k="bicycle" v="use_sidepath"/>
    <tag k="highway" v="tertiary"/>
    <tag k="lanes" v="1"/>
    <tag k="lit" v="yes"/>
    <tag k="maxspeed" v="50"/>
    <tag k="name" v="Kastrup Strandpark"/>
    <tag k="oneway" v="yes"/>
    <tag k="sidewalk" v="both"/>
    <tag k="smoothness" v="excellent"/>
    <tag k="source:maxspeed" v="DK:urban"/>
    <tag k="surface" v="asphalt"/>
  </way>
  <way id="296891697">
    <nd ref="2935900547"/>
    <nd ref="5379948207"/>
    <nd ref="6448447785"/>
    <tag k="bicycle" v="no"/>
    <tag k="highway" v="tertiary"/>
    <tag k="lanes" v="2"/>
    <tag k="lit" v="yes"/>
    <tag k="maxspeed" v="80"/>
    <tag k="name" v="Ellehammersvej"/>
    <tag k="name:etymology:wikidata" v="Q286016"/>
    <tag k="oneway" v="yes"/>
    <tag k="sidewalk:left" v="no"/>
    <tag k="sidewalk:right" v="separate"/>
    <tag k="smoothness" v="excellent"/>
    <tag k="source:maxspeed" v="DK:rural"/>
    <tag k="surface" v="asphalt"/>
  </way>
  <way id="316344481">
    <nd ref="2066198474"/>
    <nd ref="2066198460"/>
    <tag k="bicycle" v="use_sidepath"/>
    <tag k="cycleway:right" v="separate"/>
    <tag k="highway" v="secondary"/>
    <tag k="lane_markings" v="no"/>
    <tag k="lit" v="yes"/>
    <tag k="maxspeed" v="50"/>
    <tag k="name" v="Englandsvej"/>
    <tag k="name:etymology:wikidata" v="Q21"/>
    <tag k="oneway" v="yes"/>
    <tag k="ref" v="221"/>
    <tag k="source:maxspeed" v="DK:urban"/>
    <tag k="surface" v="asphalt"/>
    <tag k="wikidata" v="Q12310148"/>
  </way>
  <way id="324884579">
    <nd ref="25954098"/>
    <nd ref="395912243"/>
    <tag k="bicycle" v="use_sidepath"/>
    <tag k="foot" v="no"/>
    <tag k="highway" v="tertiary"/>
    <tag k="lanes" v="2"/>
    <tag k="lit" v="yes"/>
    <tag k="maxspeed" v="50"/>
    <tag k="name" v="Amager Strandvej"/>
    <tag k="oneway" v="yes"/>
    <tag k="source:maxspeed" v="DK:urban"/>
    <tag k="surface" v="asphalt"/>
    <tag k="wikidata" v="Q12301226"/>
  </way>
  <way id="330917228">
    <nd ref="2066198508"/>
    <nd ref="5488872968"/>
    <nd ref="2066198506"/>
    <nd ref="2066273779"/>
    <nd ref="2066198503"/>
    <nd ref="6952531497"/>
    <nd ref="2066198501"/>
    <nd ref="8441631692"/>
    <nd ref="8441631691"/>
    <tag k="bicycle" v="use_sidepath"/>
    <tag k="destination:lanes" v="Dragør|Dragør|København"/>
    <tag k="highway" v="tertiary"/>
    <tag k="lanes" v="3"/>
    <tag k="lit" v="yes"/>
    <tag k="maxspeed" v="50"/>
    <tag k="name" v="Englandsvej"/>
    <tag k="name:etymology:wikidata" v="Q21"/>
    <tag k="oneway" v="yes"/>
    <tag k="source:maxspeed" v="DK:urban"/>
    <tag k="surface" v="asphalt"/>
    <tag k="wikidata" v="Q12310148"/>
  </way>
  <way id="343466400">
    <nd ref="8441631678"/>
    <nd ref="2066198512"/>
    <nd ref="2066198510"/>
    <nd ref="2066198508"/>
    <tag k="bicycle" v="use_sidepath"/>
    <tag k="highway" v="tertiary"/>
    <tag k="lanes" v="2"/>
    <tag k="lit" v="yes"/>
    <tag k="maxspeed" v="50"/>
    <tag k="name" v="Englandsvej"/>
    <tag k="name:etymology:wikidata" v="Q21"/>
    <tag k="oneway" v="yes"/>
    <tag k="smoothness" v="excellent"/>
    <tag k="source:maxspeed" v="DK:urban"/>
    <tag k="surface" v="asphalt"/>
    <tag k="wikidata" v="Q12310148"/>
  </way>
  <way id="343540429">
    <nd ref="2066198435"/>
    <nd ref="2066198458"/>
    <nd ref="8441631667"/>
    <nd ref="2066198478"/>
    <tag k="bicycle" v="use_sidepath"/>
    <tag k="cycleway:right" v="separate"/>
    <tag k="highway" v="tertiary"/>
    <tag k="lanes" v="2"/>
    <tag k="lit" v="yes"/>
    <tag k="maxspeed" v="50"/>
    <tag k="name" v="Englandsvej"/>
    <tag k="name:etymology:wikidata" v="Q21"/>
    <tag k="oneway" v="yes"/>
    <tag k="source:maxspeed" v="DK:urban"/>
    <tag k="surface" v="asphalt"/>
    <tag k="wikidata" v="Q12310148"/>
  </way>
  <way id="357265304">
    <nd ref="2631260744"/>
    <nd ref="2631260746"/>
    <nd ref="2631260747"/>
    <nd ref="2631260748"/>
    <nd ref="1344129252"/>
    <nd ref="340503591"/>
    <tag k="hazard" v="animal_crossing"/>
    <tag k="highway" v="motorway"/>
    <tag k="int_ref" v="E 20"/>
    <tag k="lanes" v="2"/>
    <tag k="lit" v="yes"/>
    <tag k="maxspeed" v="110"/>
    <tag k="maxspeed:variable" v="yes"/>
    <tag k="name" v="Øresundsmotorvejen"/>
    <tag k="name:etymology:wikidata" v="Q104662"/>
    <tag k="oneway" v="yes"/>
    <tag k="operator" v="Øresundsbro Konsortiet I/S"/>
    <tag k="operator:wikidata" v="Q12342037"/>
    <tag k="operator:wikipedia" v="da:Øresundsbro Konsortiet"/>
    <tag k="ref" v="E 20"/>
    <tag k="source:maxspeed" v="sign"/>
    <tag k="surface" v="asphalt"/>
  </way>
  <way id="357265305">
    <nd ref="3625850450"/>
    <nd ref="1357949910"/>
    <nd ref="8812076"/>
    <nd ref="3625850453"/>
    <tag k="highway" v="motorway"/>
    <tag k="int_ref" v="E 20"/>
    <tag k="lanes" v="3"/>
    <tag k="lit" v="no"/>
    <tag k="maxspeed" v="110"/>
    <tag k="name" v="Øresundsmotorvejen"/>
    <tag k="name:etymology:wikidata" v="Q104662"/>
    <tag k="oneway" v="yes"/>
    <tag k="operator" v="Øresundsbro Konsortiet I/S"/>
    <tag k="operator:wikidata" v="Q12342037"/>
    <tag k="operator:wikipedia" v="da:Øresundsbro Konsortiet"/>
    <tag k="ref" v="E 20"/>
    <tag k="source:maxspeed" v="sign"/>
    <tag k="surface" v="asphalt"/>
  </way>
  <way id="357265307">
    <nd ref="3625850451"/>
    <nd ref="118895"/>
    <nd ref="1357949893"/>
    <nd ref="118897"/>
    <tag k="hazard" v="animal_crossing"/>
    <tag k="highway" v="motorway"/>
    <tag k="int_ref" v="E 20"/>
    <tag k="lanes" v="3"/>
    <tag k="lit" v="no"/>
    <tag k="maxspeed" v="110"/>
    <tag k="maxspeed:variable" v="yes"/>
    <tag k="name" v="Øresundsmotorvejen"/>
    <tag k="name:etymology:wikidata" v="Q104662"/>
    <tag k="oneway" v="yes"/>
    <tag k="operator" v="Øresundsbro Konsortiet I/S"/>
    <tag k="operator:wikidata" v="Q12342037"/>
    <tag k="operator:wikipedia" v="da:Øresundsbro Konsortiet"/>
    <tag k="ref" v="E 20"/>
    <tag k="source:maxspeed" v="sign"/>
    <tag k="surface" v="asphalt"/>
    <tag k="turn:lanes" v="through|through|slight_right"/>
  </way>
  <way id="357266386">
    <nd ref="411800470"/>
    <nd ref="3625860953"/>
    <tag k="highway" v="motorway"/>
    <tag k="int_ref" v="E 20"/>
    <tag k="lanes" v="2"/>
    <tag k="lit" v="yes"/>
    <tag k="maxheight" v="5.01"/>
    <tag k="maxspeed" v="110"/>
    <tag k="name" v="Øresundsmotorvejen"/>
    <tag k="name:etymology:wikidata" v="Q104662"/>
    <tag k="oneway" v="yes"/>
    <tag k="operator" v="Øresundsbro Konsortiet I/S"/>
    <tag k="operator:wikidata" v="Q12342037"/>
    <tag k="operator:wikipedia" v="da:Øresundsbro Konsortiet"/>
    <tag k="ref" v="E 20"/>
    <tag k="source:maxspeed" v="sign"/>
    <tag k="surface" v="asphalt"/>
    <tag k="toll" v="yes"/>
  </way>
  <way id="357266387">
    <nd ref="3625860953"/>
    <nd ref="1069973434"/>
    <nd ref="411800472"/>
    <nd ref="1069973393"/>
    <nd ref="2288016845"/>
    <tag k="highway" v="motorway"/>
    <tag k="int_ref" v="E 20"/>
    <tag k="lanes" v="2"/>
    <tag k="lit" v="yes"/>
    <tag k="maxspeed" v="110"/>
    <tag k="name" v="Øresundsmotorvejen"/>
    <tag k="name:etymology:wikidata" v="Q104662"/>
    <tag k="oneway" v="yes"/>
    <tag k="operator" v="Øresundsbro Konsortiet I/S"/>
    <tag k="operator:wikidata" v="Q12342037"/>
    <tag k="operator:wikipedia" v="da:Øresundsbro Konsortiet"/>
    <tag k="ref" v="E 20"/>
    <tag k="source:maxspeed" v="sign"/>
    <tag k="surface" v="asphalt"/>
    <tag k="toll" v="yes"/>
  </way>
  <way id="357266388">
    <nd ref="8812057"/>
    <nd ref="1069973383"/>
    <nd ref="1069973398"/>
    <nd ref="8812059"/>
    <nd ref="1069973448"/>
    <nd ref="411799932"/>
    <nd ref="1357408437"/>
    <nd ref="8812063"/>
    <nd ref="8812065"/>
    <tag k="highway" v="motorway"/>
    <tag k="int_ref" v="E 20"/>
    <tag k="lanes" v="2"/>
    <tag k="lit" v="yes"/>
    <tag k="maxheight" v="default"/>
    <tag k="maxspeed" v="110"/>
    <tag k="name" v="Øresundsmotorvejen"/>
    <tag k="name:etymology:wikidata" v="Q104662"/>
    <tag k="oneway" v="yes"/>
    <tag k="operator" v="Øresundsbro Konsortiet I/S"/>
    <tag k="operator:wikidata" v="Q12342037"/>
    <tag k="operator:wikipedia" v="da:Øresundsbro Konsortiet"/>
    <tag k="ref" v="E 20"/>
    <tag k="source:maxspeed" v="sign"/>
    <tag k="surface" v="asphalt"/>
  </way>
  <way id="357266389">
    <nd ref="3625860954"/>
    <nd ref="8812057"/>
    <tag k="highway" v="motorway"/>
    <tag k="int_ref" v="E 20"/>
    <tag k="lanes" v="2"/>
    <tag k="lit" v="yes"/>
    <tag k="maxheight" v="5.01"/>
    <tag k="maxspeed" v="110"/>
    <tag k="name" v="Øresundsmotorvejen"/>
    <tag k="name:etymology:wikidata" v="Q104662"/>
    <tag k="oneway" v="yes"/>
    <tag k="operator" v="Øresundsbro Konsortiet I/S"/>
    <tag k="operator:wikidata" v="Q12342037"/>
    <tag k="operator:wikipedia" v="da:Øresundsbro Konsortiet"/>
    <tag k="ref" v="E 20"/>
    <tag k="source:maxspeed" v="sign"/>
    <tag k="surface" v="asphalt"/>
  </way>
  <way id="370256035">
    <nd ref="1069961220"/>
    <nd ref="345521685"/>
    <nd ref="25246576"/>
    <nd ref="345521686"/>
    <nd ref="1069961126"/>
    <nd ref="25246575"/>
    <nd ref="345521687"/>
    <nd ref="345522066"/>
    <nd ref="25246574"/>
    <nd ref="1069961218"/>
    <nd ref="5794539753"/>
    <nd ref="335722047"/>
    <nd ref="1069961175"/>
    <nd ref="25246573"/>
    <nd ref="1069961213"/>
    <nd ref="1069961100"/>
    <nd ref="25246571"/>
    <tag k="highway" v="motorway"/>
    <tag k="int_ref" v="E 20"/>
    <tag k="lanes" v="2"/>
    <tag k="maxspeed" v="110"/>
    <tag k="name" v="Øresundsmotorvejen"/>
    <tag k="name:etymology:wikidata" v="Q104662"/>
    <tag k="oneway" v="yes"/>
    <tag k="operator" v="Øresundsbro Konsortiet I/S"/>
    <tag k="operator:wikidata" v="Q12342037"/>
    <tag k="operator:wikipedia" v="da:Øresundsbro Konsortiet"/>
    <tag k="ref" v="E 20"/>
    <tag k="shoulder" v="right"/>
    <tag k="source:maxspeed" v="sign"/>
    <tag k="surface" v="asphalt"/>
    <tag k="toll" v="yes"/>
  </way>
  <way id="370256037">
    <nd ref="345521978"/>
    <nd ref="1069961165"/>
    <nd ref="118912"/>
    <tag k="highway" v="motorway"/>
    <tag k="int_ref" v="E 20"/>
    <tag k="lanes" v="2"/>
    <tag k="lit" v="yes"/>
    <tag k="maxspeed" v="110"/>
    <tag k="maxspeed:variable" v="yes"/>
    <tag k="name" v="Øresundsmotorvejen"/>
    <tag k="name:etymology:wikidata" v="Q104662"/>
    <tag k="oneway" v="yes"/>
    <tag k="operator" v="Øresundsbro Konsortiet I/S"/>
    <tag k="operator:wikidata" v="Q12342037"/>
    <tag k="operator:wikipedia" v="da:Øresundsbro Konsortiet"/>
    <tag k="ref" v="E 20"/>
    <tag k="shoulder" v="no"/>
    <tag k="source:maxspeed" v="sign"/>
    <tag k="surface" v="asphalt"/>
    <tag k="toll" v="yes"/>
  </way>
  <way id="386801138">
    <nd ref="25246571"/>
    <nd ref="1069961230"/>
    <nd ref="1069961188"/>
    <nd ref="335722649"/>
    <nd ref="25246572"/>
    <nd ref="1069961123"/>
    <nd ref="1069961228"/>
    <nd ref="8812032"/>
    <nd ref="411800582"/>
    <nd ref="8541910229"/>
    <nd ref="1069961208"/>
    <nd ref="1069961215"/>
    <nd ref="25246794"/>
    <tag k="highway" v="motorway"/>
    <tag k="int_ref" v="E 20"/>
    <tag k="lanes" v="2"/>
    <tag k="lit" v="yes"/>
    <tag k="maxheight" v="default"/>
    <tag k="maxspeed" v="110"/>
    <tag k="name" v="Øresundsmotorvejen"/>
    <tag k="name:etymology:wikidata" v="Q104662"/>
    <tag k="oneway" v="yes"/>
    <tag k="operator" v="Øresundsbro Konsortiet I/S"/>
    <tag k="operator:wikidata" v="Q12342037"/>
    <tag k="operator:wikipedia" v="da:Øresundsbro Konsortiet"/>
    <tag k="ref" v="E 20"/>
    <tag k="shoulder" v="right"/>
    <tag k="source:maxspeed" v="sign"/>
    <tag k="surface" v="asphalt"/>
    <tag k="toll" v="yes"/>
  </way>
  <way id="386834369">
    <nd ref="447766923"/>
    <nd ref="447765357"/>
    <tag k="bicycle" v="no"/>
    <tag k="foot" v="no"/>
    <tag k="highway" v="tertiary"/>
    <tag k="lanes" v="2"/>
    <tag k="lit" v="yes"/>
    <tag k="maxspeed" v="50"/>
    <tag k="name" v="Amager Strandvej"/>
    <tag k="oneway" v="yes"/>
    <tag k="source:maxspeed" v="DK:urban"/>
    <tag k="surface" v="asphalt"/>
    <tag k="wikidata" v="Q12301226"/>
  </way>
  <way id="386834383">
    <nd ref="3224531918"/>
    <nd ref="5379933415"/>
    <nd ref="447780407"/>
    <nd ref="3224531914"/>
    <nd ref="8079483"/>
    <nd ref="447780763"/>
    <nd ref="442137147"/>
    <tag k="bicycle" v="no"/>
    <tag k="highway" v="tertiary"/>
    <tag k="junction" v="roundabout"/>
    <tag k="lanes" v="2"/>
    <tag k="lit" v="yes"/>
    <tag k="maxspeed" v="80"/>
    <tag k="noname" v="yes"/>
    <tag k="source:maxspeed" v="DK:rural"/>
    <tag k="surface" v="asphalt"/>
  </way>
  <way id="386834391">
    <nd ref="2288016844"/>
    <nd ref="1357408410"/>
    <nd ref="1357408433"/>
    <nd ref="118900"/>
    <tag k="highway" v="motorway"/>
    <tag k="int_ref" v="E 20"/>
    <tag k="lanes" v="2"/>
    <tag k="lit" v="yes"/>
    <tag k="maxspeed" v="110"/>
    <tag k="maxspeed:variable" v="yes"/>
    <tag k="name" v="Øresundsmotorvejen"/>
    <tag k="name:etymology:wikidata" v="Q104662"/>
    <tag k="oneway" v="yes"/>
    <tag k="operator" v="Øresundsbro Konsortiet I/S"/>
    <tag k="operator:wikidata" v="Q12342037"/>
    <tag k="operator:wikipedia" v="da:Øresundsbro Konsortiet"/>
    <tag k="ref" v="E 20"/>
    <tag k="source:maxspeed" v="sign"/>
    <tag k="surface" v="asphalt"/>
  </way>
  <way id="386834392">
    <nd ref="8812065"/>
    <nd ref="1357408391"/>
    <nd ref="1357409952"/>
    <nd ref="8812068"/>
    <nd ref="340506309"/>
    <tag k="highway" v="motorway"/>
    <tag k="int_ref" v="E 20"/>
    <tag k="lanes" v="2"/>
    <tag k="lit" v="yes"/>
    <tag k="maxspeed" v="110"/>
    <tag k="name" v="Øresundsmotorvejen"/>
    <tag k="name:etymology:wikidata" v="Q104662"/>
    <tag k="oneway" v="yes"/>
    <tag k="operator" v="Øresundsbro Konsortiet I/S"/>
    <tag k="operator:wikidata" v="Q12342037"/>
    <tag k="operator:wikipedia" v="da:Øresundsbro Konsortiet"/>
    <tag k="ref" v="E 20"/>
    <tag k="source:maxspeed" v="sign"/>
    <tag k="surface" v="asphalt"/>
  </way>
  <way id="386834393">
    <nd ref="13571023760"/>
    <nd ref="411800658"/>
    <nd ref="13595535484"/>
    <nd ref="118905"/>
    <nd ref="1069961108"/>
    <nd ref="335722467"/>
    <nd ref="447761129"/>
    <nd ref="1069961147"/>
    <nd ref="118906"/>
    <tag k="hazmat:conditional" v="no @ (06:00-19:00)"/>
    <tag k="highway" v="motorway"/>
    <tag k="int_ref" v="E 20"/>
    <tag k="lanes" v="2"/>
    <tag k="lit" v="yes"/>
    <tag k="maxheight" v="default"/>
    <tag k="maxspeed" v="110"/>
    <tag k="name" v="Øresundsmotorvejen"/>
    <tag k="name:etymology:wikidata" v="Q104662"/>
    <tag k="oneway" v="yes"/>
    <tag k="operator" v="Øresundsbro Konsortiet I/S"/>
    <tag k="operator:wikidata" v="Q12342037"/>
    <tag k="operator:wikipedia" v="da:Øresundsbro Konsortiet"/>
    <tag k="ref" v="E 20"/>
    <tag k="shoulder" v="right"/>
    <tag k="source:maxspeed" v="sign"/>
    <tag k="surface" v="asphalt"/>
    <tag k="toll" v="yes"/>
  </way>
  <way id="388070394">
    <nd ref="2421592275"/>
    <nd ref="8079480"/>
    <nd ref="13571023818"/>
    <tag k="bicycle" v="no"/>
    <tag k="highway" v="tertiary"/>
    <tag k="junction" v="roundabout"/>
    <tag k="lanes" v="2"/>
    <tag k="lit" v="yes"/>
    <tag k="maxspeed" v="80"/>
    <tag k="noname" v="yes"/>
    <tag k="sidewalk:left" v="no"/>
    <tag k="sidewalk:right" v="separate"/>
    <tag k="smoothness" v="good"/>
    <tag k="source:maxspeed" v="DK:rural"/>
    <tag k="surface" v="asphalt"/>
  </way>
  <way id="388083006">
    <nd ref="442137488"/>
    <nd ref="4805952490"/>
    <tag k="bicycle" v="no"/>
    <tag k="highway" v="tertiary"/>
    <tag k="lanes" v="2"/>
    <tag k="lit" v="yes"/>
    <tag k="maxspeed" v="80"/>
    <tag k="motorcar" v="yes"/>
    <tag k="name" v="Ellehammersvej"/>
    <tag k="name:etymology:wikidata" v="Q286016"/>
    <tag k="oneway" v="yes"/>
    <tag k="source:maxspeed" v="DK:rural"/>
    <tag k="surface" v="asphalt"/>
  </way>
  <way id="388313109">
    <nd ref="3224531924"/>
    <nd ref="1357408419"/>
    <nd ref="3379469134"/>
    <nd ref="8079479"/>
    <tag k="bicycle" v="no"/>
    <tag k="foot" v="no"/>
    <tag k="highway" v="tertiary"/>
    <tag k="junction" v="roundabout"/>
    <tag k="lanes" v="2"/>
    <tag k="lit" v="yes"/>
    <tag k="maxspeed" v="80"/>
    <tag k="noname" v="yes"/>
    <tag k="sidewalk" v="no"/>
    <tag k="source:maxspeed" v="DK:rural"/>
    <tag k="surface" v="asphalt"/>
  </way>
  <way id="476732797">
    <nd ref="411802614"/>
    <nd ref="7737278"/>
    <nd ref="4706323304"/>
    <nd ref="4702143190"/>
    <nd ref="4702142541"/>
    <nd ref="7737280"/>
    <nd ref="4702143015"/>
    <nd ref="4702143056"/>
    <nd ref="7737291"/>
    <nd ref="4706323408"/>
    <nd ref="3380297668"/>
    <nd ref="291220944"/>
    <nd ref="7155132897"/>
    <tag k="highway" v="tertiary"/>
    <tag k="lanes" v="2"/>
    <tag k="lit" v="yes"/>
    <tag k="maxspeed" v="50"/>
    <tag k="name" v="Irlandsvej"/>
    <tag k="name:etymology:wikidata" v="Q27"/>
    <tag k="sidewalk" v="both"/>
    <tag k="sidewalk:both:surface" v="paving_stones"/>
    <tag k="source:maxspeed" v="DK:urban"/>
    <tag k="surface" v="asphalt"/>
  </way>
  <way id="488266193">
    <nd ref="4805885680"/>
    <nd ref="2910072517"/>
    <tag k="bicycle" v="use_sidepath"/>
    <tag k="cycleway:right" v="separate"/>
    <tag k="highway" v="tertiary"/>
    <tag k="lanes" v="2"/>
    <tag k="lit" v="yes"/>
    <tag k="maxspeed" v="80"/>
    <tag k="name" v="Lufthavnsboulevarden"/>
    <tag k="name:etymology:wikidata" v="Q206277"/>
    <tag k="oneway" v="yes"/>
    <tag k="smoothness" v="good"/>
    <tag k="source:maxspeed" v="DK:rural"/>
    <tag k="surface" v="asphalt"/>
    <tag k="turn:lanes" v="left|through"/>
  </way>
  <way id="488266194">
    <nd ref="2910072517"/>
    <nd ref="4805885681"/>
    <nd ref="2421592294"/>
    <tag k="bicycle" v="use_sidepath"/>
    <tag k="cycleway:right" v="separate"/>
    <tag k="highway" v="tertiary"/>
    <tag k="lane_markings" v="no"/>
    <tag k="lit" v="yes"/>
    <tag k="maxspeed" v="80"/>
    <tag k="name" v="Lufthavnsboulevarden"/>
    <tag k="name:etymology:wikidata" v="Q206277"/>
    <tag k="oneway" v="yes"/>
    <tag k="smoothness" v="good"/>
    <tag k="source:maxspeed" v="DK:rural"/>
    <tag k="surface" v="asphalt"/>
  </way>
  <way id="488266195">
    <nd ref="4805885682"/>
    <nd ref="13571023837"/>
    <nd ref="6328317940"/>
    <nd ref="26667792"/>
    <tag k="bicycle" v="use_sidepath"/>
    <tag k="highway" v="tertiary"/>
    <tag k="lane_markings" v="no"/>
    <tag k="lanes" v="1"/>
    <tag k="lit" v="yes"/>
    <tag k="maxspeed" v="80"/>
    <tag k="name" v="Lufthavnsboulevarden"/>
    <tag k="name:etymology:wikidata" v="Q206277"/>
    <tag k="oneway" v="yes"/>
    <tag k="smoothness" v="good"/>
    <tag k="source:maxspeed" v="DK:rural"/>
    <tag k="surface" v="asphalt"/>
  </way>
  <way id="488266198">
    <nd ref="2421592208"/>
    <nd ref="4805885682"/>
    <tag k="bicycle" v="use_sidepath"/>
    <tag k="cycleway:right" v="separate"/>
    <tag k="highway" v="tertiary"/>
    <tag k="lanes" v="2"/>
    <tag k="lit" v="yes"/>
    <tag k="maxspeed" v="80"/>
    <tag k="name" v="Lufthavnsboulevarden"/>
    <tag k="name:etymology:wikidata" v="Q206277"/>
    <tag k="oneway" v="yes"/>
    <tag k="smoothness" v="good"/>
    <tag k="source:maxspeed" v="DK:rural"/>
    <tag k="surface" v="asphalt"/>
    <tag k="turn:lanes" v="through|right"/>
  </way>
  <way id="488266200">
    <nd ref="2421592294"/>
    <nd ref="4805885683"/>
    <tag k="bicycle" v="use_sidepath"/>
    <tag k="cycleway:right" v="separate"/>
    <tag k="highway" v="tertiary"/>
    <tag k="lanes" v="2"/>
    <tag k="lit" v="yes"/>
    <tag k="maxspeed" v="80"/>
    <tag k="name" v="Lufthavnsboulevarden"/>
    <tag k="name:etymology:wikidata" v="Q206277"/>
    <tag k="oneway" v="yes"/>
    <tag k="smoothness" v="good"/>
    <tag k="source:maxspeed" v="DK:rural"/>
    <tag k="surface" v="asphalt"/>
    <tag k="turn:lanes" v="left|through"/>
  </way>
  <way id="488266201">
    <nd ref="4805885683"/>
    <nd ref="2278646348"/>
    <nd ref="447778055"/>
    <tag k="bicycle" v="use_sidepath"/>
    <tag k="highway" v="tertiary"/>
    <tag k="lane_markings" v="no"/>
    <tag k="lanes" v="1"/>
    <tag k="lit" v="yes"/>
    <tag k="maxspeed" v="80"/>
    <tag k="name" v="Lufthavnsboulevarden"/>
    <tag k="name:etymology:wikidata" v="Q206277"/>
    <tag k="oneway" v="yes"/>
    <tag k="smoothness" v="good"/>
    <tag k="source:maxspeed" v="DK:rural"/>
    <tag k="surface" v="asphalt"/>
  </way>
  <way id="488266202">
    <nd ref="2910040004"/>
    <nd ref="2421592208"/>
    <tag k="bicycle" v="use_sidepath"/>
    <tag k="cycleway:right" v="separate"/>
    <tag k="highway" v="tertiary"/>
    <tag k="lane_markings" v="no"/>
    <tag k="lit" v="yes"/>
    <tag k="maxspeed" v="80"/>
    <tag k="name" v="Lufthavnsboulevarden"/>
    <tag k="name:etymology:wikidata" v="Q206277"/>
    <tag k="oneway" v="yes"/>
    <tag k="smoothness" v="good"/>
    <tag k="source:maxspeed" v="DK:rural"/>
    <tag k="surface" v="asphalt"/>
  </way>
  <way id="488266204">
    <nd ref="2421592303"/>
    <nd ref="2910040004"/>
    <tag k="bicycle" v="use_sidepath"/>
    <tag k="highway" v="tertiary"/>
    <tag k="lanes" v="2"/>
    <tag k="lit" v="yes"/>
    <tag k="maxspeed" v="80"/>
    <tag k="name" v="Lufthavnsboulevarden"/>
    <tag k="name:etymology:wikidata" v="Q206277"/>
    <tag k="oneway" v="yes"/>
    <tag k="smoothness" v="good"/>
    <tag k="source:maxspeed" v="DK:rural"/>
    <tag k="surface" v="asphalt"/>
    <tag k="turn:lanes" v="through|right"/>
  </way>
  <way id="488266206">
    <nd ref="10673538304"/>
    <nd ref="11782433176"/>
    <nd ref="7877804361"/>
    <nd ref="7877804360"/>
    <nd ref="7877804359"/>
    <nd ref="7877804358"/>
    <nd ref="7877804357"/>
    <nd ref="2421609169"/>
    <tag k="bicycle" v="use_sidepath"/>
    <tag k="highway" v="tertiary"/>
    <tag k="lane_markings" v="no"/>
    <tag k="lanes" v="1"/>
    <tag k="lit" v="yes"/>
    <tag k="maxspeed" v="80"/>
    <tag k="name" v="Lufthavnsboulevarden"/>
    <tag k="name:etymology:wikidata" v="Q206277"/>
    <tag k="oneway" v="yes"/>
    <tag k="smoothness" v="good"/>
    <tag k="source:maxspeed" v="DK:rural"/>
    <tag k="surface" v="asphalt"/>
  </way>
  <way id="488266208">
    <nd ref="4805885693"/>
    <nd ref="447778056"/>
    <tag k="bicycle" v="no"/>
    <tag k="highway" v="tertiary"/>
    <tag k="lanes" v="2"/>
    <tag k="lit" v="yes"/>
    <tag k="maxspeed" v="80"/>
    <tag k="name" v="Lufthavnsboulevarden"/>
    <tag k="name:etymology:wikidata" v="Q206277"/>
    <tag k="oneway" v="yes"/>
    <tag k="sidewalk" v="right"/>
    <tag k="source:maxspeed" v="DK:rural"/>
    <tag k="surface" v="asphalt"/>
    <tag k="turn:lanes" v="left|through"/>
  </way>
  <way id="488266209">
    <nd ref="4805885684"/>
    <nd ref="2421592303"/>
    <tag k="bicycle" v="use_sidepath"/>
    <tag k="highway" v="tertiary"/>
    <tag k="lane_markings" v="no"/>
    <tag k="lanes" v="1"/>
    <tag k="lit" v="yes"/>
    <tag k="maxspeed" v="80"/>
    <tag k="name" v="Lufthavnsboulevarden"/>
    <tag k="name:etymology:wikidata" v="Q206277"/>
    <tag k="oneway" v="yes"/>
    <tag k="smoothness" v="good"/>
    <tag k="source:maxspeed" v="DK:rural"/>
    <tag k="surface" v="asphalt"/>
  </way>
  <way id="488266225">
    <nd ref="4805885699"/>
    <nd ref="9852000817"/>
    <tag k="bicycle" v="use_sidepath"/>
    <tag k="highway" v="tertiary"/>
    <tag k="lanes" v="2"/>
    <tag k="lit" v="yes"/>
    <tag k="maxspeed" v="80"/>
    <tag k="name" v="Lufthavnsboulevarden"/>
    <tag k="name:etymology:wikidata" v="Q206277"/>
    <tag k="oneway" v="yes"/>
    <tag k="placement" v="middle_of:2"/>
    <tag k="shoulder" v="no"/>
    <tag k="smoothness" v="good"/>
    <tag k="source:maxspeed" v="DK:rural"/>
    <tag k="surface" v="asphalt"/>
    <tag k="turn:lanes" v="left|through"/>
  </way>
  <way id="488266228">
    <nd ref="2421609169"/>
    <nd ref="7877804356"/>
    <nd ref="11378556085"/>
    <tag k="bicycle" v="use_sidepath"/>
    <tag k="cycleway:right" v="no"/>
    <tag k="highway" v="tertiary"/>
    <tag k="lane_markings" v="no"/>
    <tag k="lit" v="yes"/>
    <tag k="maxspeed" v="80"/>
    <tag k="name" v="Lufthavnsboulevarden"/>
    <tag k="name:etymology:wikidata" v="Q206277"/>
    <tag k="oneway" v="yes"/>
    <tag k="smoothness" v="good"/>
    <tag k="source:maxspeed" v="DK:rural"/>
    <tag k="surface" v="asphalt"/>
  </way>
  <way id="488266236">
    <nd ref="4805885707"/>
    <nd ref="11782433177"/>
    <nd ref="11782406162"/>
    <nd ref="1216480143"/>
    <nd ref="2945875541"/>
    <tag k="bicycle" v="no"/>
    <tag k="highway" v="tertiary"/>
    <tag k="lanes" v="2"/>
    <tag k="lit" v="yes"/>
    <tag k="maxspeed" v="80"/>
    <tag k="name" v="Lufthavnsboulevarden"/>
    <tag k="name:etymology:wikidata" v="Q206277"/>
    <tag k="oneway" v="yes"/>
    <tag k="placement" v="middle_of:1"/>
    <tag k="smoothness" v="good"/>
    <tag k="source:maxspeed" v="DK:rural"/>
    <tag k="surface" v="asphalt"/>
    <tag k="turn:lanes" v="through|right"/>
  </way>
  <way id="488266241">
    <nd ref="2421592275"/>
    <nd ref="7025823226"/>
    <nd ref="2421592283"/>
    <tag k="bicycle" v="no"/>
    <tag k="highway" v="tertiary"/>
    <tag k="lanes" v="2"/>
    <tag k="lit" v="yes"/>
    <tag k="maxspeed" v="80"/>
    <tag k="name" v="Lufthavnsboulevarden"/>
    <tag k="name:etymology:wikidata" v="Q206277"/>
    <tag k="shoulder" v="no"/>
    <tag k="smoothness" v="good"/>
    <tag k="source:maxspeed" v="DK:rural"/>
    <tag k="surface" v="asphalt"/>
  </way>
  <way id="488272301">
    <nd ref="4805952489"/>
    <nd ref="8483842834"/>
    <nd ref="1216480126"/>
    <nd ref="13571023805"/>
    <nd ref="4805952487"/>
    <tag k="bicycle" v="no"/>
    <tag k="highway" v="tertiary"/>
    <tag k="lanes" v="3"/>
    <tag k="lit" v="yes"/>
    <tag k="maxspeed" v="80"/>
    <tag k="motorcar" v="yes"/>
    <tag k="name" v="Ellehammersvej"/>
    <tag k="name:etymology:wikidata" v="Q286016"/>
    <tag k="oneway" v="yes"/>
    <tag k="placement" v="right_of:1"/>
    <tag k="source:maxspeed" v="DK:rural"/>
    <tag k="surface" v="asphalt"/>
    <tag k="turn:lanes" v="through|through|right"/>
  </way>
  <way id="488272303">
    <nd ref="4805952487"/>
    <nd ref="7655996"/>
    <nd ref="7229984"/>
    <tag k="bicycle" v="no"/>
    <tag k="foot" v="no"/>
    <tag k="highway" v="tertiary"/>
    <tag k="lanes" v="2"/>
    <tag k="lit" v="yes"/>
    <tag k="maxspeed" v="80"/>
    <tag k="motorcar" v="yes"/>
    <tag k="name" v="Ellehammersvej"/>
    <tag k="name:etymology:wikidata" v="Q286016"/>
    <tag k="oneway" v="yes"/>
    <tag k="sidewalk" v="no"/>
    <tag k="source:maxspeed" v="DK:rural"/>
    <tag k="surface" v="asphalt"/>
    <tag k="turn:lanes" v="through|through"/>
  </way>
  <way id="488272304">
    <nd ref="4805952490"/>
    <nd ref="8483842835"/>
    <nd ref="582302220"/>
    <nd ref="4805952486"/>
    <tag k="bicycle" v="no"/>
    <tag k="highway" v="tertiary"/>
    <tag k="lanes" v="3"/>
    <tag k="lit" v="yes"/>
    <tag k="maxspeed" v="80"/>
    <tag k="motorcar" v="yes"/>
    <tag k="name" v="Ellehammersvej"/>
    <tag k="name:etymology:wikidata" v="Q286016"/>
    <tag k="oneway" v="yes"/>
    <tag k="placement" v="right_of:2"/>
    <tag k="source:maxspeed" v="DK:rural"/>
    <tag k="surface" v="asphalt"/>
    <tag k="turn:lanes" v="left|through|through"/>
  </way>
  <way id="488272305">
    <nd ref="4805952486"/>
    <nd ref="13571023804"/>
    <nd ref="1216480158"/>
    <nd ref="1357408440"/>
    <tag k="bicycle" v="no"/>
    <tag k="highway" v="tertiary"/>
    <tag k="lanes" v="2"/>
    <tag k="lit" v="yes"/>
    <tag k="maxspeed" v="80"/>
    <tag k="motorcar" v="yes"/>
    <tag k="name" v="Ellehammersvej"/>
    <tag k="name:etymology:wikidata" v="Q286016"/>
    <tag k="oneway" v="yes"/>
    <tag k="source:maxspeed" v="DK:rural"/>
    <tag k="surface" v="asphalt"/>
  </way>
  <way id="488272307">
    <nd ref="442138558"/>
    <nd ref="3379469133"/>
    <nd ref="442137488"/>
    <tag k="bicycle" v="no"/>
    <tag k="highway" v="tertiary"/>
    <tag k="lanes" v="2"/>
    <tag k="lit" v="yes"/>
    <tag k="maxspeed" v="80"/>
    <tag k="name" v="Ellehammersvej"/>
    <tag k="name:etymology:wikidata" v="Q286016"/>
    <tag k="oneway" v="yes"/>
    <tag k="source:maxspeed" v="DK:rural"/>
    <tag k="surface" v="asphalt"/>
    <tag k="turn:lanes" v="through|through;right"/>
  </way>
  <way id="488272308">
    <nd ref="4805952491"/>
    <nd ref="442136883"/>
    <nd ref="7235671"/>
    <tag k="bicycle" v="no"/>
    <tag k="highway" v="tertiary"/>
    <tag k="lanes" v="4"/>
    <tag k="lit" v="yes"/>
    <tag k="maxspeed" v="80"/>
    <tag k="name" v="Ellehammersvej"/>
    <tag k="name:etymology:wikidata" v="Q286016"/>
    <tag k="oneway" v="yes"/>
    <tag k="sidewalk" v="right"/>
    <tag k="source:maxspeed" v="DK:rural"/>
    <tag k="surface" v="asphalt"/>
    <tag k="turn:lanes" v="left|through|through|right"/>
  </way>
  <way id="488272310">
    <nd ref="7235671"/>
    <nd ref="2411776990"/>
    <nd ref="7229983"/>
    <tag k="bicycle" v="no"/>
    <tag k="highway" v="tertiary"/>
    <tag k="lanes" v="2"/>
    <tag k="lit" v="yes"/>
    <tag k="maxspeed" v="80"/>
    <tag k="name" v="Ellehammersvej"/>
    <tag k="name:etymology:wikidata" v="Q286016"/>
    <tag k="oneway" v="yes"/>
    <tag k="shoulder" v="no"/>
    <tag k="sidewalk" v="right"/>
    <tag k="source:maxspeed" v="DK:rural"/>
    <tag k="surface" v="asphalt"/>
  </way>
  <way id="488272313">
    <nd ref="442137489"/>
    <nd ref="442138558"/>
    <tag k="bicycle" v="no"/>
    <tag k="highway" v="tertiary"/>
    <tag k="lanes" v="2"/>
    <tag k="lit" v="yes"/>
    <tag k="maxspeed" v="80"/>
    <tag k="name" v="Ellehammersvej"/>
    <tag k="name:etymology:wikidata" v="Q286016"/>
    <tag k="oneway" v="yes"/>
    <tag k="shoulder" v="no"/>
    <tag k="sidewalk:left" v="yes"/>
    <tag k="sidewalk:right" v="separate"/>
    <tag k="source:maxspeed" v="DK:rural"/>
    <tag k="surface" v="asphalt"/>
  </way>
  <way id="488272315">
    <nd ref="7229982"/>
    <nd ref="6900104544"/>
    <nd ref="4805952495"/>
    <tag k="bicycle" v="no"/>
    <tag k="foot" v="yes"/>
    <tag k="highway" v="tertiary"/>
    <tag k="lanes" v="2"/>
    <tag k="lit" v="yes"/>
    <tag k="maxspeed" v="80"/>
    <tag k="name" v="Ellehammersvej"/>
    <tag k="name:etymology:wikidata" v="Q286016"/>
    <tag k="oneway" v="yes"/>
    <tag k="sidewalk" v="separate"/>
    <tag k="source:maxspeed" v="DK:rural"/>
    <tag k="surface" v="asphalt"/>
  </way>
  <way id="488272318">
    <nd ref="4805952494"/>
    <nd ref="442137872"/>
    <tag k="bicycle" v="use_sidepath"/>
    <tag k="highway" v="tertiary"/>
    <tag k="lanes" v="3"/>
    <tag k="lit" v="yes"/>
    <tag k="maxspeed" v="80"/>
    <tag k="name" v="Ellehammersvej"/>
    <tag k="name:etymology:wikidata" v="Q286016"/>
    <tag k="oneway" v="yes"/>
    <tag k="placement" v="right_of:1"/>
    <tag k="source:maxspeed" v="DK:rural"/>
    <tag k="surface" v="asphalt"/>
    <tag k="turn:lanes" v="through|through|right"/>
  </way>
  <way id="488272319">
    <nd ref="442137872"/>
    <nd ref="4692369142"/>
    <nd ref="6753632169"/>
    <nd ref="442137491"/>
    <tag k="bicycle" v="use_sidepath"/>
    <tag k="highway" v="tertiary"/>
    <tag k="lanes" v="2"/>
    <tag k="lit" v="yes"/>
    <tag k="maxspeed" v="80"/>
    <tag k="name" v="Ellehammersvej"/>
    <tag k="name:etymology:wikidata" v="Q286016"/>
    <tag k="oneway" v="yes"/>
    <tag k="shoulder" v="no"/>
    <tag k="source:maxspeed" v="DK:rural"/>
    <tag k="surface" v="asphalt"/>
  </way>
  <way id="488272320">
    <nd ref="4805952495"/>
    <nd ref="5379948205"/>
    <nd ref="7877743748"/>
    <nd ref="8880630"/>
    <tag k="bicycle" v="no"/>
    <tag k="foot" v="yes"/>
    <tag k="highway" v="tertiary"/>
    <tag k="lanes" v="4"/>
    <tag k="lit" v="yes"/>
    <tag k="maxspeed" v="80"/>
    <tag k="name" v="Ellehammersvej"/>
    <tag k="name:etymology:wikidata" v="Q286016"/>
    <tag k="oneway" v="yes"/>
    <tag k="sidewalk:left" v="no"/>
    <tag k="sidewalk:right" v="separate"/>
    <tag k="source:maxspeed" v="DK:rural"/>
    <tag k="surface" v="asphalt"/>
    <tag k="turn:lanes" v="left|through|through|right"/>
  </way>
  <way id="488272322">
    <nd ref="1905982118"/>
    <nd ref="442137737"/>
    <nd ref="5379948204"/>
    <nd ref="4805952494"/>
    <tag k="bicycle" v="use_sidepath"/>
    <tag k="highway" v="tertiary"/>
    <tag k="lanes" v="2"/>
    <tag k="lit" v="yes"/>
    <tag k="maxspeed" v="80"/>
    <tag k="name" v="Ellehammersvej"/>
    <tag k="name:etymology:wikidata" v="Q286016"/>
    <tag k="oneway" v="yes"/>
    <tag k="source:maxspeed" v="DK:rural"/>
    <tag k="surface" v="asphalt"/>
  </way>
  <way id="488272323">
    <nd ref="442137492"/>
    <nd ref="7877743747"/>
    <nd ref="5379948206"/>
    <nd ref="1905982118"/>
    <tag k="bicycle" v="use_sidepath"/>
    <tag k="foot" v="no"/>
    <tag k="highway" v="tertiary"/>
    <tag k="lanes" v="4"/>
    <tag k="lit" v="yes"/>
    <tag k="maxspeed" v="80"/>
    <tag k="name" v="Ellehammersvej"/>
    <tag k="name:etymology:wikidata" v="Q286016"/>
    <tag k="oneway" v="yes"/>
    <tag k="shoulder" v="no"/>
    <tag k="sidewalk" v="no"/>
    <tag k="smoothness" v="excellent"/>
    <tag k="source:maxspeed" v="DK:rural"/>
    <tag k="surface" v="asphalt"/>
    <tag k="turn:lanes" v="left|through|through|right"/>
  </way>
  <way id="488272325">
    <nd ref="309003251"/>
    <nd ref="5379948211"/>
    <nd ref="442137689"/>
    <nd ref="1069961240"/>
    <nd ref="8441650224"/>
    <nd ref="1069961232"/>
    <tag k="bicycle" v="no"/>
    <tag k="highway" v="tertiary"/>
    <tag k="lanes" v="2"/>
    <tag k="lit" v="yes"/>
    <tag k="maxspeed" v="80"/>
    <tag k="name" v="Ellehammersvej"/>
    <tag k="name:etymology:wikidata" v="Q286016"/>
    <tag k="oneway" v="yes"/>
    <tag k="sidewalk:left" v="no"/>
    <tag k="sidewalk:right" v="separate"/>
    <tag k="smoothness" v="excellent"/>
    <tag k="source:maxspeed" v="DK:rural"/>
    <tag k="surface" v="asphalt"/>
  </way>
  <way id="488272326">
    <nd ref="7229980"/>
    <nd ref="13283820387"/>
    <nd ref="5379948209"/>
    <nd ref="9385823363"/>
    <nd ref="309003251"/>
    <tag k="bicycle" v="no"/>
    <tag k="highway" v="tertiary"/>
    <tag k="lanes" v="4"/>
    <tag k="lit" v="yes"/>
    <tag k="maxspeed" v="80"/>
    <tag k="name" v="Ellehammersvej"/>
    <tag k="name:etymology:wikidata" v="Q286016"/>
    <tag k="oneway" v="yes"/>
    <tag k="sidewalk:left" v="no"/>
    <tag k="sidewalk:right" v="separate"/>
    <tag k="smoothness" v="excellent"/>
    <tag k="source:maxspeed" v="DK:rural"/>
    <tag k="surface" v="asphalt"/>
    <tag k="turn:lanes" v="left|through|through|right"/>
  </way>
  <way id="488272331">
    <nd ref="442137502"/>
    <nd ref="9385823364"/>
    <nd ref="5379948208"/>
    <nd ref="442137492"/>
    <tag k="bicycle" v="use_sidepath"/>
    <tag k="foot" v="no"/>
    <tag k="highway" v="tertiary"/>
    <tag k="lanes" v="2"/>
    <tag k="lit" v="yes"/>
    <tag k="maxspeed" v="80"/>
    <tag k="name" v="Ellehammersvej"/>
    <tag k="name:etymology:wikidata" v="Q286016"/>
    <tag k="oneway" v="yes"/>
    <tag k="sidewalk" v="no"/>
    <tag k="smoothness" v="excellent"/>
    <tag k="source:maxspeed" v="DK:rural"/>
    <tag k="surface" v="asphalt"/>
  </way>
  <way id="488272332">
    <nd ref="442137493"/>
    <nd ref="13283820385"/>
    <nd ref="5379948212"/>
    <nd ref="442137502"/>
    <tag k="bicycle" v="use_sidepath"/>
    <tag k="highway" v="tertiary"/>
    <tag k="lanes" v="3"/>
    <tag k="lit" v="yes"/>
    <tag k="maxspeed" v="80"/>
    <tag k="name" v="Ellehammersvej"/>
    <tag k="name:etymology:wikidata" v="Q286016"/>
    <tag k="oneway" v="yes"/>
    <tag k="placement" v="right_of:2"/>
    <tag k="sidewalk:left" v="no"/>
    <tag k="sidewalk:right" v="separate"/>
    <tag k="source:maxspeed" v="DK:rural"/>
    <tag k="surface" v="asphalt"/>
    <tag k="turn:lanes" v="left|through|through"/>
  </way>
  <way id="493061267">
    <nd ref="442137147"/>
    <nd ref="3224531929"/>
    <nd ref="8079485"/>
    <nd ref="8079486"/>
    <nd ref="3224531919"/>
    <tag k="bicycle" v="no"/>
    <tag k="foot" v="no"/>
    <tag k="highway" v="tertiary"/>
    <tag k="junction" v="roundabout"/>
    <tag k="lanes" v="2"/>
    <tag k="lit" v="yes"/>
    <tag k="maxspeed" v="80"/>
    <tag k="sidewalk" v="no"/>
    <tag k="source:maxspeed" v="DK:rural"/>
    <tag k="surface" v="asphalt"/>
  </way>
  <way id="493061268">
    <nd ref="7229964"/>
    <nd ref="2206371629"/>
    <tag k="bicycle" v="no"/>
    <tag k="foot" v="no"/>
    <tag k="highway" v="tertiary"/>
    <tag k="lanes" v="2"/>
    <tag k="lit" v="yes"/>
    <tag k="maxspeed" v="50"/>
    <tag k="name" v="Amager Strandvej"/>
    <tag k="oneway" v="yes"/>
    <tag k="source:maxspeed" v="DK:urban"/>
    <tag k="surface" v="asphalt"/>
    <tag k="wikidata" v="Q12301226"/>
  </way>
  <way id="496231082">
    <nd ref="397046168"/>
    <nd ref="397046167"/>
    <tag k="cycleway" v="no"/>
    <tag k="foot" v="no"/>
    <tag k="highway" v="tertiary"/>
    <tag k="lane_markings" v="no"/>
    <tag k="lit" v="yes"/>
    <tag k="maxspeed" v="50"/>
    <tag k="name" v="Tømmerupvej"/>
    <tag k="name:etymology:wikidata" v="Q12008132"/>
    <tag k="source:maxspeed" v="DK:urban"/>
    <tag k="surface" v="asphalt"/>
  </way>
  <way id="497017397">
    <nd ref="698680"/>
    <nd ref="8078322"/>
    <tag k="bicycle" v="yes"/>
    <tag k="cycleway" v="track"/>
    <tag k="foot" v="no"/>
    <tag k="highway" v="tertiary"/>
    <tag k="lanes" v="2"/>
    <tag k="lit" v="yes"/>
    <tag k="maxspeed" v="50"/>
    <tag k="name" v="Røde Mellemvej"/>
    <tag k="sidewalk" v="both"/>
    <tag k="source:maxspeed" v="DK:urban"/>
    <tag k="surface" v="asphalt"/>
  </way>
  <way id="497022315">
    <nd ref="1069961145"/>
    <nd ref="7655992"/>
    <nd ref="7025780533"/>
    <nd ref="7655993"/>
    <nd ref="7025780532"/>
    <nd ref="2411776992"/>
    <nd ref="7655994"/>
    <tag k="bicycle" v="no"/>
    <tag k="cycleway:right" v="no"/>
    <tag k="highway" v="tertiary"/>
    <tag k="junction" v="roundabout"/>
    <tag k="lanes" v="2"/>
    <tag k="lit" v="yes"/>
    <tag k="maxspeed" v="50"/>
    <tag k="noname" v="yes"/>
    <tag k="shoulder" v="no"/>
    <tag k="sidewalk" v="no"/>
    <tag k="smoothness" v="excellent"/>
    <tag k="source:maxspeed" v="DK:rural"/>
    <tag k="surface" v="asphalt"/>
  </way>
  <way id="497250029">
    <nd ref="4888382490"/>
    <nd ref="4406816987"/>
    <nd ref="7229961"/>
    <tag k="cycleway" v="track"/>
    <tag k="highway" v="tertiary"/>
    <tag k="lanes" v="3"/>
    <tag k="lanes:backward" v="1"/>
    <tag k="lanes:forward" v="2"/>
    <tag k="lit" v="yes"/>
    <tag k="maxspeed" v="50"/>
    <tag k="name" v="Amager Strandvej"/>
    <tag k="sidewalk" v="both"/>
    <tag k="sidewalk:left:surface" v="paving_stones"/>
    <tag k="sidewalk:right:surface" v="asphalt"/>
    <tag k="smoothness" v="good"/>
    <tag k="source:maxspeed" v="DK:urban"/>
    <tag k="surface" v="asphalt"/>
    <tag k="turn:lanes:forward" v="left|none"/>
    <tag k="wikidata" v="Q12301226"/>
  </way>
  <way id="497250030">
    <nd ref="4888382491"/>
    <nd ref="3666093733"/>
    <nd ref="20944659"/>
    <nd ref="11202014649"/>
    <nd ref="11202014675"/>
    <nd ref="11202014680"/>
    <nd ref="3666093764"/>
    <nd ref="7302069"/>
    <nd ref="7302070"/>
    <nd ref="7302071"/>
    <nd ref="16965580"/>
    <nd ref="4338656271"/>
    <nd ref="9698271985"/>
    <nd ref="1778865165"/>
    <nd ref="7302073"/>
    <nd ref="2385052489"/>
    <tag k="cycleway" v="track"/>
    <tag k="highway" v="tertiary"/>
    <tag k="lanes" v="2"/>
    <tag k="lit" v="yes"/>
    <tag k="maxspeed" v="50"/>
    <tag k="name" v="Amager Strandvej"/>
    <tag k="sidewalk" v="both"/>
    <tag k="sidewalk:left:surface" v="paving_stones"/>
    <tag k="sidewalk:right:surface" v="asphalt"/>
    <tag k="source:maxspeed" v="DK:urban"/>
    <tag k="surface" v="asphalt"/>
    <tag k="wikidata" v="Q12301226"/>
  </way>
  <way id="497263097">
    <nd ref="4888485720"/>
    <nd ref="31465183"/>
    <tag k="bicycle" v="yes"/>
    <tag k="cycleway" v="track"/>
    <tag k="foot" v="yes"/>
    <tag k="highway" v="tertiary"/>
    <tag k="lanes" v="4"/>
    <tag k="lanes:backward" v="2"/>
    <tag k="lanes:forward" v="2"/>
    <tag k="lit" v="yes"/>
    <tag k="maxspeed" v="60"/>
    <tag k="name" v="Amager Landevej"/>
    <tag k="name:etymology:wikidata" v="Q210396"/>
    <tag k="sidewalk" v="both"/>
    <tag k="surface" v="asphalt"/>
    <tag k="turn:lanes:forward" v="none|right"/>
    <tag k="wikidata" v="Q122975730"/>
  </way>
  <way id="497263098">
    <nd ref="31465183"/>
    <nd ref="5938434576"/>
    <nd ref="4888485821"/>
    <tag k="bicycle" v="yes"/>
    <tag k="cycleway" v="track"/>
    <tag k="foot" v="yes"/>
    <tag k="highway" v="tertiary"/>
    <tag k="lanes" v="4"/>
    <tag k="lanes:backward" v="3"/>
    <tag k="lanes:forward" v="1"/>
    <tag k="lit" v="yes"/>
    <tag k="maxspeed" v="60"/>
    <tag k="name" v="Amager Landevej"/>
    <tag k="name:etymology:wikidata" v="Q210396"/>
    <tag k="sidewalk" v="both"/>
    <tag k="surface" v="asphalt"/>
    <tag k="turn:lanes:backward" v="left|through|right"/>
    <tag k="wikidata" v="Q122975730"/>
  </way>
  <way id="497263099">
    <nd ref="4888485821"/>
    <nd ref="5602579181"/>
    <nd ref="31465171"/>
    <tag k="bicycle" v="yes"/>
    <tag k="cycleway" v="track"/>
    <tag k="foot" v="yes"/>
    <tag k="highway" v="tertiary"/>
    <tag k="lanes" v="2"/>
    <tag k="lit" v="yes"/>
    <tag k="maxspeed" v="60"/>
    <tag k="name" v="Amager Landevej"/>
    <tag k="name:etymology:wikidata" v="Q210396"/>
    <tag k="sidewalk" v="both"/>
    <tag k="surface" v="asphalt"/>
    <tag k="wikidata" v="Q122975730"/>
  </way>
  <way id="497263100">
    <nd ref="31465171"/>
    <nd ref="4888485822"/>
    <tag k="bicycle" v="yes"/>
    <tag k="cycleway" v="track"/>
    <tag k="foot" v="yes"/>
    <tag k="highway" v="tertiary"/>
    <tag k="lanes" v="3"/>
    <tag k="lanes:backward" v="2"/>
    <tag k="lanes:forward" v="1"/>
    <tag k="lit" v="yes"/>
    <tag k="maxspeed" v="60"/>
    <tag k="name" v="Amager Landevej"/>
    <tag k="name:etymology:wikidata" v="Q210396"/>
    <tag k="sidewalk" v="both"/>
    <tag k="surface" v="asphalt"/>
    <tag k="turn:lanes:backward" v="left|through"/>
    <tag k="wikidata" v="Q122975730"/>
  </way>
  <way id="497263101">
    <nd ref="4888485822"/>
    <nd ref="90752275"/>
    <nd ref="4888485826"/>
    <tag k="bicycle" v="yes"/>
    <tag k="cycleway" v="track"/>
    <tag k="foot" v="yes"/>
    <tag k="highway" v="tertiary"/>
    <tag k="lanes" v="2"/>
    <tag k="lit" v="yes"/>
    <tag k="maxspeed" v="60"/>
    <tag k="name" v="Amager Landevej"/>
    <tag k="name:etymology:wikidata" v="Q210396"/>
    <tag k="sidewalk" v="both"/>
    <tag k="surface" v="asphalt"/>
    <tag k="wikidata" v="Q122975730"/>
  </way>
  <way id="497263103">
    <nd ref="4888485826"/>
    <nd ref="6742102106"/>
    <nd ref="8441631637"/>
    <nd ref="4888485831"/>
    <nd ref="31465165"/>
    <nd ref="8441631638"/>
    <tag k="bicycle" v="yes"/>
    <tag k="cycleway" v="track"/>
    <tag k="foot" v="yes"/>
    <tag k="highway" v="tertiary"/>
    <tag k="lanes" v="3"/>
    <tag k="lanes:backward" v="1"/>
    <tag k="lanes:forward" v="2"/>
    <tag k="lit" v="yes"/>
    <tag k="maxspeed" v="60"/>
    <tag k="name" v="Amager Landevej"/>
    <tag k="name:etymology:wikidata" v="Q210396"/>
    <tag k="sidewalk" v="both"/>
    <tag k="surface" v="asphalt"/>
    <tag k="turn:lanes:forward" v="left|through"/>
    <tag k="wikidata" v="Q122975730"/>
  </way>
  <way id="497263104">
    <nd ref="374303602"/>
    <nd ref="4039731992"/>
    <nd ref="30688486"/>
    <nd ref="4773582841"/>
    <nd ref="4773582843"/>
    <nd ref="90751399"/>
    <nd ref="1949627203"/>
    <nd ref="11196158933"/>
    <nd ref="7484903"/>
    <nd ref="4654760049"/>
    <nd ref="13571024058"/>
    <nd ref="30688437"/>
    <nd ref="13571024060"/>
    <nd ref="323008030"/>
    <nd ref="7484904"/>
    <nd ref="2262854446"/>
    <nd ref="323011143"/>
    <nd ref="3987837635"/>
    <nd ref="2836976784"/>
    <nd ref="4663427812"/>
    <nd ref="5656944538"/>
    <nd ref="12238744972"/>
    <nd ref="7484906"/>
    <nd ref="4659829669"/>
    <nd ref="291357862"/>
    <nd ref="1618854955"/>
    <nd ref="1618854956"/>
    <nd ref="1618854957"/>
    <nd ref="30688424"/>
    <nd ref="30688344"/>
    <nd ref="4659829617"/>
    <nd ref="251438431"/>
    <nd ref="7484907"/>
    <nd ref="17424767"/>
    <nd ref="1426406347"/>
    <nd ref="13952216534"/>
    <nd ref="13376519532"/>
    <nd ref="7484909"/>
    <tag k="bicycle" v="yes"/>
    <tag k="cycleway" v="track"/>
    <tag k="foot" v="yes"/>
    <tag k="highway" v="tertiary"/>
    <tag k="lanes" v="2"/>
    <tag k="lit" v="yes"/>
    <tag k="maxspeed" v="50"/>
    <tag k="name" v="Løjtegårdsvej"/>
    <tag k="name:etymology:wikidata" v="Q127153408"/>
    <tag k="sidewalk" v="both"/>
    <tag k="source:maxspeed" v="DK:urban"/>
    <tag k="surface" v="asphalt"/>
    <tag k="wikidata" v="Q122936777"/>
  </way>
  <way id="497263705">
    <nd ref="4888485832"/>
    <nd ref="5593831508"/>
    <nd ref="251438449"/>
    <tag k="cycleway" v="track"/>
    <tag k="highway" v="tertiary"/>
    <tag k="lanes" v="2"/>
    <tag k="lit" v="yes"/>
    <tag k="maxspeed" v="60"/>
    <tag k="name" v="Amager Landevej"/>
    <tag k="name:etymology:wikidata" v="Q210396"/>
    <tag k="sidewalk" v="both"/>
    <tag k="surface" v="asphalt"/>
    <tag k="wikidata" v="Q122975730"/>
  </way>
  <way id="497263706">
    <nd ref="251438449"/>
    <nd ref="4888492151"/>
    <tag k="cycleway:both" v="track"/>
    <tag k="highway" v="tertiary"/>
    <tag k="lanes" v="3"/>
    <tag k="lanes:backward" v="2"/>
    <tag k="lanes:forward" v="1"/>
    <tag k="lit" v="yes"/>
    <tag k="maxspeed" v="60"/>
    <tag k="name" v="Amager Landevej"/>
    <tag k="name:etymology:wikidata" v="Q210396"/>
    <tag k="sidewalk" v="both"/>
    <tag k="surface" v="asphalt"/>
    <tag k="turn:lanes:backward" v="through|right"/>
    <tag k="wikidata" v="Q122975730"/>
  </way>
  <way id="497263707">
    <nd ref="4888492151"/>
    <nd ref="31465162"/>
    <tag k="cycleway:both" v="track"/>
    <tag k="highway" v="tertiary"/>
    <tag k="lanes" v="3"/>
    <tag k="lanes:backward" v="1"/>
    <tag k="lanes:forward" v="2"/>
    <tag k="lit" v="yes"/>
    <tag k="maxspeed" v="60"/>
    <tag k="name" v="Amager Landevej"/>
    <tag k="name:etymology:wikidata" v="Q210396"/>
    <tag k="sidewalk" v="both"/>
    <tag k="surface" v="asphalt"/>
    <tag k="turn:lanes:forward" v="through|right"/>
    <tag k="wikidata" v="Q122975730"/>
  </way>
  <way id="497263708">
    <nd ref="31465162"/>
    <nd ref="251438443"/>
    <tag k="cycleway:both" v="track"/>
    <tag k="highway" v="tertiary"/>
    <tag k="lanes" v="3"/>
    <tag k="lanes:backward" v="2"/>
    <tag k="lanes:forward" v="1"/>
    <tag k="lit" v="yes"/>
    <tag k="maxspeed" v="60"/>
    <tag k="name" v="Amager Landevej"/>
    <tag k="name:etymology:wikidata" v="Q210396"/>
    <tag k="sidewalk" v="both"/>
    <tag k="surface" v="asphalt"/>
    <tag k="turn:lanes:backward" v="left|through"/>
    <tag k="wikidata" v="Q122975730"/>
  </way>
  <way id="497263709">
    <nd ref="4888492152"/>
    <nd ref="4612847379"/>
    <nd ref="2848225947"/>
    <tag k="cycleway:both" v="track"/>
    <tag k="highway" v="tertiary"/>
    <tag k="lanes" v="2"/>
    <tag k="lit" v="yes"/>
    <tag k="maxspeed" v="60"/>
    <tag k="name" v="Amager Landevej"/>
    <tag k="name:etymology:wikidata" v="Q210396"/>
    <tag k="sidewalk" v="both"/>
    <tag k="surface" v="asphalt"/>
    <tag k="wikidata" v="Q122975730"/>
  </way>
  <way id="497263710">
    <nd ref="17424765"/>
    <nd ref="2632144771"/>
    <nd ref="4888492153"/>
    <tag k="cycleway:both" v="track"/>
    <tag k="highway" v="tertiary"/>
    <tag k="lanes" v="3"/>
    <tag k="lanes:backward" v="2"/>
    <tag k="lanes:forward" v="1"/>
    <tag k="lit" v="yes"/>
    <tag k="maxspeed" v="60"/>
    <tag k="name" v="Amager Landevej"/>
    <tag k="name:etymology:wikidata" v="Q210396"/>
    <tag k="sidewalk" v="both"/>
    <tag k="surface" v="asphalt"/>
    <tag k="turn:lanes:backward" v="none|right"/>
    <tag k="wikidata" v="Q122975730"/>
  </way>
  <way id="497263711">
    <nd ref="4888492153"/>
    <nd ref="31465085"/>
    <tag k="cycleway:both" v="track"/>
    <tag k="highway" v="tertiary"/>
    <tag k="lanes" v="2"/>
    <tag k="lit" v="yes"/>
    <tag k="maxspeed" v="60"/>
    <tag k="name" v="Amager Landevej"/>
    <tag k="name:etymology:wikidata" v="Q210396"/>
    <tag k="sidewalk" v="both"/>
    <tag k="surface" v="asphalt"/>
    <tag k="wikidata" v="Q122975730"/>
  </way>
  <way id="497264474">
    <nd ref="30688644"/>
    <nd ref="31465083"/>
    <nd ref="3712398257"/>
    <tag k="cycleway" v="track"/>
    <tag k="highway" v="tertiary"/>
    <tag k="lanes" v="4"/>
    <tag k="lanes:backward" v="3"/>
    <tag k="lanes:forward" v="1"/>
    <tag k="lit" v="yes"/>
    <tag k="maxspeed" v="60"/>
    <tag k="name" v="Amager Landevej"/>
    <tag k="name:etymology:wikidata" v="Q210396"/>
    <tag k="sidewalk" v="both"/>
    <tag k="surface" v="asphalt"/>
    <tag k="turn:lanes:backward" v="left|through|right"/>
    <tag k="wikidata" v="Q122975730"/>
  </way>
  <way id="497264475">
    <nd ref="3712398257"/>
    <nd ref="2945722770"/>
    <tag k="cycleway:both" v="track"/>
    <tag k="highway" v="tertiary"/>
    <tag k="lanes" v="2"/>
    <tag k="lit" v="yes"/>
    <tag k="maxspeed" v="60"/>
    <tag k="name" v="Amager Landevej"/>
    <tag k="name:etymology:wikidata" v="Q210396"/>
    <tag k="sidewalk" v="both"/>
    <tag k="surface" v="asphalt"/>
    <tag k="wikidata" v="Q122975730"/>
  </way>
  <way id="497264476">
    <nd ref="17033266"/>
    <nd ref="8098030"/>
    <nd ref="4684360816"/>
    <tag k="bicycle" v="yes"/>
    <tag k="cycleway" v="track"/>
    <tag k="foot" v="yes"/>
    <tag k="highway" v="tertiary"/>
    <tag k="lanes" v="4"/>
    <tag k="lanes:backward" v="3"/>
    <tag k="lanes:forward" v="1"/>
    <tag k="lit" v="yes"/>
    <tag k="maxspeed" v="50"/>
    <tag k="name" v="Amager Landevej"/>
    <tag k="name:etymology:wikidata" v="Q210396"/>
    <tag k="sidewalk" v="both"/>
    <tag k="source:maxspeed" v="DK:urban"/>
    <tag k="surface" v="asphalt"/>
    <tag k="turn:lanes:backward" v="left|through|right"/>
    <tag k="wikidata" v="Q122975730"/>
  </way>
  <way id="497264478">
    <nd ref="4684360816"/>
    <nd ref="6742010582"/>
    <nd ref="3379589673"/>
    <nd ref="3379589686"/>
    <tag k="bicycle" v="yes"/>
    <tag k="cycleway" v="track"/>
    <tag k="foot" v="yes"/>
    <tag k="highway" v="tertiary"/>
    <tag k="lanes" v="3"/>
    <tag k="lanes:backward" v="1"/>
    <tag k="lanes:forward" v="2"/>
    <tag k="lit" v="yes"/>
    <tag k="maxspeed" v="50"/>
    <tag k="name" v="Amager Landevej"/>
    <tag k="name:etymology:wikidata" v="Q210396"/>
    <tag k="sidewalk" v="both"/>
    <tag k="source:maxspeed" v="DK:urban"/>
    <tag k="surface" v="asphalt"/>
    <tag k="turn:lanes:forward" v="through|right"/>
    <tag k="wikidata" v="Q122975730"/>
  </way>
  <way id="497265532">
    <nd ref="8881370"/>
    <nd ref="9712250614"/>
    <nd ref="8441650222"/>
    <nd ref="281683684"/>
    <nd ref="6985968251"/>
    <nd ref="11903956036"/>
    <nd ref="8088575"/>
    <nd ref="6742010578"/>
    <nd ref="9104288188"/>
    <nd ref="5452022884"/>
    <nd ref="6739053732"/>
    <nd ref="4082233307"/>
    <nd ref="7737277"/>
    <tag k="bicycle" v="yes"/>
    <tag k="cycleway" v="track"/>
    <tag k="foot" v="yes"/>
    <tag k="highway" v="tertiary"/>
    <tag k="lanes" v="2"/>
    <tag k="lit" v="yes"/>
    <tag k="maxspeed" v="50"/>
    <tag k="name" v="Amager Landevej"/>
    <tag k="name:etymology:wikidata" v="Q210396"/>
    <tag k="sidewalk" v="both"/>
    <tag k="source:maxspeed" v="DK:urban"/>
    <tag k="surface" v="asphalt"/>
    <tag k="wikidata" v="Q122975730"/>
  </way>
  <way id="497265534">
    <nd ref="7224433"/>
    <nd ref="13777481680"/>
    <nd ref="7461035"/>
    <nd ref="5445185040"/>
    <nd ref="10300052"/>
    <nd ref="5445185047"/>
    <nd ref="10919364677"/>
    <nd ref="4929026768"/>
    <nd ref="10141428470"/>
    <nd ref="5333000699"/>
    <nd ref="5333000700"/>
    <tag k="cycleway" v="track"/>
    <tag k="highway" v="tertiary"/>
    <tag k="lanes" v="2"/>
    <tag k="lit" v="yes"/>
    <tag k="maxspeed" v="50"/>
    <tag k="name" v="Kastrupvej"/>
    <tag k="name:etymology:wikidata" v="Q1420866"/>
    <tag k="source:maxspeed" v="DK:urban"/>
    <tag k="surface" v="asphalt"/>
    <tag k="wikidata" v="Q105598334"/>
  </way>
  <way id="497265535">
    <nd ref="2814799325"/>
    <nd ref="13777481679"/>
    <nd ref="7224433"/>
    <tag k="cycleway" v="track"/>
    <tag k="highway" v="tertiary"/>
    <tag k="lanes" v="3"/>
    <tag k="lanes:backward" v="1"/>
    <tag k="lanes:forward" v="2"/>
    <tag k="lit" v="yes"/>
    <tag k="maxspeed" v="50"/>
    <tag k="name" v="Kastrupvej"/>
    <tag k="name:etymology:wikidata" v="Q1420866"/>
    <tag k="sidewalk" v="both"/>
    <tag k="source:maxspeed" v="DK:urban"/>
    <tag k="surface" v="asphalt"/>
    <tag k="turn:lanes:forward" v="left;through|right"/>
    <tag k="wikidata" v="Q105598334"/>
  </way>
  <way id="497269442">
    <nd ref="20948174"/>
    <nd ref="20948175"/>
    <nd ref="13571024040"/>
    <nd ref="20948170"/>
    <tag k="bicycle" v="no"/>
    <tag k="highway" v="tertiary"/>
    <tag k="lanes" v="3"/>
    <tag k="lanes:backward" v="1"/>
    <tag k="lanes:forward" v="2"/>
    <tag k="lit" v="yes"/>
    <tag k="maxspeed" v="80"/>
    <tag k="name" v="Lufthavnsboulevarden"/>
    <tag k="name:etymology:wikidata" v="Q206277"/>
    <tag k="source:maxspeed" v="DK:rural"/>
    <tag k="surface" v="asphalt"/>
    <tag k="turn:lanes:forward" v="none|right"/>
  </way>
  <way id="497270262">
    <nd ref="17472626"/>
    <nd ref="4406816977"/>
    <nd ref="6900294779"/>
    <nd ref="4888601070"/>
    <tag k="bicycle" v="yes"/>
    <tag k="cycleway" v="track"/>
    <tag k="foot" v="yes"/>
    <tag k="highway" v="tertiary"/>
    <tag k="lanes" v="3"/>
    <tag k="lanes:backward" v="2"/>
    <tag k="lanes:forward" v="1"/>
    <tag k="lit" v="yes"/>
    <tag k="maxspeed" v="50"/>
    <tag k="name" v="Amager Strandvej"/>
    <tag k="shoulder" v="no"/>
    <tag k="sidewalk" v="both"/>
    <tag k="sidewalk:left:surface" v="paving_stones"/>
    <tag k="sidewalk:right:surface" v="asphalt"/>
    <tag k="smoothness" v="good"/>
    <tag k="source:maxspeed" v="DK:urban"/>
    <tag k="surface" v="asphalt"/>
    <tag k="turn:lanes:backward" v="left|through"/>
    <tag k="wikidata" v="Q12301226"/>
  </way>
  <way id="497274500">
    <nd ref="251438443"/>
    <nd ref="4888492152"/>
    <tag k="cycleway:both" v="track"/>
    <tag k="highway" v="tertiary"/>
    <tag k="lanes" v="3"/>
    <tag k="lanes:backward" v="2"/>
    <tag k="lanes:forward" v="1"/>
    <tag k="lit" v="yes"/>
    <tag k="maxspeed" v="60"/>
    <tag k="name" v="Amager Landevej"/>
    <tag k="name:etymology:wikidata" v="Q210396"/>
    <tag k="sidewalk" v="both"/>
    <tag k="surface" v="asphalt"/>
    <tag k="turn:lanes:backward" v="through|right"/>
    <tag k="wikidata" v="Q122975730"/>
  </way>
  <way id="497274503">
    <nd ref="2848225947"/>
    <nd ref="251438442"/>
    <tag k="cycleway:both" v="track"/>
    <tag k="highway" v="tertiary"/>
    <tag k="lanes" v="3"/>
    <tag k="lanes:backward" v="2"/>
    <tag k="lanes:forward" v="1"/>
    <tag k="lit" v="yes"/>
    <tag k="maxspeed" v="60"/>
    <tag k="name" v="Amager Landevej"/>
    <tag k="name:etymology:wikidata" v="Q210396"/>
    <tag k="sidewalk" v="both"/>
    <tag k="surface" v="asphalt"/>
    <tag k="turn:lanes:backward" v="left|through"/>
    <tag k="wikidata" v="Q122975730"/>
  </way>
  <way id="497274504">
    <nd ref="251438442"/>
    <nd ref="6742102105"/>
    <nd ref="4612847365"/>
    <nd ref="31465160"/>
    <tag k="cycleway" v="track"/>
    <tag k="highway" v="tertiary"/>
    <tag k="lanes" v="3"/>
    <tag k="lanes:backward" v="1"/>
    <tag k="lanes:forward" v="2"/>
    <tag k="lit" v="yes"/>
    <tag k="maxspeed" v="60"/>
    <tag k="name" v="Amager Landevej"/>
    <tag k="name:etymology:wikidata" v="Q210396"/>
    <tag k="sidewalk" v="both"/>
    <tag k="surface" v="asphalt"/>
    <tag k="turn:lanes:forward" v="none|right"/>
    <tag k="wikidata" v="Q122975730"/>
  </way>
  <way id="497274505">
    <nd ref="31465160"/>
    <nd ref="4082235903"/>
    <nd ref="251438436"/>
    <tag k="cycleway:both" v="track"/>
    <tag k="highway" v="tertiary"/>
    <tag k="lanes" v="3"/>
    <tag k="lanes:backward" v="2"/>
    <tag k="lanes:forward" v="1"/>
    <tag k="lit" v="yes"/>
    <tag k="maxspeed" v="60"/>
    <tag k="name" v="Amager Landevej"/>
    <tag k="name:etymology:wikidata" v="Q210396"/>
    <tag k="sidewalk" v="both"/>
    <tag k="surface" v="asphalt"/>
    <tag k="turn:lanes:backward" v="left|through"/>
    <tag k="wikidata" v="Q122975730"/>
  </way>
  <way id="497274506">
    <nd ref="251438436"/>
    <nd ref="6738978980"/>
    <nd ref="31465144"/>
    <nd ref="17424765"/>
    <tag k="cycleway" v="track"/>
    <tag k="highway" v="tertiary"/>
    <tag k="lanes" v="3"/>
    <tag k="lanes:backward" v="1"/>
    <tag k="lanes:forward" v="2"/>
    <tag k="lit" v="yes"/>
    <tag k="maxspeed" v="60"/>
    <tag k="name" v="Amager Landevej"/>
    <tag k="name:etymology:wikidata" v="Q210396"/>
    <tag k="sidewalk" v="both"/>
    <tag k="surface" v="asphalt"/>
    <tag k="turn:lanes:forward" v="left|through"/>
    <tag k="wikidata" v="Q122975730"/>
  </way>
  <way id="497274507">
    <nd ref="31465085"/>
    <nd ref="251438439"/>
    <nd ref="4888591186"/>
    <tag k="cycleway:both" v="track"/>
    <tag k="highway" v="tertiary"/>
    <tag k="lanes" v="3"/>
    <tag k="lanes:backward" v="2"/>
    <tag k="lanes:forward" v="1"/>
    <tag k="lit" v="yes"/>
    <tag k="maxspeed" v="60"/>
    <tag k="name" v="Amager Landevej"/>
    <tag k="name:etymology:wikidata" v="Q210396"/>
    <tag k="sidewalk" v="both"/>
    <tag k="surface" v="asphalt"/>
    <tag k="turn:lanes:backward" v="left|through"/>
    <tag k="wikidata" v="Q122975730"/>
  </way>
  <way id="497274508">
    <nd ref="4888591186"/>
    <nd ref="6742094219"/>
    <nd ref="6738978982"/>
    <nd ref="30688644"/>
    <tag k="cycleway" v="track"/>
    <tag k="highway" v="tertiary"/>
    <tag k="lanes" v="2"/>
    <tag k="lit" v="yes"/>
    <tag k="maxspeed" v="60"/>
    <tag k="name" v="Amager Landevej"/>
    <tag k="name:etymology:wikidata" v="Q210396"/>
    <tag k="sidewalk" v="both"/>
    <tag k="surface" v="asphalt"/>
    <tag k="wikidata" v="Q122975730"/>
  </way>
  <way id="497275429">
    <nd ref="30688641"/>
    <nd ref="2465768903"/>
    <nd ref="20948170"/>
    <tag k="cycleway" v="track"/>
    <tag k="highway" v="tertiary"/>
    <tag k="lanes" v="3"/>
    <tag k="lanes:backward" v="1"/>
    <tag k="lanes:forward" v="2"/>
    <tag k="lit" v="yes"/>
    <tag k="maxspeed" v="60"/>
    <tag k="name" v="Amager Landevej"/>
    <tag k="name:etymology:wikidata" v="Q210396"/>
    <tag k="sidewalk" v="both"/>
    <tag k="surface" v="asphalt"/>
    <tag k="turn:lanes:forward" v="none|right"/>
    <tag k="wikidata" v="Q122975730"/>
  </way>
  <way id="497275430">
    <nd ref="2945722770"/>
    <nd ref="30688641"/>
    <tag k="cycleway:both" v="track"/>
    <tag k="highway" v="tertiary"/>
    <tag k="lanes" v="4"/>
    <tag k="lanes:backward" v="1"/>
    <tag k="lanes:forward" v="3"/>
    <tag k="lit" v="yes"/>
    <tag k="maxspeed" v="60"/>
    <tag k="name" v="Amager Landevej"/>
    <tag k="name:etymology:wikidata" v="Q210396"/>
    <tag k="sidewalk" v="both"/>
    <tag k="surface" v="asphalt"/>
    <tag k="turn:lanes:forward" v="left|through|right"/>
    <tag k="wikidata" v="Q122975730"/>
  </way>
  <way id="497275431">
    <nd ref="20948170"/>
    <nd ref="447776864"/>
    <tag k="cycleway" v="track"/>
    <tag k="highway" v="tertiary"/>
    <tag k="lanes" v="2"/>
    <tag k="lit" v="yes"/>
    <tag k="maxspeed" v="60"/>
    <tag k="name" v="Amager Landevej"/>
    <tag k="name:etymology:wikidata" v="Q210396"/>
    <tag k="sidewalk" v="both"/>
    <tag k="surface" v="asphalt"/>
    <tag k="wikidata" v="Q122975730"/>
  </way>
  <way id="497275432">
    <nd ref="7484896"/>
    <nd ref="6738978983"/>
    <nd ref="281685230"/>
    <tag k="bicycle" v="yes"/>
    <tag k="cycleway" v="track"/>
    <tag k="foot" v="yes"/>
    <tag k="highway" v="tertiary"/>
    <tag k="lanes" v="4"/>
    <tag k="lanes:backward" v="2"/>
    <tag k="lanes:forward" v="2"/>
    <tag k="lit" v="yes"/>
    <tag k="maxspeed" v="50"/>
    <tag k="name" v="Amager Landevej"/>
    <tag k="name:etymology:wikidata" v="Q210396"/>
    <tag k="sidewalk" v="both"/>
    <tag k="source:maxspeed" v="DK:urban"/>
    <tag k="surface" v="asphalt"/>
    <tag k="turn:lanes:backward" v="left|through"/>
    <tag k="wikidata" v="Q122975730"/>
  </way>
  <way id="497275433">
    <nd ref="281685230"/>
    <nd ref="8098024"/>
    <tag k="bicycle" v="yes"/>
    <tag k="cycleway" v="track"/>
    <tag k="foot" v="yes"/>
    <tag k="highway" v="tertiary"/>
    <tag k="lanes" v="5"/>
    <tag k="lanes:backward" v="2"/>
    <tag k="lanes:forward" v="3"/>
    <tag k="lit" v="yes"/>
    <tag k="maxspeed" v="50"/>
    <tag k="name" v="Amager Landevej"/>
    <tag k="name:etymology:wikidata" v="Q210396"/>
    <tag k="sidewalk" v="both"/>
    <tag k="source:maxspeed" v="DK:urban"/>
    <tag k="surface" v="asphalt"/>
    <tag k="turn:lanes:backward" v="through|right"/>
    <tag k="turn:lanes:forward" v="left|through|right"/>
    <tag k="wikidata" v="Q122975730"/>
  </way>
  <way id="497275434">
    <nd ref="8098024"/>
    <nd ref="2848220520"/>
    <tag k="bicycle" v="yes"/>
    <tag k="cycleway" v="track"/>
    <tag k="foot" v="yes"/>
    <tag k="highway" v="tertiary"/>
    <tag k="lanes" v="4"/>
    <tag k="lanes:backward" v="2"/>
    <tag k="lanes:forward" v="2"/>
    <tag k="lit" v="yes"/>
    <tag k="maxspeed" v="50"/>
    <tag k="name" v="Amager Landevej"/>
    <tag k="name:etymology:wikidata" v="Q210396"/>
    <tag k="sidewalk" v="both"/>
    <tag k="source:maxspeed" v="DK:urban"/>
    <tag k="surface" v="asphalt"/>
    <tag k="turn:lanes:backward" v="left|through"/>
    <tag k="turn:lanes:forward" v="left|through"/>
    <tag k="wikidata" v="Q122975730"/>
  </way>
  <way id="497275435">
    <nd ref="2848220520"/>
    <nd ref="5484499169"/>
    <nd ref="4888598860"/>
    <tag k="bicycle" v="yes"/>
    <tag k="cycleway" v="track"/>
    <tag k="foot" v="yes"/>
    <tag k="highway" v="tertiary"/>
    <tag k="lanes" v="3"/>
    <tag k="lanes:backward" v="2"/>
    <tag k="lanes:forward" v="1"/>
    <tag k="lit" v="yes"/>
    <tag k="maxspeed" v="50"/>
    <tag k="name" v="Amager Landevej"/>
    <tag k="name:etymology:wikidata" v="Q210396"/>
    <tag k="sidewalk" v="both"/>
    <tag k="source:maxspeed" v="DK:urban"/>
    <tag k="surface" v="asphalt"/>
    <tag k="turn:lanes:backward" v="through|right"/>
    <tag k="wikidata" v="Q122975730"/>
  </way>
  <way id="497275436">
    <nd ref="4888598860"/>
    <nd ref="6742010580"/>
    <nd ref="5484499161"/>
    <nd ref="14054889217"/>
    <nd ref="7204186"/>
    <tag k="bicycle" v="yes"/>
    <tag k="cycleway" v="track"/>
    <tag k="foot" v="yes"/>
    <tag k="highway" v="tertiary"/>
    <tag k="lanes" v="4"/>
    <tag k="lanes:backward" v="1"/>
    <tag k="lanes:forward" v="3"/>
    <tag k="lit" v="yes"/>
    <tag k="maxspeed" v="50"/>
    <tag k="name" v="Amager Landevej"/>
    <tag k="name:etymology:wikidata" v="Q210396"/>
    <tag k="sidewalk" v="both"/>
    <tag k="source:maxspeed" v="DK:urban"/>
    <tag k="surface" v="asphalt"/>
    <tag k="turn:lanes:forward" v="left|through|right"/>
    <tag k="wikidata" v="Q122975730"/>
  </way>
  <way id="497275437">
    <nd ref="4888598861"/>
    <nd ref="8483842832"/>
    <nd ref="2269912574"/>
    <nd ref="8483842833"/>
    <nd ref="1705267409"/>
    <nd ref="31465185"/>
    <nd ref="1705267445"/>
    <nd ref="4663784546"/>
    <nd ref="1494477605"/>
    <nd ref="288390077"/>
    <nd ref="5452022900"/>
    <nd ref="281685692"/>
    <nd ref="3380297656"/>
    <nd ref="8098036"/>
    <nd ref="3379590116"/>
    <nd ref="5452022908"/>
    <nd ref="3380297655"/>
    <nd ref="6897896805"/>
    <nd ref="13652153924"/>
    <tag k="bicycle" v="yes"/>
    <tag k="cycleway" v="track"/>
    <tag k="foot" v="yes"/>
    <tag k="highway" v="tertiary"/>
    <tag k="lanes" v="2"/>
    <tag k="lit" v="yes"/>
    <tag k="maxspeed" v="50"/>
    <tag k="name" v="Tårnbyvej"/>
    <tag k="name:etymology:wikidata" v="Q28173"/>
    <tag k="sidewalk" v="both"/>
    <tag k="source:maxspeed" v="DK:urban"/>
    <tag k="surface" v="asphalt"/>
  </way>
  <way id="497275438">
    <nd ref="4888598862"/>
    <nd ref="8098250"/>
    <nd ref="18164009"/>
    <nd ref="17556304"/>
    <nd ref="25246931"/>
    <nd ref="17556305"/>
    <nd ref="25246929"/>
    <nd ref="315413528"/>
    <nd ref="4711689719"/>
    <nd ref="25246927"/>
    <nd ref="8097540"/>
    <nd ref="6900616865"/>
    <nd ref="25246925"/>
    <nd ref="9712372962"/>
    <nd ref="9712372961"/>
    <nd ref="9712372963"/>
    <nd ref="6906222094"/>
    <nd ref="4888553915"/>
    <nd ref="8078560"/>
    <nd ref="12237436930"/>
    <nd ref="9712372964"/>
    <nd ref="25246919"/>
    <nd ref="5485200796"/>
    <nd ref="9712372965"/>
    <nd ref="7658468"/>
    <nd ref="2983240383"/>
    <tag k="bicycle" v="yes"/>
    <tag k="cycleway" v="track"/>
    <tag k="foot" v="yes"/>
    <tag k="highway" v="tertiary"/>
    <tag k="lanes" v="2"/>
    <tag k="lit" v="yes"/>
    <tag k="maxspeed" v="50"/>
    <tag k="name" v="Saltværksvej"/>
    <tag k="name:etymology:wikidata" v="Q130262817"/>
    <tag k="shoulder" v="left"/>
    <tag k="sidewalk" v="both"/>
    <tag k="source:maxspeed" v="DK:urban"/>
    <tag k="surface" v="asphalt"/>
  </way>
  <way id="497276031">
    <nd ref="7461034"/>
    <nd ref="2983240389"/>
    <nd ref="7224433"/>
    <tag k="cycleway:left" v="no"/>
    <tag k="cycleway:right" v="track"/>
    <tag k="highway" v="tertiary"/>
    <tag k="lanes" v="2"/>
    <tag k="lit" v="yes"/>
    <tag k="maxspeed" v="50"/>
    <tag k="name" v="Saltværksvej"/>
    <tag k="name:etymology:wikidata" v="Q130262817"/>
    <tag k="oneway" v="yes"/>
    <tag k="sidewalk" v="both"/>
    <tag k="source:maxspeed" v="DK:urban"/>
    <tag k="surface" v="asphalt"/>
    <tag k="turn:lanes" v="left|none"/>
  </way>
  <way id="497276034">
    <nd ref="7655953"/>
    <nd ref="6988419171"/>
    <nd ref="13928812772"/>
    <nd ref="2983242334"/>
    <nd ref="250632575"/>
    <tag k="bicycle" v="yes"/>
    <tag k="cycleway" v="track"/>
    <tag k="foot" v="yes"/>
    <tag k="highway" v="tertiary"/>
    <tag k="lanes" v="3"/>
    <tag k="lanes:backward" v="1"/>
    <tag k="lanes:forward" v="2"/>
    <tag k="lit" v="yes"/>
    <tag k="maxspeed" v="50"/>
    <tag k="name" v="Saltværksvej"/>
    <tag k="name:etymology:wikidata" v="Q130262817"/>
    <tag k="shoulder" v="no"/>
    <tag k="sidewalk" v="both"/>
    <tag k="source:maxspeed" v="DK:urban"/>
    <tag k="surface" v="asphalt"/>
    <tag k="turn:lanes:forward" v="left|through"/>
  </way>
  <way id="497276038">
    <nd ref="250632575"/>
    <nd ref="8542042253"/>
    <nd ref="13928812773"/>
    <nd ref="7655954"/>
    <nd ref="6900294778"/>
    <nd ref="3666090006"/>
    <nd ref="4675216745"/>
    <nd ref="4406816968"/>
    <nd ref="5509087706"/>
    <nd ref="7229961"/>
    <tag k="cycleway" v="track"/>
    <tag k="highway" v="tertiary"/>
    <tag k="lanes" v="2"/>
    <tag k="lit" v="yes"/>
    <tag k="maxspeed" v="50"/>
    <tag k="name" v="Saltværksvej"/>
    <tag k="name:etymology:wikidata" v="Q130262817"/>
    <tag k="sidewalk" v="both"/>
    <tag k="source:maxspeed" v="DK:urban"/>
    <tag k="surface" v="asphalt"/>
  </way>
  <way id="497276040">
    <nd ref="4888601070"/>
    <nd ref="17472620"/>
    <nd ref="17472622"/>
    <nd ref="4888382490"/>
    <tag k="bicycle" v="yes"/>
    <tag k="cycleway:both" v="track"/>
    <tag k="foot" v="yes"/>
    <tag k="highway" v="tertiary"/>
    <tag k="lanes" v="2"/>
    <tag k="lit" v="yes"/>
    <tag k="maxspeed" v="50"/>
    <tag k="name" v="Amager Strandvej"/>
    <tag k="shoulder" v="no"/>
    <tag k="sidewalk" v="both"/>
    <tag k="sidewalk:left:surface" v="paving_stones"/>
    <tag k="sidewalk:right:surface" v="asphalt"/>
    <tag k="smoothness" v="good"/>
    <tag k="source:maxspeed" v="DK:urban"/>
    <tag k="surface" v="asphalt"/>
    <tag k="wikidata" v="Q12301226"/>
  </way>
  <way id="502421428">
    <nd ref="5333000700"/>
    <nd ref="5333000695"/>
    <nd ref="10141428471"/>
    <nd ref="8098005"/>
    <nd ref="10919364681"/>
    <nd ref="5333000697"/>
    <nd ref="8911008"/>
    <nd ref="7658478"/>
    <nd ref="6167110462"/>
    <nd ref="25261731"/>
    <nd ref="8078557"/>
    <nd ref="25261732"/>
    <nd ref="8078559"/>
    <nd ref="25261742"/>
    <nd ref="297367145"/>
    <nd ref="8098020"/>
    <nd ref="7658473"/>
    <nd ref="1120180118"/>
    <nd ref="3379590115"/>
    <nd ref="6988419163"/>
    <tag k="cycleway" v="track"/>
    <tag k="highway" v="tertiary"/>
    <tag k="lanes" v="2"/>
    <tag k="lit" v="yes"/>
    <tag k="maxspeed" v="50"/>
    <tag k="name" v="Sirgræsvej"/>
    <tag k="name:etymology:wikidata" v="Q2092294"/>
    <tag k="source:maxspeed" v="DK:urban"/>
    <tag k="surface" v="asphalt"/>
  </way>
  <way id="503035492">
    <nd ref="4933885716"/>
    <nd ref="395912240"/>
    <tag k="bicycle" v="use_sidepath"/>
    <tag k="bridge" v="yes"/>
    <tag k="foot" v="no"/>
    <tag k="highway" v="tertiary"/>
    <tag k="lanes" v="2"/>
    <tag k="layer" v="1"/>
    <tag k="lit" v="yes"/>
    <tag k="maxspeed" v="50"/>
    <tag k="maxweight:signed" v="no"/>
    <tag k="name" v="Amager Strandvej"/>
    <tag k="oneway" v="yes"/>
    <tag k="source:maxspeed" v="DK:urban"/>
    <tag k="surface" v="asphalt"/>
    <tag k="turn:lanes" v="through|through"/>
    <tag k="wikidata" v="Q12301226"/>
  </way>
  <way id="503035495">
    <nd ref="4933885717"/>
    <nd ref="4983165813"/>
    <nd ref="7229964"/>
    <tag k="bicycle" v="no"/>
    <tag k="foot" v="no"/>
    <tag k="highway" v="tertiary"/>
    <tag k="lanes" v="2"/>
    <tag k="lit" v="yes"/>
    <tag k="maxspeed" v="50"/>
    <tag k="mofa" v="no"/>
    <tag k="name" v="Amager Strandvej"/>
    <tag k="oneway" v="yes"/>
    <tag k="source:maxspeed" v="DK:urban"/>
    <tag k="surface" v="asphalt"/>
    <tag k="turn:lanes" v="left|left"/>
    <tag k="wikidata" v="Q12301226"/>
  </way>
  <way id="503035497">
    <nd ref="4933885717"/>
    <nd ref="2421718365"/>
    <tag k="bicycle" v="no"/>
    <tag k="foot" v="no"/>
    <tag k="highway" v="tertiary"/>
    <tag k="lanes" v="1"/>
    <tag k="lit" v="yes"/>
    <tag k="maxspeed" v="50"/>
    <tag k="name" v="Amager Strandvej"/>
    <tag k="oneway" v="yes"/>
    <tag k="source:maxspeed" v="DK:urban"/>
    <tag k="surface" v="asphalt"/>
    <tag k="wikidata" v="Q12301226"/>
  </way>
  <way id="503035499">
    <nd ref="2206371628"/>
    <nd ref="5623251683"/>
    <nd ref="2421718361"/>
    <nd ref="4933885925"/>
    <nd ref="2206371629"/>
    <tag k="bicycle" v="use_sidepath"/>
    <tag k="foot" v="no"/>
    <tag k="highway" v="tertiary"/>
    <tag k="lanes" v="2"/>
    <tag k="lit" v="yes"/>
    <tag k="maxspeed" v="50"/>
    <tag k="name" v="Amager Strandvej"/>
    <tag k="oneway" v="yes"/>
    <tag k="sidewalk" v="right"/>
    <tag k="source:maxspeed" v="DK:urban"/>
    <tag k="surface" v="asphalt"/>
    <tag k="turn:lanes" v="left|right"/>
    <tag k="wikidata" v="Q12301226"/>
  </way>
  <way id="503035502">
    <nd ref="4933885924"/>
    <nd ref="4933885923"/>
    <nd ref="4933885922"/>
    <tag k="bicycle" v="no"/>
    <tag k="bridge" v="yes"/>
    <tag k="foot" v="no"/>
    <tag k="highway" v="tertiary"/>
    <tag k="lanes" v="2"/>
    <tag k="layer" v="1"/>
    <tag k="lit" v="yes"/>
    <tag k="maxspeed" v="50"/>
    <tag k="maxweight:signed" v="no"/>
    <tag k="mofa" v="no"/>
    <tag k="name" v="Amager Strandvej"/>
    <tag k="oneway" v="yes"/>
    <tag k="source:maxspeed" v="DK:urban"/>
    <tag k="surface" v="asphalt"/>
    <tag k="turn:lanes" v="left|left"/>
    <tag k="wikidata" v="Q12301226"/>
  </way>
  <way id="503035504">
    <nd ref="4933885922"/>
    <nd ref="4933885921"/>
    <nd ref="4933885720"/>
    <nd ref="4933885719"/>
    <nd ref="4933885717"/>
    <tag k="bicycle" v="no"/>
    <tag k="foot" v="no"/>
    <tag k="highway" v="tertiary"/>
    <tag k="lanes" v="2"/>
    <tag k="lit" v="yes"/>
    <tag k="maxspeed" v="50"/>
    <tag k="mofa" v="no"/>
    <tag k="name" v="Amager Strandvej"/>
    <tag k="oneway" v="yes"/>
    <tag k="source:maxspeed" v="DK:urban"/>
    <tag k="surface" v="asphalt"/>
    <tag k="turn:lanes" v="left|left"/>
    <tag k="wikidata" v="Q12301226"/>
  </way>
  <way id="503035505">
    <nd ref="4933885924"/>
    <nd ref="447765246"/>
    <tag k="bicycle" v="no"/>
    <tag k="bridge" v="yes"/>
    <tag k="foot" v="no"/>
    <tag k="highway" v="tertiary"/>
    <tag k="lanes" v="1"/>
    <tag k="layer" v="1"/>
    <tag k="lit" v="yes"/>
    <tag k="maxspeed" v="50"/>
    <tag k="maxweight:signed" v="no"/>
    <tag k="name" v="Amager Strandvej"/>
    <tag k="oneway" v="yes"/>
    <tag k="sidewalk" v="no"/>
    <tag k="source:maxspeed" v="DK:urban"/>
    <tag k="surface" v="asphalt"/>
    <tag k="turn:lanes" v="through"/>
    <tag k="wikidata" v="Q12301226"/>
  </way>
  <way id="553208873">
    <nd ref="8032474"/>
    <nd ref="5340368816"/>
    <tag k="cycleway" v="track"/>
    <tag k="highway" v="tertiary"/>
    <tag k="lanes" v="2"/>
    <tag k="lit" v="yes"/>
    <tag k="maxspeed" v="50"/>
    <tag k="name" v="Løjtegårdsvej"/>
    <tag k="name:etymology:wikidata" v="Q127153408"/>
    <tag k="sidewalk" v="both"/>
    <tag k="source:maxspeed" v="DK:urban"/>
    <tag k="surface" v="asphalt"/>
    <tag k="wikidata" v="Q122936777"/>
  </way>
  <way id="627395177">
    <nd ref="5922587988"/>
    <nd ref="6744106593"/>
    <nd ref="17033271"/>
    <nd ref="4734509017"/>
    <nd ref="17033269"/>
    <nd ref="6738978978"/>
    <nd ref="4713276131"/>
    <nd ref="6742114292"/>
    <nd ref="322999298"/>
    <nd ref="4888485720"/>
    <tag k="cycleway" v="track"/>
    <tag k="highway" v="tertiary"/>
    <tag k="lanes" v="2"/>
    <tag k="lit" v="yes"/>
    <tag k="maxspeed" v="60"/>
    <tag k="name" v="Amager Landevej"/>
    <tag k="name:etymology:wikidata" v="Q210396"/>
    <tag k="sidewalk" v="both"/>
    <tag k="source:maxspeed" v="sign"/>
    <tag k="surface" v="asphalt"/>
    <tag k="wikidata" v="Q122975730"/>
  </way>
  <way id="672002010">
    <nd ref="6292969891"/>
    <nd ref="2983280868"/>
    <nd ref="7229961"/>
    <tag k="bicycle" v="use_sidepath"/>
    <tag k="highway" v="tertiary"/>
    <tag k="lanes" v="2"/>
    <tag k="lit" v="yes"/>
    <tag k="maxspeed" v="50"/>
    <tag k="name" v="Kastrup Strandpark"/>
    <tag k="oneway" v="yes"/>
    <tag k="sidewalk" v="both"/>
    <tag k="smoothness" v="excellent"/>
    <tag k="source:maxspeed" v="DK:urban"/>
    <tag k="surface" v="asphalt"/>
    <tag k="turn:lanes" v="left|none"/>
  </way>
  <way id="683443765">
    <nd ref="6401425580"/>
    <nd ref="1374807426"/>
    <nd ref="8079680"/>
    <nd ref="2990697245"/>
    <nd ref="8079682"/>
    <nd ref="6222213029"/>
    <nd ref="1379004738"/>
    <tag k="bicycle" v="no"/>
    <tag k="highway" v="tertiary"/>
    <tag k="lanes" v="2"/>
    <tag k="lit" v="yes"/>
    <tag k="maxspeed" v="50"/>
    <tag k="name" v="Kystvejen"/>
    <tag k="oneway" v="no"/>
    <tag k="source:maxspeed" v="DK:urban"/>
    <tag k="surface" v="asphalt"/>
  </way>
  <way id="683565179">
    <nd ref="7211086"/>
    <nd ref="8691605445"/>
    <nd ref="5446840977"/>
    <nd ref="6402556681"/>
    <tag k="cycleway" v="no"/>
    <tag k="highway" v="tertiary"/>
    <tag k="lanes" v="2"/>
    <tag k="lit" v="yes"/>
    <tag k="maxspeed" v="50"/>
    <tag k="name" v="Kastruplundgade"/>
    <tag k="sidewalk" v="both"/>
    <tag k="source:maxspeed" v="DK:urban"/>
    <tag k="surface" v="asphalt"/>
  </way>
  <way id="683565180">
    <nd ref="6402556680"/>
    <nd ref="7658500"/>
    <nd ref="9556513828"/>
    <nd ref="9556513823"/>
    <nd ref="6402556682"/>
    <tag k="cycleway" v="no"/>
    <tag k="highway" v="tertiary"/>
    <tag k="lanes" v="2"/>
    <tag k="lit" v="yes"/>
    <tag k="maxspeed" v="50"/>
    <tag k="maxspeed:advisory" v="30"/>
    <tag k="name" v="Kastruplundgade"/>
    <tag k="name:etymology:wikidata" v="Q130262798"/>
    <tag k="sidewalk" v="both"/>
    <tag k="source:maxspeed" v="DK:urban"/>
    <tag k="surface" v="asphalt"/>
  </way>
  <way id="683565181">
    <nd ref="6402556682"/>
    <nd ref="7675109"/>
    <nd ref="6402556683"/>
    <nd ref="7449154435"/>
    <nd ref="8691590252"/>
    <nd ref="7658496"/>
    <tag k="cycleway" v="no"/>
    <tag k="highway" v="tertiary"/>
    <tag k="lanes" v="2"/>
    <tag k="lit" v="yes"/>
    <tag k="maxspeed" v="50"/>
    <tag k="name" v="Kastruplundgade"/>
    <tag k="name:etymology:wikidata" v="Q130262798"/>
    <tag k="sidewalk" v="both"/>
    <tag k="source:maxspeed" v="DK:urban"/>
    <tag k="surface" v="asphalt"/>
  </way>
  <way id="713062116">
    <nd ref="5499375149"/>
    <nd ref="2066198485"/>
    <nd ref="8441631670"/>
    <nd ref="4960579147"/>
    <tag k="bicycle" v="use_sidepath"/>
    <tag k="cycleway:right" v="separate"/>
    <tag k="destination:lanes" v="Dragør|Dragør|København"/>
    <tag k="highway" v="tertiary"/>
    <tag k="lane_markings" v="no"/>
    <tag k="lanes" v="4"/>
    <tag k="lit" v="yes"/>
    <tag k="maxspeed" v="50"/>
    <tag k="name" v="Englandsvej"/>
    <tag k="name:etymology:wikidata" v="Q21"/>
    <tag k="oneway" v="yes"/>
    <tag k="source:maxspeed" v="DK:urban"/>
    <tag k="surface" v="asphalt"/>
    <tag k="turn:lanes" v="through|through|right|right"/>
    <tag k="wikidata" v="Q12310148"/>
  </way>
  <way id="717131698">
    <nd ref="4702314639"/>
    <nd ref="4702314637"/>
    <nd ref="3833970388"/>
    <nd ref="1412602117"/>
    <nd ref="4020269733"/>
    <nd ref="3453876231"/>
    <tag k="bicycle" v="no"/>
    <tag k="highway" v="tertiary"/>
    <tag k="lane_markings" v="yes"/>
    <tag k="lanes" v="2"/>
    <tag k="lit" v="yes"/>
    <tag k="maxspeed" v="60"/>
    <tag k="name" v="Kystvejen"/>
    <tag k="oneway" v="no"/>
    <tag k="source:maxspeed" v="sign"/>
    <tag k="surface" v="asphalt"/>
  </way>
  <way id="717131700">
    <nd ref="8079656"/>
    <nd ref="4702314639"/>
    <tag k="bicycle" v="no"/>
    <tag k="highway" v="tertiary"/>
    <tag k="lanes" v="2"/>
    <tag k="lit" v="yes"/>
    <tag k="maxspeed" v="60"/>
    <tag k="name" v="Kystvejen"/>
    <tag k="oneway" v="no"/>
    <tag k="source:maxspeed" v="sign"/>
    <tag k="surface" v="asphalt"/>
  </way>
  <way id="717134224">
    <nd ref="1378750081"/>
    <nd ref="3668548749"/>
    <nd ref="1505087754"/>
    <nd ref="13666132665"/>
    <nd ref="3725394737"/>
    <nd ref="8079687"/>
    <tag k="highway" v="tertiary"/>
    <tag k="lanes" v="2"/>
    <tag k="lit" v="yes"/>
    <tag k="maxspeed" v="50"/>
    <tag k="name" v="A.P. Møllers Allé"/>
    <tag k="name:etymology" v="Arnold Peter Møller"/>
    <tag k="name:etymology:wikidata" v="Q695944"/>
    <tag k="name:etymology:wikipedia" v="da:Arnold Peter Møller"/>
    <tag k="source:maxspeed" v="DK:urban"/>
    <tag k="surface" v="asphalt"/>
  </way>
  <way id="717134225">
    <nd ref="1378750093"/>
    <nd ref="5709608418"/>
    <nd ref="322660205"/>
    <nd ref="1505087746"/>
    <nd ref="30562363"/>
    <tag k="alt_name" v="Ndr Dragørvej"/>
    <tag k="cycleway" v="no"/>
    <tag k="highway" v="tertiary"/>
    <tag k="lanes" v="2"/>
    <tag k="lit" v="yes"/>
    <tag k="maxspeed" v="50"/>
    <tag k="name" v="Nordre Dragørvej"/>
    <tag k="name:etymology:wikidata" v="Q1255278"/>
    <tag k="sidewalk" v="left"/>
    <tag k="source:maxspeed" v="DK:urban"/>
    <tag k="surface" v="asphalt"/>
  </way>
  <way id="717199598">
    <nd ref="4702539164"/>
    <nd ref="11787172875"/>
    <nd ref="3453876220"/>
    <nd ref="434459329"/>
    <nd ref="5678186850"/>
    <nd ref="8079669"/>
    <nd ref="8079670"/>
    <nd ref="8079671"/>
    <nd ref="354040758"/>
    <nd ref="1705203643"/>
    <nd ref="8079672"/>
    <nd ref="8079673"/>
    <nd ref="1705193080"/>
    <nd ref="8079674"/>
    <nd ref="1705193071"/>
    <nd ref="8079675"/>
    <nd ref="8079676"/>
    <nd ref="1705203612"/>
    <nd ref="8079677"/>
    <nd ref="290516418"/>
    <nd ref="8079678"/>
    <nd ref="8079679"/>
    <nd ref="396821104"/>
    <nd ref="6401425580"/>
    <tag k="bicycle" v="no"/>
    <tag k="highway" v="tertiary"/>
    <tag k="lit" v="yes"/>
    <tag k="maxspeed" v="60"/>
    <tag k="name" v="Kystvejen"/>
    <tag k="oneway" v="no"/>
    <tag k="source:maxspeed" v="sign"/>
    <tag k="surface" v="asphalt"/>
  </way>
  <way id="717199599">
    <nd ref="3453876231"/>
    <nd ref="4702539164"/>
    <tag k="bicycle" v="no"/>
    <tag k="highway" v="tertiary"/>
    <tag k="lit" v="yes"/>
    <tag k="maxspeed" v="60"/>
    <tag k="name" v="Kystvejen"/>
    <tag k="oneway" v="no"/>
    <tag k="source:maxspeed" v="sign"/>
    <tag k="surface" v="asphalt"/>
  </way>
  <way id="733901268">
    <nd ref="8441631702"/>
    <nd ref="1066719883"/>
    <nd ref="3502962062"/>
    <nd ref="8441631701"/>
    <nd ref="3502962063"/>
    <tag k="bicycle" v="use_sidepath"/>
    <tag k="cycleway:right" v="separate"/>
    <tag k="foot" v="use_sidepath"/>
    <tag k="highway" v="tertiary"/>
    <tag k="junction" v="circular"/>
    <tag k="lanes" v="2"/>
    <tag k="lit" v="yes"/>
    <tag k="maxspeed" v="50"/>
    <tag k="noname" v="yes"/>
    <tag k="oneway" v="yes"/>
    <tag k="sidewalk" v="separate"/>
    <tag k="smoothness" v="excellent"/>
    <tag k="source:maxspeed" v="DK:urban"/>
    <tag k="surface" v="asphalt"/>
  </way>
  <way id="736596199">
    <nd ref="1066719903"/>
    <nd ref="1066719860"/>
    <nd ref="1066719877"/>
    <nd ref="2066198517"/>
    <nd ref="8441631696"/>
    <nd ref="1066719882"/>
    <nd ref="8441631702"/>
    <tag k="bicycle" v="use_sidepath"/>
    <tag k="cycleway:right" v="separate"/>
    <tag k="foot" v="use_sidepath"/>
    <tag k="highway" v="tertiary"/>
    <tag k="junction" v="circular"/>
    <tag k="lanes" v="2"/>
    <tag k="lit" v="yes"/>
    <tag k="maxspeed" v="50"/>
    <tag k="noname" v="yes"/>
    <tag k="oneway" v="yes"/>
    <tag k="sidewalk" v="separate"/>
    <tag k="smoothness" v="excellent"/>
    <tag k="source:maxspeed" v="DK:urban"/>
    <tag k="surface" v="asphalt"/>
  </way>
  <way id="736596200">
    <nd ref="3502962063"/>
    <nd ref="8441631703"/>
    <nd ref="1066719885"/>
    <nd ref="1066719865"/>
    <nd ref="1066719900"/>
    <nd ref="1066719890"/>
    <tag k="bicycle" v="use_sidepath"/>
    <tag k="cycleway:right" v="separate"/>
    <tag k="foot" v="use_sidepath"/>
    <tag k="highway" v="tertiary"/>
    <tag k="junction" v="circular"/>
    <tag k="lanes" v="2"/>
    <tag k="lit" v="yes"/>
    <tag k="maxspeed" v="50"/>
    <tag k="noname" v="yes"/>
    <tag k="oneway" v="yes"/>
    <tag k="sidewalk" v="separate"/>
    <tag k="smoothness" v="excellent"/>
    <tag k="source:maxspeed" v="DK:urban"/>
    <tag k="surface" v="asphalt"/>
  </way>
  <way id="736596201">
    <nd ref="2066198497"/>
    <nd ref="2066198494"/>
    <nd ref="13438519146"/>
    <nd ref="8441631672"/>
    <nd ref="5499375149"/>
    <tag k="bicycle" v="use_sidepath"/>
    <tag k="cycleway:right" v="separate"/>
    <tag k="destination:lanes" v="Dragør|Dragør|København"/>
    <tag k="foot" v="use_sidepath"/>
    <tag k="highway" v="tertiary"/>
    <tag k="lanes" v="4"/>
    <tag k="lit" v="yes"/>
    <tag k="maxspeed" v="50"/>
    <tag k="name" v="Englandsvej"/>
    <tag k="name:etymology:wikidata" v="Q21"/>
    <tag k="oneway" v="yes"/>
    <tag k="sidewalk" v="separate"/>
    <tag k="source:maxspeed" v="DK:urban"/>
    <tag k="surface" v="asphalt"/>
    <tag k="turn:lanes" v="none|none|right|right"/>
    <tag k="wikidata" v="Q12310148"/>
  </way>
  <way id="742687155">
    <nd ref="698680"/>
    <nd ref="6952474353"/>
    <tag k="cycleway:right" v="lane"/>
    <tag k="foot" v="no"/>
    <tag k="highway" v="tertiary"/>
    <tag k="lanes" v="2"/>
    <tag k="lit" v="yes"/>
    <tag k="maxspeed" v="60"/>
    <tag k="name" v="Vejlands Allé"/>
    <tag k="name:etymology" v="lokalt marknavn; Weylands-agre (1682)"/>
    <tag k="oneway" v="yes"/>
    <tag k="sidewalk" v="right"/>
    <tag k="source:maxspeed" v="sign"/>
    <tag k="surface" v="asphalt"/>
  </way>
  <way id="742687156">
    <nd ref="6952474352"/>
    <nd ref="8078322"/>
    <tag k="cycleway:right" v="track"/>
    <tag k="foot" v="no"/>
    <tag k="highway" v="tertiary"/>
    <tag k="lanes" v="2"/>
    <tag k="lit" v="yes"/>
    <tag k="maxspeed" v="60"/>
    <tag k="name" v="Vejlands Allé"/>
    <tag k="name:etymology" v="lokalt marknavn; Weylands-agre (1682)"/>
    <tag k="oneway" v="yes"/>
    <tag k="shoulder" v="no"/>
    <tag k="sidewalk" v="right"/>
    <tag k="source:maxspeed" v="sign"/>
    <tag k="surface" v="asphalt"/>
  </way>
  <way id="742687157">
    <nd ref="8078322"/>
    <nd ref="6952474335"/>
    <tag k="cycleway" v="track"/>
    <tag k="foot" v="no"/>
    <tag k="highway" v="tertiary"/>
    <tag k="lanes" v="2"/>
    <tag k="lit" v="yes"/>
    <tag k="maxspeed" v="50"/>
    <tag k="name" v="Røde Mellemvej"/>
    <tag k="sidewalk" v="both"/>
    <tag k="source:maxspeed" v="DK:urban"/>
    <tag k="surface" v="asphalt"/>
  </way>
  <way id="742687158">
    <nd ref="8078322"/>
    <nd ref="6952474346"/>
    <tag k="cycleway:right" v="track"/>
    <tag k="foot" v="no"/>
    <tag k="highway" v="tertiary"/>
    <tag k="lanes" v="2"/>
    <tag k="lit" v="yes"/>
    <tag k="maxspeed" v="60"/>
    <tag k="name" v="Vejlands Allé"/>
    <tag k="name:etymology" v="lokalt marknavn; Weylands-agre (1682)"/>
    <tag k="oneway" v="yes"/>
    <tag k="sidewalk" v="right"/>
    <tag k="source:maxspeed" v="sign"/>
    <tag k="surface" v="asphalt"/>
  </way>
  <way id="742687159">
    <nd ref="6952474345"/>
    <nd ref="698680"/>
    <tag k="cycleway:right" v="track"/>
    <tag k="foot" v="no"/>
    <tag k="highway" v="tertiary"/>
    <tag k="lanes" v="2"/>
    <tag k="lit" v="yes"/>
    <tag k="maxspeed" v="60"/>
    <tag k="name" v="Vejlands Allé"/>
    <tag k="name:etymology" v="lokalt marknavn; Weylands-agre (1682)"/>
    <tag k="oneway" v="yes"/>
    <tag k="sidewalk" v="right"/>
    <tag k="source:maxspeed" v="sign"/>
    <tag k="surface" v="asphalt"/>
  </way>
  <way id="742687160">
    <nd ref="698680"/>
    <nd ref="1573491331"/>
    <tag k="cycleway" v="track"/>
    <tag k="foot" v="no"/>
    <tag k="highway" v="tertiary"/>
    <tag k="lanes" v="2"/>
    <tag k="lit" v="yes"/>
    <tag k="maxspeed" v="50"/>
    <tag k="name" v="Røde Mellemvej"/>
    <tag k="sidewalk" v="both"/>
    <tag k="surface" v="asphalt"/>
  </way>
  <way id="744435802">
    <nd ref="6527639"/>
    <nd ref="13571156822"/>
    <nd ref="8327476"/>
    <nd ref="8327470"/>
    <nd ref="13777481673"/>
    <nd ref="8327472"/>
    <nd ref="13682505645"/>
    <nd ref="5445485231"/>
    <nd ref="8327477"/>
    <nd ref="8084815"/>
    <nd ref="13682505646"/>
    <nd ref="4712175280"/>
    <nd ref="5450247684"/>
    <nd ref="7224421"/>
    <nd ref="4712175285"/>
    <nd ref="429842133"/>
    <nd ref="10918472137"/>
    <nd ref="6972017030"/>
    <nd ref="2814799348"/>
    <nd ref="366515814"/>
    <nd ref="11446200801"/>
    <nd ref="2814799347"/>
    <nd ref="7224422"/>
    <tag k="cycleway" v="track"/>
    <tag k="highway" v="tertiary"/>
    <tag k="lanes" v="2"/>
    <tag k="lit" v="yes"/>
    <tag k="maxspeed" v="50"/>
    <tag k="name" v="Kastrupvej"/>
    <tag k="name:etymology:wikidata" v="Q1420866"/>
    <tag k="sidewalk" v="both"/>
    <tag k="source:maxspeed" v="DK:urban"/>
    <tag k="surface" v="asphalt"/>
    <tag k="wikidata" v="Q105598334"/>
  </way>
  <way id="744435803">
    <nd ref="2814799325"/>
    <nd ref="8029808"/>
    <nd ref="4736166184"/>
    <nd ref="7427912"/>
    <nd ref="13777481678"/>
    <nd ref="13991188619"/>
    <nd ref="7461004"/>
    <nd ref="7461006"/>
    <nd ref="2983242359"/>
    <nd ref="7432022"/>
    <nd ref="7224425"/>
    <nd ref="13991188618"/>
    <nd ref="7735661"/>
    <nd ref="7735662"/>
    <nd ref="14086099373"/>
    <nd ref="14086099378"/>
    <nd ref="13991188615"/>
    <nd ref="10919379572"/>
    <nd ref="13991188614"/>
    <nd ref="279450241"/>
    <nd ref="8084819"/>
    <nd ref="14086099368"/>
    <nd ref="7224424"/>
    <nd ref="4719395085"/>
    <nd ref="4719394895"/>
    <nd ref="12912199388"/>
    <nd ref="12912199379"/>
    <nd ref="13777481677"/>
    <nd ref="12912199372"/>
    <nd ref="7224423"/>
    <nd ref="12912199385"/>
    <nd ref="4718796276"/>
    <nd ref="7396262"/>
    <nd ref="4718796931"/>
    <nd ref="8086011"/>
    <nd ref="13777481676"/>
    <nd ref="8085576"/>
    <nd ref="5448974395"/>
    <nd ref="5448974396"/>
    <nd ref="366515815"/>
    <nd ref="5448974393"/>
    <nd ref="2814799345"/>
    <nd ref="13777481675"/>
    <nd ref="7224422"/>
    <tag k="cycleway" v="track"/>
    <tag k="highway" v="tertiary"/>
    <tag k="lanes" v="2"/>
    <tag k="lit" v="yes"/>
    <tag k="maxspeed" v="50"/>
    <tag k="name" v="Kastrupvej"/>
    <tag k="name:etymology:wikidata" v="Q1420866"/>
    <tag k="source:maxspeed" v="DK:urban"/>
    <tag k="surface" v="asphalt"/>
    <tag k="wikidata" v="Q105598334"/>
  </way>
  <way id="746441470">
    <nd ref="2066245917"/>
    <nd ref="13570199896"/>
    <nd ref="6985392400"/>
    <tag k="bicycle" v="use_sidepath"/>
    <tag k="highway" v="tertiary"/>
    <tag k="lanes" v="2"/>
    <tag k="lit" v="yes"/>
    <tag k="maxspeed" v="50"/>
    <tag k="name" v="Englandsvej"/>
    <tag k="name:etymology:wikidata" v="Q21"/>
    <tag k="oneway" v="yes"/>
    <tag k="smoothness" v="good"/>
    <tag k="source:maxspeed" v="DK:urban"/>
    <tag k="surface" v="asphalt"/>
    <tag k="wikidata" v="Q12310148"/>
  </way>
  <way id="746441471">
    <nd ref="2066245911"/>
    <nd ref="2066245907"/>
    <nd ref="2066245903"/>
    <nd ref="8441631693"/>
    <nd ref="14054889201"/>
    <nd ref="14054889208"/>
    <nd ref="2066245888"/>
    <nd ref="2066245887"/>
    <nd ref="2066198515"/>
    <tag k="bicycle" v="use_sidepath"/>
    <tag k="cycleway:right" v="separate"/>
    <tag k="highway" v="tertiary"/>
    <tag k="lanes" v="2"/>
    <tag k="lit" v="yes"/>
    <tag k="maxspeed" v="50"/>
    <tag k="name" v="Englandsvej"/>
    <tag k="name:etymology:wikidata" v="Q21"/>
    <tag k="oneway" v="yes"/>
    <tag k="smoothness" v="excellent"/>
    <tag k="source:maxspeed" v="DK:urban"/>
    <tag k="surface" v="asphalt"/>
    <tag k="wikidata" v="Q12310148"/>
  </way>
  <way id="746441472">
    <nd ref="1066719862"/>
    <nd ref="2066245904"/>
    <nd ref="14054889202"/>
    <nd ref="2411760332"/>
    <nd ref="6540011"/>
    <nd ref="6985392401"/>
    <tag k="bicycle" v="use_sidepath"/>
    <tag k="cycleway:right" v="separate"/>
    <tag k="highway" v="tertiary"/>
    <tag k="lanes" v="2"/>
    <tag k="lit" v="yes"/>
    <tag k="maxspeed" v="50"/>
    <tag k="name" v="Englandsvej"/>
    <tag k="name:etymology:wikidata" v="Q21"/>
    <tag k="oneway" v="yes"/>
    <tag k="smoothness" v="excellent"/>
    <tag k="source:maxspeed" v="DK:urban"/>
    <tag k="surface" v="asphalt"/>
    <tag k="wikidata" v="Q12310148"/>
  </way>
  <way id="746793120">
    <nd ref="3379590067"/>
    <nd ref="7452758445"/>
    <nd ref="17556307"/>
    <nd ref="17556308"/>
    <nd ref="8098251"/>
    <nd ref="4721169575"/>
    <nd ref="8098024"/>
    <tag k="cycleway" v="track"/>
    <tag k="highway" v="tertiary"/>
    <tag k="lanes" v="2"/>
    <tag k="lit" v="yes"/>
    <tag k="maxspeed" v="50"/>
    <tag k="name" v="Sirgræsvej"/>
    <tag k="name:etymology:wikidata" v="Q2092294"/>
    <tag k="sidewalk" v="both"/>
    <tag k="source:maxspeed" v="DK:urban"/>
    <tag k="surface" v="asphalt"/>
  </way>
  <way id="746793121">
    <nd ref="6988419163"/>
    <nd ref="8097543"/>
    <nd ref="3379590105"/>
    <nd ref="8097542"/>
    <nd ref="8097541"/>
    <nd ref="8080282"/>
    <nd ref="10301148362"/>
    <nd ref="4711689763"/>
    <nd ref="315413446"/>
    <nd ref="319093106"/>
    <nd ref="7452758450"/>
    <nd ref="7452758456"/>
    <nd ref="17556306"/>
    <nd ref="3379590067"/>
    <tag k="cycleway" v="track"/>
    <tag k="highway" v="tertiary"/>
    <tag k="lanes" v="2"/>
    <tag k="lit" v="yes"/>
    <tag k="maxspeed" v="50"/>
    <tag k="maxspeed:advisory" v="30"/>
    <tag k="name" v="Sirgræsvej"/>
    <tag k="name:etymology:wikidata" v="Q2092294"/>
    <tag k="sidewalk" v="both"/>
    <tag k="source:maxspeed" v="DK:urban"/>
    <tag k="surface" v="asphalt"/>
  </way>
  <way id="746795148">
    <nd ref="8881371"/>
    <nd ref="8881370"/>
    <tag k="bicycle" v="yes"/>
    <tag k="cycleway" v="track"/>
    <tag k="foot" v="yes"/>
    <tag k="highway" v="tertiary"/>
    <tag k="lanes" v="4"/>
    <tag k="lit" v="yes"/>
    <tag k="maxspeed" v="50"/>
    <tag k="name" v="Amager Landevej"/>
    <tag k="name:etymology:wikidata" v="Q210396"/>
    <tag k="sidewalk" v="both"/>
    <tag k="source:maxspeed" v="DK:urban"/>
    <tag k="surface" v="asphalt"/>
    <tag k="wikidata" v="Q122975730"/>
  </way>
  <way id="746795149">
    <nd ref="6988428898"/>
    <nd ref="11056511245"/>
    <nd ref="18164857"/>
    <tag k="bicycle" v="yes"/>
    <tag k="cycleway" v="track"/>
    <tag k="foot" v="yes"/>
    <tag k="highway" v="tertiary"/>
    <tag k="lanes" v="3"/>
    <tag k="lanes:backward" v="1"/>
    <tag k="lanes:forward" v="2"/>
    <tag k="lit" v="yes"/>
    <tag k="maxspeed" v="60"/>
    <tag k="name" v="Amager Landevej"/>
    <tag k="name:etymology:wikidata" v="Q210396"/>
    <tag k="shoulder" v="left"/>
    <tag k="sidewalk" v="both"/>
    <tag k="source:maxspeed" v="sign"/>
    <tag k="surface" v="asphalt"/>
    <tag k="wikidata" v="Q122975730"/>
  </way>
  <way id="746795150">
    <nd ref="4662964504"/>
    <nd ref="6988428898"/>
    <tag k="bicycle" v="yes"/>
    <tag k="cycleway" v="track"/>
    <tag k="foot" v="yes"/>
    <tag k="highway" v="tertiary"/>
    <tag k="lanes" v="3"/>
    <tag k="lanes:backward" v="2"/>
    <tag k="lanes:forward" v="1"/>
    <tag k="lit" v="yes"/>
    <tag k="maxspeed" v="50"/>
    <tag k="name" v="Amager Landevej"/>
    <tag k="name:etymology:wikidata" v="Q210396"/>
    <tag k="shoulder" v="right"/>
    <tag k="sidewalk" v="both"/>
    <tag k="source:maxspeed" v="DK:urban"/>
    <tag k="surface" v="asphalt"/>
    <tag k="wikidata" v="Q122975730"/>
  </way>
  <way id="746795151">
    <nd ref="2813208781"/>
    <nd ref="9532561986"/>
    <nd ref="9045412829"/>
    <tag k="bicycle" v="yes"/>
    <tag k="cycleway" v="track"/>
    <tag k="foot" v="yes"/>
    <tag k="highway" v="tertiary"/>
    <tag k="lanes" v="2"/>
    <tag k="lit" v="yes"/>
    <tag k="maxspeed" v="50"/>
    <tag k="name" v="Amager Landevej"/>
    <tag k="name:etymology:wikidata" v="Q210396"/>
    <tag k="shoulder" v="both"/>
    <tag k="sidewalk" v="both"/>
    <tag k="source:maxspeed" v="DK:urban"/>
    <tag k="surface" v="asphalt"/>
    <tag k="wikidata" v="Q122975730"/>
  </way>
  <way id="746795152">
    <nd ref="18164857"/>
    <nd ref="6742010579"/>
    <nd ref="6739053730"/>
    <nd ref="9712250613"/>
    <nd ref="8881371"/>
    <tag k="bicycle" v="yes"/>
    <tag k="cycleway" v="track"/>
    <tag k="foot" v="yes"/>
    <tag k="highway" v="tertiary"/>
    <tag k="lanes" v="3"/>
    <tag k="lanes:backward" v="1"/>
    <tag k="lanes:forward" v="2"/>
    <tag k="lit" v="yes"/>
    <tag k="maxspeed" v="50"/>
    <tag k="name" v="Amager Landevej"/>
    <tag k="name:etymology:wikidata" v="Q210396"/>
    <tag k="sidewalk" v="both"/>
    <tag k="source:maxspeed" v="DK:urban"/>
    <tag k="surface" v="asphalt"/>
    <tag k="wikidata" v="Q122975730"/>
  </way>
  <way id="746795158">
    <nd ref="7737277"/>
    <nd ref="7211080"/>
    <nd ref="6988428915"/>
    <tag k="bicycle" v="yes"/>
    <tag k="cycleway" v="track"/>
    <tag k="foot" v="yes"/>
    <tag k="highway" v="tertiary"/>
    <tag k="lanes" v="2"/>
    <tag k="lit" v="yes"/>
    <tag k="maxspeed" v="60"/>
    <tag k="name" v="Amagerbrogade"/>
    <tag k="name:etymology:wikidata" v="Q3375590"/>
    <tag k="sidewalk" v="both"/>
    <tag k="source:maxspeed" v="sign"/>
    <tag k="surface" v="asphalt"/>
    <tag k="wikidata" v="Q3373779"/>
  </way>
  <way id="755758242">
    <nd ref="8441631648"/>
    <nd ref="8441631660"/>
    <nd ref="397074203"/>
    <nd ref="14074779340"/>
    <nd ref="397052586"/>
    <tag k="cycleway:right" v="separate"/>
    <tag k="highway" v="secondary"/>
    <tag k="lane_markings" v="no"/>
    <tag k="lanes" v="1"/>
    <tag k="lit" v="yes"/>
    <tag k="maxspeed" v="60"/>
    <tag k="name" v="Englandsvej"/>
    <tag k="name:etymology:wikidata" v="Q21"/>
    <tag k="oneway" v="yes"/>
    <tag k="ref" v="221"/>
    <tag k="sidewalk:right" v="separate"/>
    <tag k="source:maxspeed" v="sign"/>
    <tag k="surface" v="asphalt"/>
    <tag k="wikidata" v="Q12310148"/>
  </way>
  <way id="755758243">
    <nd ref="8441631649"/>
    <nd ref="397074477"/>
    <nd ref="9853928375"/>
    <nd ref="8441631646"/>
    <nd ref="9853928373"/>
    <nd ref="8441631652"/>
    <nd ref="8441631661"/>
    <nd ref="8441631647"/>
    <nd ref="8441631645"/>
    <tag k="cycleway:right" v="separate"/>
    <tag k="highway" v="secondary"/>
    <tag k="lane_markings" v="no"/>
    <tag k="lanes" v="3"/>
    <tag k="lit" v="yes"/>
    <tag k="maxspeed" v="60"/>
    <tag k="name" v="Englandsvej"/>
    <tag k="name:etymology:wikidata" v="Q21"/>
    <tag k="oneway" v="yes"/>
    <tag k="ref" v="221"/>
    <tag k="sidewalk:right" v="separate"/>
    <tag k="source:maxspeed" v="sign"/>
    <tag k="surface" v="asphalt"/>
    <tag k="turn:lanes" v="left|none|right"/>
    <tag k="wikidata" v="Q12310148"/>
  </way>
  <way id="756081599">
    <nd ref="7061726968"/>
    <nd ref="309002411"/>
    <nd ref="6738889674"/>
    <nd ref="280180799"/>
    <nd ref="6744106596"/>
    <nd ref="314482207"/>
    <nd ref="16965576"/>
    <nd ref="13442374855"/>
    <nd ref="4422317601"/>
    <nd ref="16965577"/>
    <nd ref="4709903865"/>
    <nd ref="13442346083"/>
    <nd ref="5903517786"/>
    <nd ref="9383917123"/>
    <nd ref="6738889672"/>
    <nd ref="13376519583"/>
    <tag k="cycleway" v="track"/>
    <tag k="highway" v="tertiary"/>
    <tag k="lanes" v="2"/>
    <tag k="lit" v="yes"/>
    <tag k="maxspeed" v="50"/>
    <tag k="name" v="Tømmerupvej"/>
    <tag k="name:etymology:wikidata" v="Q12008132"/>
    <tag k="sidewalk" v="both"/>
    <tag k="source:maxspeed" v="DK:urban"/>
    <tag k="surface" v="asphalt"/>
  </way>
  <way id="760068746">
    <nd ref="315019857"/>
    <nd ref="6703244446"/>
    <nd ref="366517612"/>
    <nd ref="6700011630"/>
    <nd ref="366517655"/>
    <nd ref="280180613"/>
    <nd ref="366517684"/>
    <nd ref="7100236643"/>
    <tag k="cycleway" v="separate"/>
    <tag k="highway" v="secondary"/>
    <tag k="lanes" v="2"/>
    <tag k="lit" v="yes"/>
    <tag k="maxspeed" v="60"/>
    <tag k="name" v="Englandsvej"/>
    <tag k="name:etymology:wikidata" v="Q21"/>
    <tag k="ref" v="221"/>
    <tag k="sidewalk" v="separate"/>
    <tag k="source:maxspeed" v="sign"/>
    <tag k="surface" v="asphalt"/>
    <tag k="wikidata" v="Q12310148"/>
  </way>
  <way id="766109442">
    <nd ref="13652115164"/>
    <nd ref="13652153920"/>
    <nd ref="7737282"/>
    <tag k="highway" v="tertiary"/>
    <tag k="lanes" v="3"/>
    <tag k="lanes:backward" v="1"/>
    <tag k="lanes:forward" v="2"/>
    <tag k="lit" v="yes"/>
    <tag k="maxspeed" v="50"/>
    <tag k="name" v="Irlandsvej"/>
    <tag k="name:etymology:wikidata" v="Q27"/>
    <tag k="sidewalk" v="both"/>
    <tag k="source:maxspeed" v="DK:urban"/>
    <tag k="surface" v="asphalt"/>
    <tag k="turn:lanes:forward" v="left|none"/>
  </way>
  <way id="766109443">
    <nd ref="7155132897"/>
    <nd ref="7155132896"/>
    <tag k="highway" v="tertiary"/>
    <tag k="lanes" v="2"/>
    <tag k="lit" v="yes"/>
    <tag k="maxspeed" v="50"/>
    <tag k="maxspeed:advisory" v="40"/>
    <tag k="name" v="Irlandsvej"/>
    <tag k="name:etymology:wikidata" v="Q27"/>
    <tag k="priority" v="backward"/>
    <tag k="source:maxspeed" v="DK:urban"/>
    <tag k="surface" v="asphalt"/>
    <tag k="traffic_calming" v="choker"/>
  </way>
  <way id="766109444">
    <nd ref="8085743"/>
    <nd ref="13777490049"/>
    <nd ref="14086099540"/>
    <nd ref="4706323414"/>
    <nd ref="4964730229"/>
    <nd ref="5893167415"/>
    <nd ref="277498109"/>
    <nd ref="4706323413"/>
    <nd ref="3605957552"/>
    <nd ref="17424759"/>
    <nd ref="17556302"/>
    <nd ref="4706323412"/>
    <nd ref="3605945629"/>
    <nd ref="20946242"/>
    <nd ref="13570199884"/>
    <nd ref="7848555"/>
    <tag k="highway" v="tertiary"/>
    <tag k="lanes" v="2"/>
    <tag k="lit" v="yes"/>
    <tag k="maxspeed" v="50"/>
    <tag k="maxspeed:advisory" v="40"/>
    <tag k="name" v="Irlandsvej"/>
    <tag k="name:etymology:wikidata" v="Q27"/>
    <tag k="sidewalk" v="both"/>
    <tag k="source:maxspeed" v="DK:urban"/>
    <tag k="surface" v="asphalt"/>
  </way>
  <way id="798147890">
    <nd ref="7464942696"/>
    <nd ref="1423258780"/>
    <nd ref="281700829"/>
    <nd ref="307940348"/>
    <tag k="cycleway" v="track"/>
    <tag k="highway" v="tertiary"/>
    <tag k="lanes" v="2"/>
    <tag k="lit" v="yes"/>
    <tag k="maxspeed" v="50"/>
    <tag k="name" v="Ugandavej"/>
    <tag k="name:etymology" v="Uganda"/>
    <tag k="name:etymology:wikidata" v="Q1036"/>
    <tag k="name:etymology:wikipedia" v="da:Uganda"/>
    <tag k="oneway" v="no"/>
    <tag k="sidewalk" v="both"/>
    <tag k="source:maxspeed" v="sign"/>
    <tag k="surface" v="asphalt"/>
  </way>
  <way id="833222412">
    <nd ref="6448447785"/>
    <nd ref="7229980"/>
    <tag k="bicycle" v="no"/>
    <tag k="highway" v="tertiary"/>
    <tag k="lanes" v="2"/>
    <tag k="lit" v="yes"/>
    <tag k="maxspeed" v="80"/>
    <tag k="name" v="Ellehammersvej"/>
    <tag k="name:etymology:wikidata" v="Q286016"/>
    <tag k="oneway" v="yes"/>
    <tag k="sidewalk:left" v="no"/>
    <tag k="sidewalk:right" v="separate"/>
    <tag k="sidewalk:right:surface" v="paving_stones"/>
    <tag k="smoothness" v="excellent"/>
    <tag k="source:maxspeed" v="DK:rural"/>
    <tag k="surface" v="asphalt"/>
  </way>
  <way id="847549943">
    <nd ref="13372993731"/>
    <nd ref="3377068721"/>
    <nd ref="4710851903"/>
    <nd ref="7908800937"/>
    <nd ref="7908800949"/>
    <nd ref="3377068720"/>
    <tag k="cycleway:both" v="no"/>
    <tag k="foot" v="yes"/>
    <tag k="highway" v="tertiary"/>
    <tag k="lanes" v="2"/>
    <tag k="lit" v="yes"/>
    <tag k="maxspeed" v="50"/>
    <tag k="name" v="Tømmerupvej"/>
    <tag k="name:etymology:wikidata" v="Q12008132"/>
    <tag k="sidewalk" v="no"/>
    <tag k="source:maxspeed" v="DK:urban"/>
    <tag k="surface" v="asphalt"/>
  </way>
  <way id="847549945">
    <nd ref="3377068720"/>
    <nd ref="17473564"/>
    <nd ref="4422317596"/>
    <nd ref="439238435"/>
    <nd ref="280180705"/>
    <nd ref="17473565"/>
    <nd ref="473216702"/>
    <nd ref="4710851918"/>
    <nd ref="4709968633"/>
    <nd ref="3719162410"/>
    <nd ref="3377068719"/>
    <nd ref="17473566"/>
    <nd ref="4709968674"/>
    <nd ref="4709968639"/>
    <nd ref="280180706"/>
    <nd ref="17473567"/>
    <nd ref="7908800931"/>
    <nd ref="3377068702"/>
    <tag k="animal_crossing:animal" v="horse"/>
    <tag k="cycleway:both" v="no"/>
    <tag k="foot" v="yes"/>
    <tag k="hazard" v="animal_crossing"/>
    <tag k="highway" v="tertiary"/>
    <tag k="lanes" v="2"/>
    <tag k="lit" v="yes"/>
    <tag k="maxspeed" v="50"/>
    <tag k="name" v="Tømmerupvej"/>
    <tag k="name:etymology:wikidata" v="Q12008132"/>
    <tag k="sidewalk" v="no"/>
    <tag k="source:maxspeed" v="DK:urban"/>
    <tag k="surface" v="asphalt"/>
  </way>
  <way id="847549951">
    <nd ref="7908800950"/>
    <nd ref="397035801"/>
    <tag k="cycleway:right" v="separate"/>
    <tag k="highway" v="secondary"/>
    <tag k="lanes" v="2"/>
    <tag k="lit" v="yes"/>
    <tag k="maxspeed" v="80"/>
    <tag k="name" v="Englandsvej"/>
    <tag k="name:etymology:wikidata" v="Q21"/>
    <tag k="oneway" v="yes"/>
    <tag k="ref" v="221"/>
    <tag k="shoulder" v="no"/>
    <tag k="sidewalk:right" v="separate"/>
    <tag k="source:maxspeed" v="sign"/>
    <tag k="surface" v="asphalt"/>
    <tag k="wikidata" v="Q12310148"/>
  </way>
  <way id="847549952">
    <nd ref="397035801"/>
    <nd ref="10006989526"/>
    <nd ref="14074779352"/>
    <nd ref="397026142"/>
    <tag k="cycleway:right" v="separate"/>
    <tag k="highway" v="secondary"/>
    <tag k="lanes" v="2"/>
    <tag k="lit" v="yes"/>
    <tag k="maxspeed" v="80"/>
    <tag k="name" v="Englandsvej"/>
    <tag k="name:etymology:wikidata" v="Q21"/>
    <tag k="oneway" v="yes"/>
    <tag k="ref" v="221"/>
    <tag k="shoulder" v="no"/>
    <tag k="sidewalk:right" v="separate"/>
    <tag k="source:maxspeed" v="sign"/>
    <tag k="surface" v="asphalt"/>
    <tag k="wikidata" v="Q12310148"/>
  </way>
  <way id="847549953">
    <nd ref="397036919"/>
    <nd ref="397046168"/>
    <tag k="cycleway:right" v="separate"/>
    <tag k="highway" v="secondary"/>
    <tag k="lane_markings" v="no"/>
    <tag k="lit" v="yes"/>
    <tag k="maxspeed" v="60"/>
    <tag k="name" v="Englandsvej"/>
    <tag k="name:etymology:wikidata" v="Q21"/>
    <tag k="oneway" v="yes"/>
    <tag k="ref" v="221"/>
    <tag k="sidewalk:right" v="separate"/>
    <tag k="source:maxspeed" v="sign"/>
    <tag k="surface" v="asphalt"/>
    <tag k="wikidata" v="Q12310148"/>
  </way>
  <way id="871866438">
    <nd ref="16965554"/>
    <nd ref="16965555"/>
    <tag k="cycleway" v="track"/>
    <tag k="highway" v="tertiary"/>
    <tag k="lane_markings" v="no"/>
    <tag k="lit" v="yes"/>
    <tag k="maxspeed" v="50"/>
    <tag k="name" v="Kirstinehøj"/>
    <tag k="name:etymology:wikidata" v="Q127161159"/>
    <tag k="sidewalk" v="both"/>
    <tag k="source:maxspeed" v="DK:urban"/>
    <tag k="surface" v="asphalt"/>
  </way>
  <way id="886628343">
    <nd ref="13438519145"/>
    <nd ref="2066198497"/>
    <tag k="bicycle" v="use_sidepath"/>
    <tag k="cycleway:right" v="separate"/>
    <tag k="foot" v="use_sidepath"/>
    <tag k="highway" v="tertiary"/>
    <tag k="lanes" v="4"/>
    <tag k="lit" v="yes"/>
    <tag k="maxspeed" v="50"/>
    <tag k="name" v="Englandsvej"/>
    <tag k="name:etymology:wikidata" v="Q21"/>
    <tag k="oneway" v="yes"/>
    <tag k="sidewalk" v="separate"/>
    <tag k="source:maxspeed" v="DK:urban"/>
    <tag k="surface" v="asphalt"/>
    <tag k="turn:lanes" v="none|none|right|right"/>
    <tag k="wikidata" v="Q12310148"/>
  </way>
  <way id="904173407">
    <nd ref="7484909"/>
    <nd ref="13372992886"/>
    <nd ref="13372992892"/>
    <nd ref="13952216533"/>
    <nd ref="11807703480"/>
    <nd ref="5091056450"/>
    <nd ref="5091056448"/>
    <nd ref="5091056446"/>
    <nd ref="13020819212"/>
    <nd ref="8032474"/>
    <tag k="bicycle" v="yes"/>
    <tag k="cycleway" v="track"/>
    <tag k="foot" v="yes"/>
    <tag k="highway" v="tertiary"/>
    <tag k="lanes" v="2"/>
    <tag k="lit" v="yes"/>
    <tag k="maxspeed" v="50"/>
    <tag k="name" v="Løjtegårdsvej"/>
    <tag k="name:etymology:wikidata" v="Q127153408"/>
    <tag k="sidewalk" v="both"/>
    <tag k="source:maxspeed" v="DK:urban"/>
    <tag k="surface" v="asphalt"/>
    <tag k="wikidata" v="Q122936777"/>
  </way>
  <way id="909173077">
    <nd ref="8441631643"/>
    <nd ref="8441631651"/>
    <nd ref="8441631658"/>
    <nd ref="8441631648"/>
    <tag k="cycleway:right" v="separate"/>
    <tag k="highway" v="secondary"/>
    <tag k="lanes" v="3"/>
    <tag k="lit" v="yes"/>
    <tag k="maxspeed" v="60"/>
    <tag k="name" v="Englandsvej"/>
    <tag k="name:etymology:wikidata" v="Q21"/>
    <tag k="oneway" v="yes"/>
    <tag k="ref" v="221"/>
    <tag k="shoulder" v="no"/>
    <tag k="sidewalk:right" v="separate"/>
    <tag k="source:maxspeed" v="sign"/>
    <tag k="surface" v="asphalt"/>
    <tag k="turn:lanes" v="left|none|right"/>
    <tag k="wikidata" v="Q12310148"/>
  </way>
  <way id="909173078">
    <nd ref="8441631645"/>
    <nd ref="8441631659"/>
    <nd ref="8441631644"/>
    <nd ref="8441631643"/>
    <tag k="cycleway:right" v="separate"/>
    <tag k="highway" v="secondary"/>
    <tag k="lane_markings" v="no"/>
    <tag k="lanes" v="1"/>
    <tag k="lit" v="yes"/>
    <tag k="maxspeed" v="60"/>
    <tag k="name" v="Englandsvej"/>
    <tag k="name:etymology:wikidata" v="Q21"/>
    <tag k="oneway" v="yes"/>
    <tag k="ref" v="221"/>
    <tag k="sidewalk:right" v="separate"/>
    <tag k="source:maxspeed" v="sign"/>
    <tag k="surface" v="asphalt"/>
    <tag k="wikidata" v="Q12310148"/>
  </way>
  <way id="909173079">
    <nd ref="397049265"/>
    <nd ref="8441631649"/>
    <tag k="cycleway:right" v="separate"/>
    <tag k="highway" v="secondary"/>
    <tag k="lane_markings" v="no"/>
    <tag k="lanes" v="1"/>
    <tag k="lit" v="yes"/>
    <tag k="maxspeed" v="60"/>
    <tag k="name" v="Englandsvej"/>
    <tag k="name:etymology:wikidata" v="Q21"/>
    <tag k="oneway" v="yes"/>
    <tag k="ref" v="221"/>
    <tag k="sidewalk:right" v="separate"/>
    <tag k="source:maxspeed" v="sign"/>
    <tag k="surface" v="asphalt"/>
    <tag k="wikidata" v="Q12310148"/>
  </way>
  <way id="909173080">
    <nd ref="8441631655"/>
    <nd ref="8441631654"/>
    <nd ref="8441631656"/>
    <nd ref="13372993723"/>
    <nd ref="8441631648"/>
    <tag k="cycleway" v="track"/>
    <tag k="highway" v="tertiary"/>
    <tag k="horse" v="yes"/>
    <tag k="lanes" v="3"/>
    <tag k="lanes:backward" v="1"/>
    <tag k="lanes:forward" v="2"/>
    <tag k="lit" v="yes"/>
    <tag k="maxspeed" v="60"/>
    <tag k="name" v="Ugandavej"/>
    <tag k="name:etymology" v="Uganda"/>
    <tag k="name:etymology:wikidata" v="Q1036"/>
    <tag k="name:etymology:wikipedia" v="da:Uganda"/>
    <tag k="sidewalk" v="left"/>
    <tag k="source:maxspeed" v="sign"/>
    <tag k="surface" v="asphalt"/>
  </way>
  <way id="909173081">
    <nd ref="5659679848"/>
    <nd ref="16965554"/>
    <tag k="cycleway" v="track"/>
    <tag k="highway" v="tertiary"/>
    <tag k="lane_markings" v="no"/>
    <tag k="lit" v="yes"/>
    <tag k="maxspeed" v="50"/>
    <tag k="name" v="Kirstinehøj"/>
    <tag k="name:etymology:wikidata" v="Q127161159"/>
    <tag k="sidewalk" v="left"/>
    <tag k="source:maxspeed" v="DK:urban"/>
    <tag k="surface" v="asphalt"/>
  </way>
  <way id="909173082">
    <nd ref="8441631648"/>
    <nd ref="8441631645"/>
    <tag k="cycleway" v="track"/>
    <tag k="highway" v="tertiary"/>
    <tag k="lanes" v="2"/>
    <tag k="lanes:backward" v="1"/>
    <tag k="lanes:forward" v="1"/>
    <tag k="lit" v="yes"/>
    <tag k="maxspeed" v="50"/>
    <tag k="name" v="Kirstinehøj"/>
    <tag k="name:etymology:wikidata" v="Q127161159"/>
    <tag k="sidewalk" v="left"/>
    <tag k="source:maxspeed" v="DK:urban"/>
    <tag k="surface" v="asphalt"/>
  </way>
  <way id="909173087">
    <nd ref="8441650225"/>
    <nd ref="8441650230"/>
    <nd ref="6753632168"/>
    <tag k="bicycle" v="no"/>
    <tag k="highway" v="tertiary"/>
    <tag k="lanes" v="2"/>
    <tag k="lit" v="yes"/>
    <tag k="maxspeed" v="50"/>
    <tag k="name" v="Kystvejen"/>
    <tag k="oneway" v="yes"/>
    <tag k="source:maxspeed" v="DK:rural"/>
    <tag k="surface" v="asphalt"/>
  </way>
  <way id="909173088">
    <nd ref="7229972"/>
    <nd ref="8441650232"/>
    <nd ref="8441650226"/>
    <nd ref="8441650235"/>
    <nd ref="9225393349"/>
    <nd ref="8441650238"/>
    <tag k="bicycle" v="no"/>
    <tag k="highway" v="tertiary"/>
    <tag k="lit" v="yes"/>
    <tag k="maxspeed" v="50"/>
    <tag k="name" v="Kystvejen"/>
    <tag k="oneway" v="yes"/>
    <tag k="sidewalk" v="no"/>
    <tag k="source:maxspeed" v="DK:rural"/>
    <tag k="surface" v="asphalt"/>
  </way>
  <way id="909173089">
    <nd ref="8441650238"/>
    <nd ref="8441650227"/>
    <nd ref="8441650242"/>
    <nd ref="8441650246"/>
    <nd ref="8441650228"/>
    <nd ref="8441650229"/>
    <nd ref="8441650225"/>
    <tag k="bicycle" v="no"/>
    <tag k="highway" v="tertiary"/>
    <tag k="lanes" v="1"/>
    <tag k="lit" v="yes"/>
    <tag k="maxspeed" v="50"/>
    <tag k="name" v="Kystvejen"/>
    <tag k="oneway" v="yes"/>
    <tag k="source:maxspeed" v="DK:rural"/>
    <tag k="surface" v="asphalt"/>
  </way>
  <way id="909173090">
    <nd ref="1069961232"/>
    <nd ref="7229977"/>
    <nd ref="7025780531"/>
    <nd ref="7229976"/>
    <nd ref="7229975"/>
    <nd ref="1412607326"/>
    <nd ref="7229974"/>
    <nd ref="7229973"/>
    <nd ref="7229972"/>
    <tag k="bicycle" v="no"/>
    <tag k="highway" v="tertiary"/>
    <tag k="junction" v="roundabout"/>
    <tag k="lanes" v="2"/>
    <tag k="lit" v="yes"/>
    <tag k="maxspeed" v="50"/>
    <tag k="noname" v="yes"/>
    <tag k="shoulder" v="no"/>
    <tag k="smoothness" v="excellent"/>
    <tag k="source:maxspeed" v="DK:rural"/>
    <tag k="surface" v="asphalt"/>
  </way>
  <way id="909173091">
    <nd ref="7229972"/>
    <nd ref="8441650231"/>
    <nd ref="7229969"/>
    <tag k="bicycle" v="no"/>
    <tag k="cycleway:right" v="no"/>
    <tag k="highway" v="tertiary"/>
    <tag k="junction" v="roundabout"/>
    <tag k="lanes" v="1"/>
    <tag k="lit" v="yes"/>
    <tag k="maxspeed" v="50"/>
    <tag k="noname" v="yes"/>
    <tag k="shoulder" v="no"/>
    <tag k="sidewalk" v="no"/>
    <tag k="smoothness" v="excellent"/>
    <tag k="source:maxspeed" v="DK:rural"/>
    <tag k="surface" v="asphalt"/>
  </way>
  <way id="935125118">
    <nd ref="7229969"/>
    <nd ref="2411776994"/>
    <nd ref="7025780535"/>
    <nd ref="7229967"/>
    <nd ref="1069961255"/>
    <tag k="bicycle" v="use_sidepath"/>
    <tag k="highway" v="tertiary"/>
    <tag k="junction" v="roundabout"/>
    <tag k="lanes" v="2"/>
    <tag k="lit" v="yes"/>
    <tag k="maxspeed" v="50"/>
    <tag k="noname" v="yes"/>
    <tag k="shoulder" v="no"/>
    <tag k="smoothness" v="excellent"/>
    <tag k="source:maxspeed" v="DK:rural"/>
    <tag k="surface" v="asphalt"/>
  </way>
  <way id="935125119">
    <nd ref="1069961255"/>
    <nd ref="335721080"/>
    <nd ref="7025780534"/>
    <nd ref="1069961145"/>
    <tag k="bicycle" v="no"/>
    <tag k="cycleway:right" v="no"/>
    <tag k="highway" v="tertiary"/>
    <tag k="junction" v="roundabout"/>
    <tag k="lanes" v="2"/>
    <tag k="lit" v="yes"/>
    <tag k="maxspeed" v="50"/>
    <tag k="noname" v="yes"/>
    <tag k="shoulder" v="no"/>
    <tag k="sidewalk" v="no"/>
    <tag k="smoothness" v="excellent"/>
    <tag k="source:maxspeed" v="DK:rural"/>
    <tag k="surface" v="asphalt"/>
  </way>
  <way id="938839523">
    <nd ref="3220080992"/>
    <nd ref="4888485832"/>
    <tag k="cycleway" v="track"/>
    <tag k="highway" v="tertiary"/>
    <tag k="lanes" v="2"/>
    <tag k="lit" v="yes"/>
    <tag k="maxspeed" v="60"/>
    <tag k="name" v="Amager Landevej"/>
    <tag k="name:etymology:wikidata" v="Q210396"/>
    <tag k="sidewalk" v="both"/>
    <tag k="surface" v="asphalt"/>
    <tag k="wikidata" v="Q122975730"/>
  </way>
  <way id="999278306">
    <nd ref="7655994"/>
    <nd ref="7229979"/>
    <nd ref="7229978"/>
    <nd ref="1069961232"/>
    <tag k="bicycle" v="no"/>
    <tag k="cycleway:right" v="no"/>
    <tag k="highway" v="tertiary"/>
    <tag k="junction" v="roundabout"/>
    <tag k="lanes" v="2"/>
    <tag k="lit" v="yes"/>
    <tag k="maxspeed" v="50"/>
    <tag k="noname" v="yes"/>
    <tag k="shoulder" v="no"/>
    <tag k="sidewalk" v="no"/>
    <tag k="smoothness" v="excellent"/>
    <tag k="source:maxspeed" v="DK:rural"/>
    <tag k="surface" v="asphalt"/>
  </way>
  <way id="1014437620">
    <nd ref="9359131379"/>
    <nd ref="11883583136"/>
    <nd ref="4805885707"/>
    <tag k="bicycle" v="no"/>
    <tag k="highway" v="tertiary"/>
    <tag k="lanes" v="2"/>
    <tag k="lit" v="yes"/>
    <tag k="maxspeed" v="80"/>
    <tag k="name" v="Lufthavnsboulevarden"/>
    <tag k="name:etymology:wikidata" v="Q206277"/>
    <tag k="smoothness" v="good"/>
    <tag k="source:maxspeed" v="DK:rural"/>
    <tag k="surface" v="asphalt"/>
  </way>
  <way id="1073760170">
    <nd ref="7848555"/>
    <nd ref="13570199886"/>
    <nd ref="1242099808"/>
    <nd ref="4706323411"/>
    <nd ref="1242099794"/>
    <nd ref="18164013"/>
    <nd ref="275044452"/>
    <nd ref="5480712675"/>
    <nd ref="17424762"/>
    <nd ref="4706323410"/>
    <nd ref="8881373"/>
    <nd ref="1369055585"/>
    <nd ref="4706323409"/>
    <nd ref="411802614"/>
    <tag k="highway" v="tertiary"/>
    <tag k="lanes" v="2"/>
    <tag k="lit" v="yes"/>
    <tag k="maxspeed" v="50"/>
    <tag k="maxspeed:advisory" v="40"/>
    <tag k="name" v="Irlandsvej"/>
    <tag k="name:etymology:wikidata" v="Q27"/>
    <tag k="sidewalk" v="both"/>
    <tag k="source:maxspeed" v="DK:urban"/>
    <tag k="surface" v="asphalt"/>
  </way>
  <way id="1090821358">
    <nd ref="281692941"/>
    <nd ref="5091056454"/>
    <tag k="cycleway:right" v="separate"/>
    <tag k="highway" v="secondary"/>
    <tag k="lanes" v="1"/>
    <tag k="lit" v="yes"/>
    <tag k="maxspeed" v="50"/>
    <tag k="name" v="Englandsvej"/>
    <tag k="name:etymology:wikidata" v="Q21"/>
    <tag k="oneway" v="yes"/>
    <tag k="ref" v="221"/>
    <tag k="sidewalk:right" v="separate"/>
    <tag k="source:maxspeed" v="DK:urban"/>
    <tag k="surface" v="asphalt"/>
    <tag k="wikidata" v="Q12310148"/>
  </way>
  <way id="1090821360">
    <nd ref="3712335502"/>
    <nd ref="7484913"/>
    <tag k="bicycle" v="use_sidepath"/>
    <tag k="cycleway" v="separate"/>
    <tag k="highway" v="secondary"/>
    <tag k="lanes" v="2"/>
    <tag k="lit" v="yes"/>
    <tag k="maxspeed" v="50"/>
    <tag k="name" v="Englandsvej"/>
    <tag k="name:etymology:wikidata" v="Q21"/>
    <tag k="ref" v="221"/>
    <tag k="sidewalk" v="both"/>
    <tag k="source:maxspeed" v="DK:urban"/>
    <tag k="surface" v="asphalt"/>
    <tag k="wikidata" v="Q12310148"/>
  </way>
  <way id="1090821361">
    <nd ref="3712335496"/>
    <nd ref="3712335502"/>
    <tag k="bicycle" v="use_sidepath"/>
    <tag k="cycleway" v="separate"/>
    <tag k="highway" v="secondary"/>
    <tag k="lanes" v="2"/>
    <tag k="lit" v="yes"/>
    <tag k="maxspeed" v="50"/>
    <tag k="name" v="Englandsvej"/>
    <tag k="name:etymology:wikidata" v="Q21"/>
    <tag k="ref" v="221"/>
    <tag k="sidewalk" v="both"/>
    <tag k="source:maxspeed" v="DK:urban"/>
    <tag k="surface" v="asphalt"/>
    <tag k="wikidata" v="Q12310148"/>
  </way>
  <way id="1090821362">
    <nd ref="7484911"/>
    <nd ref="5938498117"/>
    <tag k="bicycle" v="use_sidepath"/>
    <tag k="cycleway" v="separate"/>
    <tag k="highway" v="secondary"/>
    <tag k="lanes" v="2"/>
    <tag k="lit" v="yes"/>
    <tag k="maxspeed" v="50"/>
    <tag k="name" v="Englandsvej"/>
    <tag k="name:etymology:wikidata" v="Q21"/>
    <tag k="oneway" v="yes"/>
    <tag k="ref" v="221"/>
    <tag k="sidewalk" v="both"/>
    <tag k="source:maxspeed" v="DK:urban"/>
    <tag k="surface" v="asphalt"/>
    <tag k="wikidata" v="Q12310148"/>
  </way>
  <way id="1090821363">
    <nd ref="281661614"/>
    <nd ref="7484911"/>
    <tag k="bicycle" v="use_sidepath"/>
    <tag k="cycleway:right" v="separate"/>
    <tag k="highway" v="secondary"/>
    <tag k="lanes" v="2"/>
    <tag k="lit" v="yes"/>
    <tag k="maxspeed" v="50"/>
    <tag k="name" v="Englandsvej"/>
    <tag k="name:etymology:wikidata" v="Q21"/>
    <tag k="oneway" v="yes"/>
    <tag k="ref" v="221"/>
    <tag k="sidewalk:right" v="separate"/>
    <tag k="source:maxspeed" v="DK:urban"/>
    <tag k="surface" v="asphalt"/>
    <tag k="wikidata" v="Q12310148"/>
  </way>
  <way id="1090821364">
    <nd ref="1570026026"/>
    <nd ref="13952216535"/>
    <nd ref="7484909"/>
    <tag k="cycleway:right" v="separate"/>
    <tag k="highway" v="secondary"/>
    <tag k="lanes" v="2"/>
    <tag k="lit" v="yes"/>
    <tag k="maxspeed" v="50"/>
    <tag k="name" v="Englandsvej"/>
    <tag k="name:etymology:wikidata" v="Q21"/>
    <tag k="oneway" v="yes"/>
    <tag k="ref" v="221"/>
    <tag k="sidewalk:right" v="separate"/>
    <tag k="source:maxspeed" v="DK:urban"/>
    <tag k="surface" v="asphalt"/>
    <tag k="wikidata" v="Q12310148"/>
  </way>
  <way id="1090821365">
    <nd ref="13372992883"/>
    <nd ref="6703244449"/>
    <nd ref="1570026026"/>
    <tag k="cycleway:right" v="separate"/>
    <tag k="highway" v="secondary"/>
    <tag k="lanes" v="2"/>
    <tag k="lit" v="yes"/>
    <tag k="maxspeed" v="50"/>
    <tag k="name" v="Englandsvej"/>
    <tag k="name:etymology:wikidata" v="Q21"/>
    <tag k="oneway" v="yes"/>
    <tag k="ref" v="221"/>
    <tag k="sidewalk:right" v="separate"/>
    <tag k="source:maxspeed" v="DK:urban"/>
    <tag k="surface" v="asphalt"/>
    <tag k="wikidata" v="Q12310148"/>
  </way>
  <way id="1090821366">
    <nd ref="4046652990"/>
    <nd ref="281661614"/>
    <tag k="cycleway:right" v="separate"/>
    <tag k="highway" v="secondary"/>
    <tag k="lanes" v="2"/>
    <tag k="lit" v="yes"/>
    <tag k="maxspeed" v="50"/>
    <tag k="name" v="Englandsvej"/>
    <tag k="name:etymology:wikidata" v="Q21"/>
    <tag k="oneway" v="yes"/>
    <tag k="ref" v="221"/>
    <tag k="sidewalk:right" v="separate"/>
    <tag k="source:maxspeed" v="DK:urban"/>
    <tag k="surface" v="asphalt"/>
    <tag k="wikidata" v="Q12310148"/>
  </way>
  <way id="1103322435">
    <nd ref="8880630"/>
    <nd ref="2935900547"/>
    <tag k="bicycle" v="no"/>
    <tag k="highway" v="tertiary"/>
    <tag k="lanes" v="2"/>
    <tag k="lit" v="yes"/>
    <tag k="maxspeed" v="80"/>
    <tag k="name" v="Ellehammersvej"/>
    <tag k="name:etymology:wikidata" v="Q286016"/>
    <tag k="oneway" v="yes"/>
    <tag k="sidewalk:left" v="no"/>
    <tag k="sidewalk:right" v="separate"/>
    <tag k="smoothness" v="excellent"/>
    <tag k="source:maxspeed" v="DK:rural"/>
    <tag k="surface" v="asphalt"/>
  </way>
  <way id="1114964125">
    <nd ref="8441631664"/>
    <nd ref="7484914"/>
    <tag k="highway" v="secondary"/>
    <tag k="lanes" v="3"/>
    <tag k="lit" v="yes"/>
    <tag k="maxspeed" v="50"/>
    <tag k="name" v="Englandsvej"/>
    <tag k="name:etymology:wikidata" v="Q21"/>
    <tag k="oneway" v="yes"/>
    <tag k="ref" v="221"/>
    <tag k="source:maxspeed" v="DK:urban"/>
    <tag k="surface" v="asphalt"/>
    <tag k="turn:lanes" v="through|through|right"/>
    <tag k="wikidata" v="Q12310148"/>
  </way>
  <way id="1114964341">
    <nd ref="7484914"/>
    <nd ref="2066198435"/>
    <tag k="bicycle" v="use_sidepath"/>
    <tag k="cycleway:right" v="separate"/>
    <tag k="highway" v="secondary"/>
    <tag k="lanes" v="2"/>
    <tag k="lit" v="yes"/>
    <tag k="maxspeed" v="50"/>
    <tag k="name" v="Englandsvej"/>
    <tag k="name:etymology:wikidata" v="Q21"/>
    <tag k="oneway" v="yes"/>
    <tag k="ref" v="221"/>
    <tag k="source:maxspeed" v="DK:urban"/>
    <tag k="surface" v="asphalt"/>
    <tag k="wikidata" v="Q12310148"/>
  </way>
  <way id="1124000942">
    <nd ref="5484472756"/>
    <nd ref="7737295"/>
    <nd ref="3379590072"/>
    <nd ref="2814798870"/>
    <nd ref="25261770"/>
    <nd ref="4663863907"/>
    <nd ref="1066719902"/>
    <nd ref="4663863709"/>
    <nd ref="7235675"/>
    <tag k="bicycle" v="yes"/>
    <tag k="cycleway" v="track"/>
    <tag k="foot" v="yes"/>
    <tag k="highway" v="tertiary"/>
    <tag k="lanes" v="2"/>
    <tag k="lit" v="yes"/>
    <tag k="maxspeed" v="50"/>
    <tag k="name" v="Tårnbyvej"/>
    <tag k="name:etymology:wikidata" v="Q28173"/>
    <tag k="sidewalk" v="both"/>
    <tag k="smoothness" v="good"/>
    <tag k="source:maxspeed" v="DK:urban"/>
    <tag k="surface" v="asphalt"/>
  </way>
  <way id="1126988523">
    <nd ref="2066198437"/>
    <nd ref="2066198425"/>
    <tag k="bicycle" v="use_sidepath"/>
    <tag k="cycleway:right" v="separate"/>
    <tag k="highway" v="secondary"/>
    <tag k="lane_markings" v="no"/>
    <tag k="lit" v="yes"/>
    <tag k="maxspeed" v="50"/>
    <tag k="name" v="Englandsvej"/>
    <tag k="name:etymology:wikidata" v="Q21"/>
    <tag k="oneway" v="yes"/>
    <tag k="ref" v="221"/>
    <tag k="source:maxspeed" v="DK:urban"/>
    <tag k="surface" v="asphalt"/>
    <tag k="wikidata" v="Q12310148"/>
  </way>
  <way id="1126988524">
    <nd ref="2066198426"/>
    <nd ref="13438519149"/>
    <nd ref="8441631664"/>
    <tag k="bicycle" v="use_sidepath"/>
    <tag k="cycleway:right" v="separate"/>
    <tag k="highway" v="secondary"/>
    <tag k="lanes" v="3"/>
    <tag k="lit" v="yes"/>
    <tag k="maxspeed" v="50"/>
    <tag k="name" v="Englandsvej"/>
    <tag k="name:etymology:wikidata" v="Q21"/>
    <tag k="oneway" v="yes"/>
    <tag k="ref" v="221"/>
    <tag k="source:maxspeed" v="DK:urban"/>
    <tag k="surface" v="asphalt"/>
    <tag k="turn:lanes" v="through|through|right"/>
    <tag k="wikidata" v="Q12310148"/>
  </way>
  <way id="1126988526">
    <nd ref="2066198423"/>
    <nd ref="2066198426"/>
    <tag k="bicycle" v="use_sidepath"/>
    <tag k="cycleway:right" v="separate"/>
    <tag k="highway" v="secondary"/>
    <tag k="lanes" v="2"/>
    <tag k="lit" v="yes"/>
    <tag k="maxspeed" v="50"/>
    <tag k="name" v="Englandsvej"/>
    <tag k="name:etymology:wikidata" v="Q21"/>
    <tag k="oneway" v="yes"/>
    <tag k="ref" v="221"/>
    <tag k="source:maxspeed" v="DK:urban"/>
    <tag k="surface" v="asphalt"/>
    <tag k="turn:lanes" v="left|through;right"/>
    <tag k="wikidata" v="Q12310148"/>
  </way>
  <way id="1126988527">
    <nd ref="2066198421"/>
    <nd ref="3712247378"/>
    <nd ref="3712247366"/>
    <nd ref="2066198411"/>
    <nd ref="7484913"/>
    <tag k="bicycle" v="use_sidepath"/>
    <tag k="cycleway:right" v="separate"/>
    <tag k="highway" v="secondary"/>
    <tag k="lane_markings" v="no"/>
    <tag k="lit" v="yes"/>
    <tag k="maxspeed" v="50"/>
    <tag k="name" v="Englandsvej"/>
    <tag k="name:etymology:wikidata" v="Q21"/>
    <tag k="oneway" v="yes"/>
    <tag k="ref" v="221"/>
    <tag k="source:maxspeed" v="DK:urban"/>
    <tag k="surface" v="asphalt"/>
    <tag k="wikidata" v="Q12310148"/>
  </way>
  <way id="1133932212">
    <nd ref="9045412829"/>
    <nd ref="2813210005"/>
    <nd ref="4662964504"/>
    <tag k="bicycle" v="yes"/>
    <tag k="cycleway" v="track"/>
    <tag k="foot" v="yes"/>
    <tag k="highway" v="tertiary"/>
    <tag k="lanes" v="2"/>
    <tag k="lit" v="yes"/>
    <tag k="maxspeed" v="50"/>
    <tag k="name" v="Amager Landevej"/>
    <tag k="name:etymology:wikidata" v="Q210396"/>
    <tag k="shoulder" v="both"/>
    <tag k="sidewalk" v="both"/>
    <tag k="source:maxspeed" v="DK:urban"/>
    <tag k="surface" v="asphalt"/>
    <tag k="wikidata" v="Q122975730"/>
  </way>
  <way id="1133934121">
    <nd ref="3379589686"/>
    <nd ref="7484896"/>
    <tag k="bicycle" v="yes"/>
    <tag k="cycleway" v="track"/>
    <tag k="foot" v="yes"/>
    <tag k="highway" v="tertiary"/>
    <tag k="lanes" v="4"/>
    <tag k="lanes:backward" v="2"/>
    <tag k="lanes:forward" v="2"/>
    <tag k="lit" v="yes"/>
    <tag k="maxspeed" v="50"/>
    <tag k="name" v="Amager Landevej"/>
    <tag k="name:etymology:wikidata" v="Q210396"/>
    <tag k="sidewalk" v="both"/>
    <tag k="source:maxspeed" v="DK:urban"/>
    <tag k="surface" v="asphalt"/>
    <tag k="turn:lanes:backward" v="left|through"/>
    <tag k="wikidata" v="Q122975730"/>
  </way>
  <way id="1227040352">
    <nd ref="447778055"/>
    <nd ref="4805885692"/>
    <nd ref="13571023835"/>
    <nd ref="11782406140"/>
    <nd ref="11378556083"/>
    <tag k="bicycle" v="use_sidepath"/>
    <tag k="highway" v="tertiary"/>
    <tag k="lane_markings" v="no"/>
    <tag k="lanes" v="1"/>
    <tag k="lit" v="yes"/>
    <tag k="maxspeed" v="80"/>
    <tag k="name" v="Lufthavnsboulevarden"/>
    <tag k="name:etymology:wikidata" v="Q206277"/>
    <tag k="oneway" v="yes"/>
    <tag k="smoothness" v="good"/>
    <tag k="source:maxspeed" v="DK:rural"/>
    <tag k="surface" v="asphalt"/>
  </way>
  <way id="1227040353">
    <nd ref="8079479"/>
    <nd ref="3224531925"/>
    <nd ref="582302156"/>
    <nd ref="447775080"/>
    <nd ref="2421592275"/>
    <tag k="bicycle" v="no"/>
    <tag k="highway" v="tertiary"/>
    <tag k="junction" v="roundabout"/>
    <tag k="lanes" v="2"/>
    <tag k="lit" v="yes"/>
    <tag k="maxspeed" v="80"/>
    <tag k="noname" v="yes"/>
    <tag k="sidewalk:left" v="no"/>
    <tag k="sidewalk:right" v="separate"/>
    <tag k="smoothness" v="good"/>
    <tag k="source:maxspeed" v="DK:rural"/>
    <tag k="surface" v="asphalt"/>
  </way>
  <way id="1227040354">
    <nd ref="4332178940"/>
    <nd ref="4672227760"/>
    <nd ref="4694442443"/>
    <nd ref="8079646"/>
    <nd ref="1069984712"/>
    <nd ref="345522197"/>
    <nd ref="8079647"/>
    <nd ref="8079648"/>
    <tag k="bicycle" v="no"/>
    <tag k="highway" v="tertiary"/>
    <tag k="lanes" v="2"/>
    <tag k="lit" v="yes"/>
    <tag k="maxspeed" v="60"/>
    <tag k="name" v="Kystvejen"/>
    <tag k="source:maxspeed" v="DK:rural"/>
    <tag k="surface" v="asphalt"/>
  </way>
  <way id="1227040357">
    <nd ref="8079648"/>
    <nd ref="1069984757"/>
    <nd ref="1069984737"/>
    <nd ref="8079649"/>
    <nd ref="1069984684"/>
    <nd ref="1069984667"/>
    <nd ref="1069984717"/>
    <nd ref="8079654"/>
    <nd ref="1069984752"/>
    <nd ref="8079650"/>
    <nd ref="1069984676"/>
    <nd ref="8079651"/>
    <nd ref="1069984682"/>
    <nd ref="1069984686"/>
    <nd ref="8079652"/>
    <tag k="bicycle" v="no"/>
    <tag k="highway" v="tertiary"/>
    <tag k="lanes" v="2"/>
    <tag k="lit" v="yes"/>
    <tag k="maxspeed" v="60"/>
    <tag k="name" v="Kystvejen"/>
    <tag k="source:maxspeed" v="sign"/>
    <tag k="surface" v="asphalt"/>
  </way>
  <way id="1227040361">
    <nd ref="11378556085"/>
    <nd ref="4805885704"/>
    <tag k="bicycle" v="use_sidepath"/>
    <tag k="cycleway:right" v="no"/>
    <tag k="highway" v="tertiary"/>
    <tag k="lane_markings" v="no"/>
    <tag k="lit" v="yes"/>
    <tag k="maxspeed" v="80"/>
    <tag k="name" v="Lufthavnsboulevarden"/>
    <tag k="name:etymology:wikidata" v="Q206277"/>
    <tag k="oneway" v="yes"/>
    <tag k="smoothness" v="good"/>
    <tag k="source:maxspeed" v="DK:rural"/>
    <tag k="surface" v="asphalt"/>
  </way>
  <way id="1227173011">
    <nd ref="6753632168"/>
    <nd ref="8441650244"/>
    <nd ref="8441650241"/>
    <nd ref="31240094"/>
    <nd ref="1069977275"/>
    <nd ref="8441650240"/>
    <tag k="bicycle" v="no"/>
    <tag k="highway" v="tertiary"/>
    <tag k="lanes" v="2"/>
    <tag k="lit" v="yes"/>
    <tag k="maxspeed" v="50"/>
    <tag k="name" v="Kystvejen"/>
    <tag k="oneway" v="yes"/>
    <tag k="source:maxspeed" v="DK:rural"/>
    <tag k="surface" v="asphalt"/>
  </way>
  <way id="1241896663">
    <nd ref="2066198515"/>
    <nd ref="2066198513"/>
    <nd ref="14054847499"/>
    <nd ref="8441631678"/>
    <tag k="bicycle" v="use_sidepath"/>
    <tag k="cycleway:right" v="separate"/>
    <tag k="highway" v="tertiary"/>
    <tag k="lanes" v="2"/>
    <tag k="lit" v="yes"/>
    <tag k="maxspeed" v="50"/>
    <tag k="name" v="Englandsvej"/>
    <tag k="name:etymology:wikidata" v="Q21"/>
    <tag k="oneway" v="yes"/>
    <tag k="smoothness" v="excellent"/>
    <tag k="source:maxspeed" v="DK:urban"/>
    <tag k="surface" v="asphalt"/>
    <tag k="wikidata" v="Q12310148"/>
  </way>
  <way id="1268591590">
    <nd ref="2945875541"/>
    <nd ref="11782433182"/>
    <tag k="bicycle" v="no"/>
    <tag k="highway" v="tertiary"/>
    <tag k="lanes" v="2"/>
    <tag k="lit" v="yes"/>
    <tag k="maxspeed" v="80"/>
    <tag k="name" v="Lufthavnsboulevarden"/>
    <tag k="name:etymology:wikidata" v="Q206277"/>
    <tag k="oneway" v="yes"/>
    <tag k="placement" v="middle_of:1"/>
    <tag k="smoothness" v="good"/>
    <tag k="source:maxspeed" v="DK:rural"/>
    <tag k="surface" v="asphalt"/>
    <tag k="turn:lanes" v="through|right"/>
  </way>
  <way id="1268591593">
    <nd ref="11782433184"/>
    <nd ref="1216480103"/>
    <nd ref="11782406163"/>
    <nd ref="1216480125"/>
    <nd ref="4805885707"/>
    <tag k="bicycle" v="no"/>
    <tag k="highway" v="tertiary"/>
    <tag k="lanes" v="1"/>
    <tag k="lit" v="yes"/>
    <tag k="maxspeed" v="80"/>
    <tag k="name" v="Lufthavnsboulevarden"/>
    <tag k="name:etymology:wikidata" v="Q206277"/>
    <tag k="oneway" v="yes"/>
    <tag k="smoothness" v="good"/>
    <tag k="source:maxspeed" v="DK:rural"/>
    <tag k="surface" v="asphalt"/>
  </way>
  <way id="1268591594">
    <nd ref="11782433183"/>
    <nd ref="11782433184"/>
    <tag k="bicycle" v="no"/>
    <tag k="highway" v="tertiary"/>
    <tag k="lanes" v="2"/>
    <tag k="lit" v="yes"/>
    <tag k="maxspeed" v="80"/>
    <tag k="name" v="Lufthavnsboulevarden"/>
    <tag k="name:etymology:wikidata" v="Q206277"/>
    <tag k="oneway" v="yes"/>
    <tag k="placement" v="middle_of:2"/>
    <tag k="smoothness" v="good"/>
    <tag k="source:maxspeed" v="DK:rural"/>
    <tag k="surface" v="asphalt"/>
    <tag k="turn:lanes" v="left|through"/>
  </way>
  <way id="1268591596">
    <nd ref="11782433182"/>
    <nd ref="6952502096"/>
    <nd ref="4805885699"/>
    <tag k="bicycle" v="no"/>
    <tag k="highway" v="tertiary"/>
    <tag k="lanes" v="1"/>
    <tag k="lit" v="yes"/>
    <tag k="maxspeed" v="80"/>
    <tag k="name" v="Lufthavnsboulevarden"/>
    <tag k="name:etymology:wikidata" v="Q206277"/>
    <tag k="oneway" v="yes"/>
    <tag k="smoothness" v="good"/>
    <tag k="source:maxspeed" v="DK:rural"/>
    <tag k="surface" v="asphalt"/>
  </way>
  <way id="1280174226">
    <nd ref="11883632492"/>
    <nd ref="11883632491"/>
    <nd ref="7877804352"/>
    <tag k="bicycle" v="no"/>
    <tag k="foot" v="no"/>
    <tag k="highway" v="tertiary"/>
    <tag k="lanes" v="1"/>
    <tag k="lit" v="yes"/>
    <tag k="maxspeed" v="80"/>
    <tag k="name" v="Lufthavnsboulevarden"/>
    <tag k="name:etymology:wikidata" v="Q206277"/>
    <tag k="oneway" v="yes"/>
    <tag k="shoulder" v="no"/>
    <tag k="sidewalk" v="no"/>
    <tag k="smoothness" v="good"/>
    <tag k="source:maxspeed" v="DK:rural"/>
    <tag k="surface" v="asphalt"/>
  </way>
  <way id="1280174228">
    <nd ref="11883632493"/>
    <nd ref="11782406167"/>
    <nd ref="10673538304"/>
    <tag k="bicycle" v="use_sidepath"/>
    <tag k="highway" v="tertiary"/>
    <tag k="lane_markings" v="no"/>
    <tag k="lanes" v="2"/>
    <tag k="lit" v="yes"/>
    <tag k="maxspeed" v="80"/>
    <tag k="name" v="Lufthavnsboulevarden"/>
    <tag k="name:etymology:wikidata" v="Q206277"/>
    <tag k="oneway" v="yes"/>
    <tag k="placement" v="middle_of:2"/>
    <tag k="smoothness" v="good"/>
    <tag k="source:maxspeed" v="DK:rural"/>
    <tag k="surface" v="asphalt"/>
    <tag k="turn:lanes" v="left|through"/>
  </way>
  <way id="1280174229">
    <nd ref="11378556083"/>
    <nd ref="7877804363"/>
    <nd ref="7877804362"/>
    <nd ref="7877804343"/>
    <nd ref="11883632493"/>
    <tag k="bicycle" v="use_sidepath"/>
    <tag k="highway" v="tertiary"/>
    <tag k="lane_markings" v="no"/>
    <tag k="lanes" v="1"/>
    <tag k="lit" v="yes"/>
    <tag k="maxspeed" v="80"/>
    <tag k="name" v="Lufthavnsboulevarden"/>
    <tag k="name:etymology:wikidata" v="Q206277"/>
    <tag k="oneway" v="yes"/>
    <tag k="smoothness" v="good"/>
    <tag k="source:maxspeed" v="DK:rural"/>
    <tag k="surface" v="asphalt"/>
  </way>
  <way id="1280174230">
    <nd ref="7877804352"/>
    <nd ref="7877804351"/>
    <nd ref="7877804350"/>
    <nd ref="7877804349"/>
    <nd ref="7877804348"/>
    <nd ref="11782406168"/>
    <tag k="bicycle" v="no"/>
    <tag k="foot" v="no"/>
    <tag k="highway" v="tertiary"/>
    <tag k="lanes" v="2"/>
    <tag k="lit" v="yes"/>
    <tag k="maxspeed" v="80"/>
    <tag k="name" v="Lufthavnsboulevarden"/>
    <tag k="name:etymology:wikidata" v="Q206277"/>
    <tag k="oneway" v="yes"/>
    <tag k="placement" v="middle_of:1"/>
    <tag k="shoulder" v="no"/>
    <tag k="sidewalk" v="no"/>
    <tag k="smoothness" v="good"/>
    <tag k="source:maxspeed" v="DK:rural"/>
    <tag k="surface" v="asphalt"/>
    <tag k="turn:lanes" v="through|right"/>
  </way>
  <way id="1280174231">
    <nd ref="11782406166"/>
    <nd ref="7877804347"/>
    <nd ref="7877804346"/>
    <nd ref="7877804345"/>
    <nd ref="7877804344"/>
    <nd ref="11782406141"/>
    <nd ref="13571023834"/>
    <nd ref="4805885693"/>
    <tag k="bicycle" v="no"/>
    <tag k="highway" v="tertiary"/>
    <tag k="lanes" v="2"/>
    <tag k="lit" v="yes"/>
    <tag k="maxspeed" v="80"/>
    <tag k="name" v="Lufthavnsboulevarden"/>
    <tag k="name:etymology:wikidata" v="Q206277"/>
    <tag k="oneway" v="yes"/>
    <tag k="shoulder" v="no"/>
    <tag k="sidewalk" v="right"/>
    <tag k="smoothness" v="good"/>
    <tag k="source:maxspeed" v="DK:rural"/>
    <tag k="surface" v="asphalt"/>
  </way>
  <way id="1298998031">
    <nd ref="9852000817"/>
    <nd ref="7877804355"/>
    <nd ref="7877804354"/>
    <nd ref="11883632492"/>
    <tag k="bicycle" v="no"/>
    <tag k="foot" v="no"/>
    <tag k="highway" v="tertiary"/>
    <tag k="lanes" v="2"/>
    <tag k="lit" v="yes"/>
    <tag k="maxspeed" v="80"/>
    <tag k="name" v="Lufthavnsboulevarden"/>
    <tag k="name:etymology:wikidata" v="Q206277"/>
    <tag k="oneway" v="yes"/>
    <tag k="placement" v="middle_of:2"/>
    <tag k="shoulder" v="no"/>
    <tag k="sidewalk" v="no"/>
    <tag k="smoothness" v="good"/>
    <tag k="source:maxspeed" v="DK:rural"/>
    <tag k="surface" v="asphalt"/>
    <tag k="turn:lanes" v="left|through"/>
  </way>
  <way id="1298998032">
    <nd ref="447778056"/>
    <nd ref="4805885684"/>
    <tag k="bicycle" v="use_sidepath"/>
    <tag k="highway" v="tertiary"/>
    <tag k="lanes" v="2"/>
    <tag k="lit" v="yes"/>
    <tag k="maxspeed" v="80"/>
    <tag k="name" v="Lufthavnsboulevarden"/>
    <tag k="name:etymology:wikidata" v="Q206277"/>
    <tag k="oneway" v="yes"/>
    <tag k="source:maxspeed" v="DK:rural"/>
    <tag k="surface" v="asphalt"/>
    <tag k="turn:lanes" v="left|through"/>
  </way>
  <way id="1300044274">
    <nd ref="3380301233"/>
    <nd ref="8081495"/>
    <nd ref="253254181"/>
    <nd ref="6952474352"/>
    <tag k="cycleway:right" v="lane"/>
    <tag k="highway" v="tertiary"/>
    <tag k="lanes" v="2"/>
    <tag k="lit" v="yes"/>
    <tag k="maxspeed" v="50"/>
    <tag k="name" v="Vejlands Allé"/>
    <tag k="name:etymology" v="lokalt marknavn; Weylands-agre (1682)"/>
    <tag k="oneway" v="yes"/>
    <tag k="shoulder" v="no"/>
    <tag k="sidewalk" v="right"/>
    <tag k="source:maxspeed" v="DK:urban"/>
    <tag k="surface" v="asphalt"/>
  </way>
  <way id="1301775132">
    <nd ref="11782406168"/>
    <nd ref="11782433175"/>
    <nd ref="12057406120"/>
    <nd ref="10673538303"/>
    <nd ref="11782406166"/>
    <tag k="bicycle" v="no"/>
    <tag k="foot" v="no"/>
    <tag k="highway" v="tertiary"/>
    <tag k="lanes" v="2"/>
    <tag k="lit" v="yes"/>
    <tag k="maxspeed" v="80"/>
    <tag k="name" v="Lufthavnsboulevarden"/>
    <tag k="name:etymology:wikidata" v="Q206277"/>
    <tag k="oneway" v="yes"/>
    <tag k="shoulder" v="no"/>
    <tag k="sidewalk" v="no"/>
    <tag k="smoothness" v="good"/>
    <tag k="source:maxspeed" v="DK:rural"/>
    <tag k="surface" v="asphalt"/>
  </way>
  <way id="1327215265">
    <nd ref="250632587"/>
    <nd ref="2983242425"/>
    <nd ref="250632586"/>
    <nd ref="297587751"/>
    <tag k="bicycle" v="no"/>
    <tag k="highway" v="tertiary"/>
    <tag k="lit" v="yes"/>
    <tag k="maxspeed" v="50"/>
    <tag k="name" v="Bøjlevej"/>
    <tag k="oneway" v="yes"/>
    <tag k="source:maxspeed" v="DK:urban"/>
    <tag k="surface" v="asphalt"/>
  </way>
  <way id="1327215266">
    <nd ref="1619442314"/>
    <nd ref="1619442319"/>
    <nd ref="2983242424"/>
    <nd ref="250632587"/>
    <tag k="bicycle" v="use_sidepath"/>
    <tag k="cycleway:right" v="separate"/>
    <tag k="highway" v="tertiary"/>
    <tag k="lane_markings" v="yes"/>
    <tag k="lanes" v="1"/>
    <tag k="lit" v="yes"/>
    <tag k="maxspeed" v="50"/>
    <tag k="name" v="Bøjlevej"/>
    <tag k="oneway" v="yes"/>
    <tag k="source:maxspeed" v="DK:urban"/>
    <tag k="surface" v="asphalt"/>
  </way>
  <way id="1450932946">
    <nd ref="1305130128"/>
    <nd ref="13306873181"/>
    <nd ref="25276383"/>
    <tag k="cycleway:left" v="no"/>
    <tag k="cycleway:right" v="track"/>
    <tag k="highway" v="tertiary"/>
    <tag k="lane_markings" v="no"/>
    <tag k="lit" v="yes"/>
    <tag k="maxspeed" v="50"/>
    <tag k="name" v="Kastrup Strandpark"/>
    <tag k="source:maxspeed" v="DK:urban"/>
    <tag k="surface" v="asphalt"/>
  </way>
  <way id="1458170065">
    <nd ref="5091056454"/>
    <nd ref="13372992883"/>
    <tag k="cycleway:right" v="separate"/>
    <tag k="highway" v="secondary"/>
    <tag k="lanes" v="1"/>
    <tag k="lit" v="yes"/>
    <tag k="maxspeed" v="50"/>
    <tag k="name" v="Englandsvej"/>
    <tag k="name:etymology:wikidata" v="Q21"/>
    <tag k="oneway" v="yes"/>
    <tag k="ref" v="221"/>
    <tag k="sidewalk:right" v="separate"/>
    <tag k="source:maxspeed" v="DK:urban"/>
    <tag k="surface" v="asphalt"/>
    <tag k="wikidata" v="Q12310148"/>
  </way>
  <way id="1458170066">
    <nd ref="13372992885"/>
    <nd ref="13952216532"/>
    <nd ref="13372992886"/>
    <nd ref="13372992887"/>
    <nd ref="13372992888"/>
    <nd ref="13372992889"/>
    <nd ref="13372992890"/>
    <nd ref="281692941"/>
    <tag k="cycleway:right" v="separate"/>
    <tag k="highway" v="secondary"/>
    <tag k="lanes" v="1"/>
    <tag k="lit" v="yes"/>
    <tag k="maxspeed" v="50"/>
    <tag k="name" v="Englandsvej"/>
    <tag k="name:etymology:wikidata" v="Q21"/>
    <tag k="oneway" v="yes"/>
    <tag k="ref" v="221"/>
    <tag k="sidewalk:right" v="separate"/>
    <tag k="source:maxspeed" v="DK:urban"/>
    <tag k="surface" v="asphalt"/>
    <tag k="wikidata" v="Q12310148"/>
  </way>
  <way id="1458170076">
    <nd ref="397046167"/>
    <nd ref="13372993731"/>
    <tag k="cycleway:both" v="no"/>
    <tag k="foot" v="yes"/>
    <tag k="highway" v="tertiary"/>
    <tag k="lanes" v="2"/>
    <tag k="lit" v="yes"/>
    <tag k="maxspeed" v="50"/>
    <tag k="name" v="Tømmerupvej"/>
    <tag k="name:etymology:wikidata" v="Q12008132"/>
    <tag k="sidewalk" v="no"/>
    <tag k="source:maxspeed" v="DK:urban"/>
    <tag k="surface" v="asphalt"/>
  </way>
  <way id="1458556517">
    <nd ref="5091056611"/>
    <nd ref="13376567427"/>
    <nd ref="13376567426"/>
    <nd ref="13372992884"/>
    <nd ref="13372992885"/>
    <tag k="cycleway:right" v="separate"/>
    <tag k="foot" v="yes"/>
    <tag k="highway" v="secondary"/>
    <tag k="lanes" v="1"/>
    <tag k="lit" v="yes"/>
    <tag k="maxspeed" v="50"/>
    <tag k="name" v="Englandsvej"/>
    <tag k="name:etymology:wikidata" v="Q21"/>
    <tag k="oneway" v="yes"/>
    <tag k="ref" v="221"/>
    <tag k="sidewalk:right" v="separate"/>
    <tag k="source:maxspeed" v="DK:urban"/>
    <tag k="surface" v="asphalt"/>
    <tag k="wikidata" v="Q12310148"/>
  </way>
  <way id="1458556521">
    <nd ref="13376519583"/>
    <nd ref="397046168"/>
    <tag k="cycleway" v="track"/>
    <tag k="highway" v="tertiary"/>
    <tag k="lanes" v="2"/>
    <tag k="lit" v="yes"/>
    <tag k="maxspeed" v="50"/>
    <tag k="name" v="Tømmerupvej"/>
    <tag k="name:etymology:wikidata" v="Q12008132"/>
    <tag k="sidewalk" v="both"/>
    <tag k="source:maxspeed" v="DK:urban"/>
    <tag k="surface" v="asphalt"/>
  </way>
  <way id="1458556526">
    <nd ref="5938498117"/>
    <nd ref="439239534"/>
    <nd ref="5091056611"/>
    <tag k="bicycle" v="use_sidepath"/>
    <tag k="cycleway" v="separate"/>
    <tag k="highway" v="secondary"/>
    <tag k="lanes" v="2"/>
    <tag k="lit" v="yes"/>
    <tag k="maxspeed" v="50"/>
    <tag k="name" v="Englandsvej"/>
    <tag k="name:etymology:wikidata" v="Q21"/>
    <tag k="oneway" v="yes"/>
    <tag k="ref" v="221"/>
    <tag k="sidewalk" v="both"/>
    <tag k="source:maxspeed" v="DK:urban"/>
    <tag k="surface" v="asphalt"/>
    <tag k="wikidata" v="Q12310148"/>
  </way>
  <way id="1465186871">
    <nd ref="4960579147"/>
    <nd ref="2066198474"/>
    <tag k="bicycle" v="use_sidepath"/>
    <tag k="cycleway:right" v="separate"/>
    <tag k="destination:lanes" v="Dragør|Dragør|København"/>
    <tag k="highway" v="tertiary"/>
    <tag k="lane_markings" v="no"/>
    <tag k="lanes" v="2"/>
    <tag k="lit" v="yes"/>
    <tag k="maxspeed" v="50"/>
    <tag k="name" v="Englandsvej"/>
    <tag k="name:etymology:wikidata" v="Q21"/>
    <tag k="oneway" v="yes"/>
    <tag k="source:maxspeed" v="DK:urban"/>
    <tag k="surface" v="asphalt"/>
    <tag k="wikidata" v="Q12310148"/>
  </way>
  <way id="1465186872">
    <nd ref="8441631691"/>
    <nd ref="13438519145"/>
    <tag k="bicycle" v="use_sidepath"/>
    <tag k="cycleway:right" v="separate"/>
    <tag k="foot" v="use_sidepath"/>
    <tag k="highway" v="tertiary"/>
    <tag k="lanes" v="3"/>
    <tag k="lit" v="yes"/>
    <tag k="maxspeed" v="50"/>
    <tag k="name" v="Englandsvej"/>
    <tag k="name:etymology:wikidata" v="Q21"/>
    <tag k="oneway" v="yes"/>
    <tag k="sidewalk" v="separate"/>
    <tag k="source:maxspeed" v="DK:urban"/>
    <tag k="surface" v="asphalt"/>
    <tag k="turn:lanes" v="none|none|right"/>
    <tag k="wikidata" v="Q12310148"/>
  </way>
  <way id="1465186874">
    <nd ref="7484919"/>
    <nd ref="2411760323"/>
    <nd ref="4401020863"/>
    <nd ref="2411760324"/>
    <nd ref="253256731"/>
    <nd ref="7484921"/>
    <nd ref="8441631697"/>
    <nd ref="14054847498"/>
    <nd ref="7484922"/>
    <nd ref="2411760325"/>
    <nd ref="8441631702"/>
    <tag k="bicycle" v="use_sidepath"/>
    <tag k="cycleway:right" v="separate"/>
    <tag k="highway" v="tertiary"/>
    <tag k="lanes" v="2"/>
    <tag k="lit" v="yes"/>
    <tag k="maxspeed" v="50"/>
    <tag k="name" v="Englandsvej"/>
    <tag k="name:etymology:wikidata" v="Q21"/>
    <tag k="oneway" v="yes"/>
    <tag k="smoothness" v="excellent"/>
    <tag k="source:maxspeed" v="DK:urban"/>
    <tag k="surface" v="asphalt"/>
    <tag k="wikidata" v="Q12310148"/>
  </way>
  <way id="1465186875">
    <nd ref="13438519150"/>
    <nd ref="7059677290"/>
    <nd ref="7484926"/>
    <nd ref="7484934"/>
    <nd ref="7484919"/>
    <tag k="bicycle" v="use_sidepath"/>
    <tag k="cycleway:right" v="separate"/>
    <tag k="highway" v="tertiary"/>
    <tag k="lanes" v="3"/>
    <tag k="lit" v="yes"/>
    <tag k="maxspeed" v="50"/>
    <tag k="name" v="Englandsvej"/>
    <tag k="name:etymology:wikidata" v="Q21"/>
    <tag k="oneway" v="yes"/>
    <tag k="source:maxspeed" v="DK:urban"/>
    <tag k="surface" v="asphalt"/>
    <tag k="turn:lanes" v="left|none|none"/>
    <tag k="wikidata" v="Q12310148"/>
  </way>
  <way id="1479402784">
    <nd ref="2288016845"/>
    <nd ref="118904"/>
    <nd ref="13571023760"/>
    <tag k="highway" v="motorway"/>
    <tag k="int_ref" v="E 20"/>
    <tag k="lanes" v="2"/>
    <tag k="lit" v="yes"/>
    <tag k="maxheight" v="default"/>
    <tag k="maxspeed" v="110"/>
    <tag k="name" v="Øresundsmotorvejen"/>
    <tag k="name:etymology:wikidata" v="Q104662"/>
    <tag k="oneway" v="yes"/>
    <tag k="operator" v="Øresundsbro Konsortiet I/S"/>
    <tag k="operator:wikidata" v="Q12342037"/>
    <tag k="operator:wikipedia" v="da:Øresundsbro Konsortiet"/>
    <tag k="ref" v="E 20"/>
    <tag k="shoulder" v="right"/>
    <tag k="source:maxspeed" v="sign"/>
    <tag k="surface" v="asphalt"/>
    <tag k="toll" v="yes"/>
  </way>
  <way id="1479402798">
    <nd ref="2421592283"/>
    <nd ref="8880639"/>
    <nd ref="7025823225"/>
    <nd ref="2421592273"/>
    <nd ref="1357408457"/>
    <nd ref="9359131379"/>
    <tag k="bicycle" v="no"/>
    <tag k="highway" v="tertiary"/>
    <tag k="lanes" v="2"/>
    <tag k="lit" v="yes"/>
    <tag k="maxspeed" v="80"/>
    <tag k="name" v="Lufthavnsboulevarden"/>
    <tag k="name:etymology:wikidata" v="Q206277"/>
    <tag k="shoulder" v="no"/>
    <tag k="smoothness" v="good"/>
    <tag k="source:maxspeed" v="DK:rural"/>
    <tag k="surface" v="asphalt"/>
  </way>
  <way id="1479402799">
    <nd ref="13571023818"/>
    <nd ref="3224531915"/>
    <nd ref="8079482"/>
    <nd ref="3379469121"/>
    <nd ref="3224531918"/>
    <tag k="bicycle" v="no"/>
    <tag k="highway" v="tertiary"/>
    <tag k="junction" v="roundabout"/>
    <tag k="lanes" v="2"/>
    <tag k="lit" v="yes"/>
    <tag k="maxspeed" v="80"/>
    <tag k="noname" v="yes"/>
    <tag k="sidewalk:left" v="no"/>
    <tag k="sidewalk:right" v="separate"/>
    <tag k="smoothness" v="good"/>
    <tag k="source:maxspeed" v="DK:rural"/>
    <tag k="surface" v="asphalt"/>
  </way>
  <way id="1481227459">
    <nd ref="2066198425"/>
    <nd ref="2066198421"/>
    <tag k="bicycle" v="use_sidepath"/>
    <tag k="cycleway:right" v="separate"/>
    <tag k="highway" v="secondary"/>
    <tag k="lane_markings" v="no"/>
    <tag k="lit" v="yes"/>
    <tag k="maxspeed" v="50"/>
    <tag k="name" v="Englandsvej"/>
    <tag k="name:etymology:wikidata" v="Q21"/>
    <tag k="oneway" v="yes"/>
    <tag k="ref" v="221"/>
    <tag k="source:maxspeed" v="DK:urban"/>
    <tag k="surface" v="asphalt"/>
    <tag k="wikidata" v="Q12310148"/>
  </way>
  <way id="1489439212">
    <nd ref="13652153926"/>
    <nd ref="7155132864"/>
    <nd ref="3379590087"/>
    <nd ref="6898281982"/>
    <nd ref="5484472756"/>
    <tag k="bicycle" v="yes"/>
    <tag k="cycleway" v="track"/>
    <tag k="foot" v="yes"/>
    <tag k="highway" v="tertiary"/>
    <tag k="lanes" v="2"/>
    <tag k="lit" v="yes"/>
    <tag k="maxspeed" v="50"/>
    <tag k="name" v="Tårnbyvej"/>
    <tag k="name:etymology:wikidata" v="Q28173"/>
    <tag k="sidewalk" v="both"/>
    <tag k="source:maxspeed" v="DK:urban"/>
    <tag k="surface" v="asphalt"/>
  </way>
  <way id="1489439213">
    <nd ref="13652153923"/>
    <nd ref="5452022896"/>
    <nd ref="13652153921"/>
    <nd ref="7737282"/>
    <tag k="bicycle" v="yes"/>
    <tag k="cycleway:left" v="track"/>
    <tag k="cycleway:right" v="shared_lane"/>
    <tag k="foot" v="yes"/>
    <tag k="highway" v="tertiary"/>
    <tag k="lanes" v="4"/>
    <tag k="lanes:backward" v="1"/>
    <tag k="lanes:forward" v="3"/>
    <tag k="lit" v="yes"/>
    <tag k="maxspeed" v="50"/>
    <tag k="name" v="Tårnbyvej"/>
    <tag k="name:etymology:wikidata" v="Q28173"/>
    <tag k="sidewalk" v="both"/>
    <tag k="source:maxspeed" v="DK:urban"/>
    <tag k="surface" v="asphalt"/>
    <tag k="turn:lanes:forward" v="left|through|right"/>
  </way>
  <way id="1489439214">
    <nd ref="13652153924"/>
    <nd ref="13652153925"/>
    <nd ref="13652153923"/>
    <tag k="bicycle" v="yes"/>
    <tag k="cycleway" v="track"/>
    <tag k="foot" v="yes"/>
    <tag k="highway" v="tertiary"/>
    <tag k="lanes" v="3"/>
    <tag k="lanes:backward" v="1"/>
    <tag k="lanes:forward" v="2"/>
    <tag k="lit" v="yes"/>
    <tag k="maxspeed" v="50"/>
    <tag k="name" v="Tårnbyvej"/>
    <tag k="name:etymology:wikidata" v="Q28173"/>
    <tag k="sidewalk" v="both"/>
    <tag k="source:maxspeed" v="DK:urban"/>
    <tag k="surface" v="asphalt"/>
    <tag k="turn:lanes:forward" v="left|none"/>
  </way>
  <way id="1489439215">
    <nd ref="7737282"/>
    <nd ref="13652153919"/>
    <nd ref="4689166392"/>
    <nd ref="13652153926"/>
    <tag k="bicycle" v="yes"/>
    <tag k="cycleway:left" v="shared_lane"/>
    <tag k="cycleway:right" v="track"/>
    <tag k="foot" v="yes"/>
    <tag k="highway" v="tertiary"/>
    <tag k="lanes" v="4"/>
    <tag k="lanes:backward" v="3"/>
    <tag k="lanes:forward" v="1"/>
    <tag k="lit" v="yes"/>
    <tag k="maxspeed" v="50"/>
    <tag k="name" v="Tårnbyvej"/>
    <tag k="name:etymology:wikidata" v="Q28173"/>
    <tag k="sidewalk" v="both"/>
    <tag k="source:maxspeed" v="DK:urban"/>
    <tag k="surface" v="asphalt"/>
    <tag k="turn:lanes:backward" v="left|through|right"/>
  </way>
  <way id="1489439626">
    <nd ref="7155132896"/>
    <nd ref="13652115164"/>
    <tag k="highway" v="tertiary"/>
    <tag k="lanes" v="2"/>
    <tag k="lit" v="yes"/>
    <tag k="maxspeed" v="50"/>
    <tag k="name" v="Irlandsvej"/>
    <tag k="name:etymology:wikidata" v="Q27"/>
    <tag k="sidewalk" v="both"/>
    <tag k="source:maxspeed" v="DK:urban"/>
    <tag k="surface" v="asphalt"/>
  </way>
  <way id="1526320501">
    <nd ref="2066198478"/>
    <nd ref="265164908"/>
    <nd ref="6700011362"/>
    <nd ref="8441631674"/>
    <nd ref="7484916"/>
    <nd ref="13438519150"/>
    <tag k="bicycle" v="use_sidepath"/>
    <tag k="cycleway:right" v="separate"/>
    <tag k="highway" v="tertiary"/>
    <tag k="lanes" v="2"/>
    <tag k="lit" v="yes"/>
    <tag k="maxspeed" v="50"/>
    <tag k="name" v="Englandsvej"/>
    <tag k="name:etymology:wikidata" v="Q21"/>
    <tag k="oneway" v="yes"/>
    <tag k="source:maxspeed" v="DK:urban"/>
    <tag k="surface" v="asphalt"/>
    <tag k="wikidata" v="Q12310148"/>
  </way>
  <way id="1526320502">
    <nd ref="2066198460"/>
    <nd ref="8441631666"/>
    <nd ref="2066198437"/>
    <tag k="bicycle" v="use_sidepath"/>
    <tag k="cycleway:right" v="separate"/>
    <tag k="highway" v="secondary"/>
    <tag k="lane_markings" v="no"/>
    <tag k="lit" v="yes"/>
    <tag k="maxspeed" v="50"/>
    <tag k="name" v="Englandsvej"/>
    <tag k="name:etymology:wikidata" v="Q21"/>
    <tag k="oneway" v="yes"/>
    <tag k="ref" v="221"/>
    <tag k="source:maxspeed" v="DK:urban"/>
    <tag k="surface" v="asphalt"/>
    <tag k="wikidata" v="Q12310148"/>
  </way>
  <way id="1526435996">
    <nd ref="7484913"/>
    <nd ref="13912383928"/>
    <tag k="bicycle" v="use_sidepath"/>
    <tag k="cycleway:right" v="separate"/>
    <tag k="highway" v="secondary"/>
    <tag k="lanes" v="1"/>
    <tag k="lit" v="yes"/>
    <tag k="maxspeed" v="50"/>
    <tag k="name" v="Englandsvej"/>
    <tag k="name:etymology:wikidata" v="Q21"/>
    <tag k="oneway" v="yes"/>
    <tag k="ref" v="221"/>
    <tag k="source:maxspeed" v="DK:urban"/>
    <tag k="surface" v="asphalt"/>
    <tag k="wikidata" v="Q12310148"/>
  </way>
  <way id="1530848783">
    <nd ref="5091056611"/>
    <nd ref="281662192"/>
    <tag k="bicycle" v="use_sidepath"/>
    <tag k="cycleway" v="separate"/>
    <tag k="highway" v="secondary"/>
    <tag k="lanes" v="2"/>
    <tag k="lit" v="yes"/>
    <tag k="maxspeed" v="50"/>
    <tag k="name" v="Englandsvej"/>
    <tag k="name:etymology:wikidata" v="Q21"/>
    <tag k="ref" v="221"/>
    <tag k="sidewalk" v="both"/>
    <tag k="source:maxspeed" v="DK:urban"/>
    <tag k="surface" v="asphalt"/>
    <tag k="wikidata" v="Q12310148"/>
  </way>
  <way id="1545230705">
    <nd ref="274874462"/>
    <nd ref="14054889222"/>
    <nd ref="14054889228"/>
    <nd ref="14054889223"/>
    <tag k="bicycle" v="yes"/>
    <tag k="cycleway" v="track"/>
    <tag k="foot" v="yes"/>
    <tag k="highway" v="tertiary"/>
    <tag k="lanes" v="2"/>
    <tag k="lit" v="yes"/>
    <tag k="maxspeed" v="50"/>
    <tag k="name" v="Amagerbrogade"/>
    <tag k="name:etymology:wikidata" v="Q3375590"/>
    <tag k="shoulder" v="no"/>
    <tag k="sidewalk" v="both"/>
    <tag k="source:maxspeed" v="DK:urban"/>
    <tag k="surface" v="asphalt"/>
    <tag k="wikidata" v="Q3373779"/>
  </way>

</osm>
