<?xml version="1.0" encoding="UTF-8"?>
<osm version="0.6" generator="Overpass API 0.7.62.11 87bfad18">
<note>The data included in this document is from www.openstreetmap.org. The data is made available under ODbL.</note>
<meta osm_base="2026-09-11T13:38:13Z"/>

  <node id="447945953" lat="22.3101070" lon="39.1120108">
    <tag k="highway" v="traffic_signals"/>
  </node>
  <node id="447946072" lat="22.3087498" lon="39.1097625"/>
  <node id="447946172" lat="22.3137440" lon="39.1099825"/>
  <node id="447946302" lat="22.3116426" lon="39.1074528"/>
  <node id="447946606" lat="22.3055070" lon="39.1166343">
    <tag k="highway" v="traffic_signals"/>
  </node>
  <node id="447946607" lat="22.3133174" lon="39.1094424">
    <tag k="highway" v="traffic_signals"/>
  </node>
  <node id="455452822" lat="22.3157072" lon="39.1197322"/>
  <node id="455452823" lat="22.3154613" lon="39.1195881"/>
  <node id="455452824" lat="22.3148005" lon="39.1191746"/>
  <node id="455452825" lat="22.3141165" lon="39.1185355"/>
  <node id="455452826" lat="22.3133978" lon="39.1175330"/>
  <node id="455452827" lat="22.3121805" lon="39.1155279"/>
  <node id="455452828" lat="22.3145602" lon="39.1080665"/>
  <node id="455452829" lat="22.3159174" lon="39.1061251"/>
  <node id="469880037" lat="22.3075723" lon="39.1078084"/>
  <node id="470284143" lat="22.3068941" lon="39.1066412"/>
  <node id="472284508" lat="22.3115138" lon="39.1075812"/>
  <node id="472284615" lat="22.3131943" lon="39.1095641">
    <tag k="highway" v="traffic_signals"/>
  </node>
  <node id="472284665" lat="22.3161600" lon="39.1131469"/>
  <node id="472284715" lat="22.3172064" lon="39.1143761"/>
  <node id="472284752" lat="22.3182576" lon="39.1159073"/>
  <node id="472284782" lat="22.3191322" lon="39.1174673"/>
  <node id="472284801" lat="22.3199612" lon="39.1193687"/>
  <node id="472285774" lat="22.3169798" lon="39.1201749"/>
  <node id="472285813" lat="22.3180189" lon="39.1202804"/>
  <node id="472285869" lat="22.3181683" lon="39.1202697"/>
  <node id="472285896" lat="22.3186610" lon="39.1202461"/>
  <node id="472287644" lat="22.3157540" lon="39.1062549">
    <tag k="highway" v="traffic_signals"/>
  </node>
  <node id="472287777" lat="22.3158005" lon="39.1061866">
    <tag k="highway" v="traffic_signals"/>
  </node>
  <node id="472287838" lat="22.3119279" lon="39.1027815">
    <tag k="highway" v="traffic_signals"/>
  </node>
  <node id="472287973" lat="22.3139654" lon="39.1003082"/>
  <node id="472288092" lat="22.3143901" lon="39.0992342"/>
  <node id="472288137" lat="22.3141046" lon="39.0983524"/>
  <node id="472288185" lat="22.3140499" lon="39.0979159">
    <tag k="bus" v="yes"/>
    <tag k="name" v="H-4206A"/>
    <tag k="public_transport" v="stop_position"/>
  </node>
  <node id="472288233" lat="22.3139400" lon="39.0959594"/>
  <node id="472288332" lat="22.3138434" lon="39.0931209"/>
  <node id="472290706" lat="22.3138410" lon="39.0940620"/>
  <node id="472290712" lat="22.3124781" lon="39.0942135"/>
  <node id="472290715" lat="22.3117851" lon="39.0943759"/>
  <node id="472290733" lat="22.3114212" lon="39.0944223"/>
  <node id="472290757" lat="22.3168427" lon="39.0933609"/>
  <node id="472290775" lat="22.3163104" lon="39.0934212"/>
  <node id="472290782" lat="22.3156692" lon="39.0934381"/>
  <node id="472290789" lat="22.3151636" lon="39.0934170"/>
  <node id="472290790" lat="22.3146387" lon="39.0933249"/>
  <node id="472290834" lat="22.3140674" lon="39.0931619"/>
  <node id="472290870" lat="22.3133479" lon="39.0930470">
    <tag k="bus" v="yes"/>
    <tag k="name" v="I-5716"/>
    <tag k="public_transport" v="stop_position"/>
  </node>
  <node id="472290882" lat="22.3127805" lon="39.0930907"/>
  <node id="472290888" lat="22.3123242" lon="39.0931919"/>
  <node id="472290891" lat="22.3117032" lon="39.0933039"/>
  <node id="472290895" lat="22.3110803" lon="39.0933024"/>
  <node id="472290896" lat="22.3101308" lon="39.0932005"/>
  <node id="472290897" lat="22.3094287" lon="39.0930397"/>
  <node id="472290898" lat="22.3089489" lon="39.0929884"/>
  <node id="472290900" lat="22.3084528" lon="39.0930324"/>
  <node id="472290910" lat="22.3080345" lon="39.0931826"/>
  <node id="472290911" lat="22.3073234" lon="39.0935812"/>
  <node id="472290912" lat="22.3067019" lon="39.0941210"/>
  <node id="472290915" lat="22.3063627" lon="39.0946707"/>
  <node id="472290916" lat="22.3061354" lon="39.0951756"/>
  <node id="472290927" lat="22.3060517" lon="39.0954561"/>
  <node id="472291959" lat="22.3074468" lon="39.0955027"/>
  <node id="472292046" lat="22.3088403" lon="39.0957038"/>
  <node id="472292068" lat="22.3098560" lon="39.0959563"/>
  <node id="472292143" lat="22.3106564" lon="39.0962291"/>
  <node id="472292219" lat="22.3107640" lon="39.0962628"/>
  <node id="472293192" lat="22.3138953" lon="39.0952506"/>
  <node id="472293203" lat="22.3144475" lon="39.0952753"/>
  <node id="472293214" lat="22.3152205" lon="39.0953503"/>
  <node id="472293226" lat="22.3159835" lon="39.0953812"/>
  <node id="472293237" lat="22.3167485" lon="39.0953883"/>
  <node id="472293246" lat="22.3168556" lon="39.0954122"/>
  <node id="472293279" lat="22.3169055" lon="39.0954962"/>
  <node id="472293314" lat="22.3169335" lon="39.0959933"/>
  <node id="472293319" lat="22.3169526" lon="39.0962203"/>
  <node id="472293344" lat="22.3169787" lon="39.0966270"/>
  <node id="472293377" lat="22.3171221" lon="39.0981925"/>
  <node id="472293438" lat="22.3171383" lon="39.0985294"/>
  <node id="472293517" lat="22.3168903" lon="39.1001930"/>
  <node id="472293530" lat="22.3163071" lon="39.1016019"/>
  <node id="472300143" lat="22.3167087" lon="39.0933800"/>
  <node id="472300237" lat="22.3168079" lon="39.0943591"/>
  <node id="472821297" lat="22.3113338" lon="39.1000716"/>
  <node id="472821316" lat="22.3096670" lon="39.0948045"/>
  <node id="472821320" lat="22.3114387" lon="39.1003450"/>
  <node id="472821324" lat="22.3099893" lon="39.0949027"/>
  <node id="472821329" lat="22.3115982" lon="39.0974552"/>
  <node id="472821331" lat="22.3124176" lon="39.1013507"/>
  <node id="472821336" lat="22.3116546" lon="39.1005832">
    <tag k="bus" v="yes"/>
    <tag k="name" v="Grand Mosque"/>
    <tag k="public_transport" v="stop_position"/>
  </node>
  <node id="472821340" lat="22.3119814" lon="39.1009225"/>
  <node id="472821346" lat="22.3093432" lon="39.0947879"/>
  <node id="472821348" lat="22.3127664" lon="39.1017488"/>
  <node id="472821350" lat="22.3134420" lon="39.0952580"/>
  <node id="472821357" lat="22.3120004" lon="39.0954846"/>
  <node id="472821359" lat="22.3112728" lon="39.0953889"/>
  <node id="472821365" lat="22.3086076" lon="39.0953602"/>
  <node id="472821370" lat="22.3088197" lon="39.0950370"/>
  <node id="472821377" lat="22.3090921" lon="39.0948568"/>
  <node id="472821381" lat="22.3126037" lon="39.0954614"/>
  <node id="472821386" lat="22.3106516" lon="39.0952013"/>
  <node id="472821390" lat="22.3084161" lon="39.0966262"/>
  <node id="472821392" lat="22.3113329" lon="39.0998084"/>
  <node id="472821393" lat="22.3085338" lon="39.0956482"/>
  <node id="472821397" lat="22.3117784" lon="39.0974434"/>
  <node id="477282040" lat="22.3155034" lon="39.0944121"/>
  <node id="477282043" lat="22.3155407" lon="39.0946089"/>
  <node id="477282046" lat="22.3155579" lon="39.0947170"/>
  <node id="477282083" lat="22.3140204" lon="39.0973080"/>
  <node id="477282084" lat="22.3143451" lon="39.0973324"/>
  <node id="477282085" lat="22.3131394" lon="39.1094940">
    <tag k="highway" v="traffic_signals"/>
  </node>
  <node id="477282087" lat="22.3100506" lon="39.1119177">
    <tag k="highway" v="traffic_signals"/>
  </node>
  <node id="477282088" lat="22.3144946" lon="39.1080035"/>
  <node id="477282089" lat="22.3132563" lon="39.1093770">
    <tag k="highway" v="traffic_signals"/>
  </node>
  <node id="477609362" lat="22.3129524" lon="39.1038354">
    <tag k="highway" v="traffic_signals"/>
  </node>
  <node id="477609964" lat="22.3139649" lon="39.0963391"/>
  <node id="477610023" lat="22.3147466" lon="39.0962480"/>
  <node id="477610341" lat="22.3137319" lon="39.1027718"/>
  <node id="478487356" lat="22.3151239" lon="39.1005929"/>
  <node id="478487357" lat="22.3155217" lon="39.1011594"/>
  <node id="478487358" lat="22.3161611" lon="39.1018065"/>
  <node id="479726678" lat="22.3159447" lon="39.0943798"/>
  <node id="479726681" lat="22.3164488" lon="39.0943828"/>
  <node id="479728033" lat="22.3085314" lon="39.0940908"/>
  <node id="479728034" lat="22.3078271" lon="39.0943808"/>
  <node id="479728035" lat="22.3069815" lon="39.0954320"/>
  <node id="479728036" lat="22.3072884" lon="39.0949198"/>
  <node id="479728039" lat="22.3103032" lon="39.0942051"/>
  <node id="479728040" lat="22.3070205" lon="39.0953088"/>
  <node id="479728041" lat="22.3076094" lon="39.0945364"/>
  <node id="479728042" lat="22.3088038" lon="39.0940133"/>
  <node id="479728044" lat="22.3092651" lon="39.0939966">
    <tag k="bus" v="yes"/>
    <tag k="name" v="I-5529"/>
    <tag k="public_transport" v="stop_position"/>
  </node>
  <node id="479728045" lat="22.3082504" lon="39.0941834">
    <tag k="bus" v="yes"/>
    <tag k="name" v="Oasis"/>
    <tag k="public_transport" v="stop_position"/>
  </node>
  <node id="479728046" lat="22.3096817" lon="39.0940391"/>
  <node id="479728047" lat="22.3109215" lon="39.0943890"/>
  <node id="479728048" lat="22.3117219" lon="39.0964188"/>
  <node id="479728049" lat="22.3118274" lon="39.0954785"/>
  <node id="479728050" lat="22.3111518" lon="39.0963448"/>
  <node id="479728051" lat="22.3115807" lon="39.0964064"/>
  <node id="479728053" lat="22.3124931" lon="39.0964483"/>
  <node id="479728054" lat="22.3136609" lon="39.0963733"/>
  <node id="479839982" lat="22.3154188" lon="39.1067442"/>
  <node id="479839983" lat="22.3155712" lon="39.1066492"/>
  <node id="479839984" lat="22.3169984" lon="39.1042668">
    <tag k="highway" v="traffic_signals"/>
  </node>
  <node id="479839987" lat="22.3101282" lon="39.1055216"/>
  <node id="479839988" lat="22.3099504" lon="39.1055697"/>
  <node id="479938107" lat="22.3158410" lon="39.1062342">
    <tag k="highway" v="traffic_signals"/>
  </node>
  <node id="479938110" lat="22.3158617" lon="39.1061002"/>
  <node id="479938111" lat="22.3169257" lon="39.1042158">
    <tag k="highway" v="traffic_signals"/>
  </node>
  <node id="479938112" lat="22.3169642" lon="39.1041255"/>
  <node id="479938117" lat="22.3130163" lon="39.1037539">
    <tag k="highway" v="traffic_signals"/>
  </node>
  <node id="479938118" lat="22.3118584" lon="39.1028353">
    <tag k="highway" v="traffic_signals"/>
  </node>
  <node id="479997255" lat="22.3074800" lon="39.1078165"/>
  <node id="479997258" lat="22.3100381" lon="39.1120629">
    <tag k="highway" v="traffic_signals"/>
  </node>
  <node id="479997259" lat="22.3068304" lon="39.1066526"/>
  <node id="479997262" lat="22.3086803" lon="39.1098141"/>
  <node id="479997264" lat="22.3099803" lon="39.1119684">
    <tag k="highway" v="traffic_signals"/>
  </node>
  <node id="479997265" lat="22.3101102" lon="39.1121990"/>
  <node id="479997266" lat="22.3103273" lon="39.1117281"/>
  <node id="479997267" lat="22.3101862" lon="39.1117434"/>
  <node id="479997270" lat="22.3100927" lon="39.1117379"/>
  <node id="479997271" lat="22.3100040" lon="39.1117104"/>
  <node id="479997272" lat="22.3099118" lon="39.1116508"/>
  <node id="480164770" lat="22.3165157" lon="39.1012268"/>
  <node id="480164772" lat="22.3171312" lon="39.0987224"/>
  <node id="480164773" lat="22.3169378" lon="39.0999696"/>
  <node id="480218441" lat="22.3166929" lon="39.0934371"/>
  <node id="480218444" lat="22.3163116" lon="39.0934723"/>
  <node id="480218447" lat="22.3156560" lon="39.0934830"/>
  <node id="480218450" lat="22.3151602" lon="39.0934533"/>
  <node id="480218454" lat="22.3155123" lon="39.0934764"/>
  <node id="480708447" lat="22.3136931" lon="39.1089267"/>
  <node id="480708449" lat="22.3133947" lon="39.1091262"/>
  <node id="480708450" lat="22.3131760" lon="39.1091403"/>
  <node id="480708451" lat="22.3128966" lon="39.1089631"/>
  <node id="480708452" lat="22.3142830" lon="39.1000431"/>
  <node id="480708453" lat="22.3144004" lon="39.0999705"/>
  <node id="480708454" lat="22.3144926" lon="39.0999417"/>
  <node id="480708455" lat="22.3147069" lon="39.0999827"/>
  <node id="480708456" lat="22.3149188" lon="39.1002624"/>
  <node id="480775215" lat="22.3167771" lon="39.0943538"/>
  <node id="480775220" lat="22.3159424" lon="39.0943688"/>
  <node id="480775222" lat="22.3154847" lon="39.0943118"/>
  <node id="480775224" lat="22.3151337" lon="39.0942693"/>
  <node id="480775226" lat="22.3144478" lon="39.0941006"/>
  <node id="480775227" lat="22.3139221" lon="39.0939997"/>
  <node id="480775228" lat="22.3139023" lon="39.0931765"/>
  <node id="480775229" lat="22.3140553" lon="39.0932009"/>
  <node id="480775230" lat="22.3146349" lon="39.0933599"/>
  <node id="480775271" lat="22.3166948" lon="39.0934578"/>
  <node id="481884999" lat="22.3130771" lon="39.0941023">
    <tag k="bus" v="yes"/>
    <tag k="name" v="I-5614"/>
    <tag k="public_transport" v="stop_position"/>
  </node>
  <node id="481885086" lat="22.3113696" lon="39.0992583"/>
  <node id="481885088" lat="22.3114892" lon="39.0985346"/>
  <node id="481885089" lat="22.3113600" lon="39.0995447"/>
  <node id="481885091" lat="22.3114087" lon="39.0989046"/>
  <node id="481885096" lat="22.3114377" lon="39.0992518"/>
  <node id="481885098" lat="22.3114735" lon="39.0989303"/>
  <node id="482257815" lat="22.3122002" lon="39.0942777"/>
  <node id="482257816" lat="22.3120100" lon="39.0932569"/>
  <node id="482257828" lat="22.3175738" lon="39.0965581"/>
  <node id="482257829" lat="22.3167646" lon="39.0966553"/>
  <node id="482664614" lat="22.3134145" lon="39.1009413"/>
  <node id="482664620" lat="22.3125959" lon="39.1015692"/>
  <node id="482664622" lat="22.3128138" lon="39.1017032">
    <tag k="highway" v="stop"/>
  </node>
  <node id="482664624" lat="22.3074999" lon="39.0946418">
    <tag k="highway" v="stop"/>
  </node>
  <node id="485959302" lat="22.3143618" lon="39.0995528"/>
  <node id="485959304" lat="22.3141771" lon="39.1000346"/>
  <node id="485959305" lat="22.3140434" lon="39.1002192"/>
  <node id="487160494" lat="22.3140417" lon="39.1046574">
    <tag k="highway" v="traffic_signals"/>
  </node>
  <node id="487160518" lat="22.3166779" lon="39.1008426"/>
  <node id="487160524" lat="22.3090707" lon="39.0929803"/>
  <node id="487160528" lat="22.3089569" lon="39.0940065"/>
  <node id="490608743" lat="22.3068941" lon="39.0939278"/>
  <node id="490608746" lat="22.3145062" lon="39.0995015"/>
  <node id="493151087" lat="22.3149855" lon="39.0962582"/>
  <node id="493151088" lat="22.3152778" lon="39.0963055"/>
  <node id="493151089" lat="22.3159555" lon="39.0965361"/>
  <node id="493151090" lat="22.3165348" lon="39.0966665"/>
  <node id="493188179" lat="22.3169716" lon="39.0995758"/>
  <node id="493188180" lat="22.3170256" lon="39.0995985"/>
  <node id="493188181" lat="22.3170544" lon="39.0990545"/>
  <node id="493188182" lat="22.3171124" lon="39.0990799"/>
  <node id="493188183" lat="22.3142854" lon="39.0990098"/>
  <node id="493188184" lat="22.3143379" lon="39.0989926"/>
  <node id="493188185" lat="22.3141583" lon="39.0986323"/>
  <node id="493188186" lat="22.3141979" lon="39.0986013"/>
  <node id="493725496" lat="22.3075829" lon="39.1140330">
    <tag k="highway" v="traffic_signals"/>
  </node>
  <node id="493725502" lat="22.3092018" lon="39.1125801"/>
  <node id="493725503" lat="22.3092600" lon="39.1126571"/>
  <node id="493725506" lat="22.3107911" lon="39.0952513"/>
  <node id="493907046" lat="22.3114465" lon="39.1071782"/>
  <node id="493907047" lat="22.3113736" lon="39.1070622"/>
  <node id="493907048" lat="22.3164692" lon="39.1038293"/>
  <node id="493907049" lat="22.3151956" lon="39.1056587">
    <tag k="highway" v="traffic_signals"/>
  </node>
  <node id="493907051" lat="22.3151434" lon="39.1057422">
    <tag k="highway" v="traffic_signals"/>
  </node>
  <node id="493907052" lat="22.3158287" lon="39.1047551"/>
  <node id="493907053" lat="22.3162499" lon="39.1036136"/>
  <node id="493907060" lat="22.3156743" lon="39.1046163"/>
  <node id="496974992" lat="22.3135311" lon="39.1007962"/>
  <node id="496974994" lat="22.3148961" lon="39.0974141"/>
  <node id="496974995" lat="22.3167024" lon="39.0978263"/>
  <node id="496974996" lat="22.3170937" lon="39.0978470"/>
  <node id="496974997" lat="22.3155024" lon="39.0975340"/>
  <node id="496974998" lat="22.3155833" lon="39.0964030"/>
  <node id="496974999" lat="22.3155147" lon="39.0963682">
    <tag k="bus" v="yes"/>
    <tag k="name" v="I-5228"/>
    <tag k="public_transport" v="stop_position"/>
  </node>
  <node id="496975010" lat="22.3173416" lon="39.1032393"/>
  <node id="496975011" lat="22.3144736" lon="39.1018322"/>
  <node id="496975012" lat="22.3152494" lon="39.1008070"/>
  <node id="497454429" lat="22.3154925" lon="39.0943710"/>
  <node id="497671364" lat="22.3067135" lon="39.1062248"/>
  <node id="497671366" lat="22.3066342" lon="39.1062756"/>
  <node id="503695176" lat="22.3134007" lon="39.0940662"/>
  <node id="503695188" lat="22.3129415" lon="39.0941179"/>
  <node id="504011489" lat="22.3060932" lon="39.0952928"/>
  <node id="504734101" lat="22.3097129" lon="39.0959225"/>
  <node id="504734124" lat="22.3095011" lon="39.0969659"/>
  <node id="504734247" lat="22.3127694" lon="39.0964355"/>
  <node id="504734254" lat="22.3129601" lon="39.0964103"/>
  <node id="504734261" lat="22.3127860" lon="39.0974056">
    <tag k="highway" v="stop"/>
  </node>
  <node id="504734269" lat="22.3129428" lon="39.0974032"/>
  <node id="504734338" lat="22.3103540" lon="39.1017981"/>
  <node id="504734462" lat="22.3151154" lon="39.0974507"/>
  <node id="504734644" lat="22.3174071" lon="39.0965729"/>
  <node id="504734649" lat="22.3160285" lon="39.0976733"/>
  <node id="504734652" lat="22.3162831" lon="39.0977311"/>
  <node id="504913389" lat="22.3183036" lon="39.0992198"/>
  <node id="504913390" lat="22.3182701" lon="39.0987736"/>
  <node id="504913391" lat="22.3182149" lon="39.0990206"/>
  <node id="504913392" lat="22.3182178" lon="39.0992239"/>
  <node id="504913397" lat="22.3181862" lon="39.1001529"/>
  <node id="504913398" lat="22.3182796" lon="39.1001656"/>
  <node id="504913400" lat="22.3175781" lon="39.1029476"/>
  <node id="504913401" lat="22.3179747" lon="39.1019552"/>
  <node id="504913402" lat="22.3182268" lon="39.1007970"/>
  <node id="504913403" lat="22.3174732" lon="39.1029140"/>
  <node id="504913404" lat="22.3180635" lon="39.1012931"/>
  <node id="504913405" lat="22.3181295" lon="39.1008951"/>
  <node id="504913409" lat="22.3144856" lon="39.1108691"/>
  <node id="504913412" lat="22.3135209" lon="39.1095812"/>
  <node id="504913413" lat="22.3135241" lon="39.1092747"/>
  <node id="504913414" lat="22.3136252" lon="39.1091191"/>
  <node id="504913415" lat="22.3187485" lon="39.1164055"/>
  <node id="504913416" lat="22.3176286" lon="39.1146651"/>
  <node id="504913417" lat="22.3160657" lon="39.1127551"/>
  <node id="504913418" lat="22.3192792" lon="39.1173850"/>
  <node id="504913419" lat="22.3201438" lon="39.1193715"/>
  <node id="504913420" lat="22.3199833" lon="39.1202474"/>
  <node id="504913422" lat="22.3200227" lon="39.1197569"/>
  <node id="504913425" lat="22.3203300" lon="39.1196204"/>
  <node id="505052445" lat="22.3107577" lon="39.0943477"/>
  <node id="505052494" lat="22.3106305" lon="39.0951884"/>
  <node id="505052516" lat="22.3131671" lon="39.1012398"/>
  <node id="505052536" lat="22.3124282" lon="39.1021515"/>
  <node id="505052544" lat="22.3130879" lon="39.1020760"/>
  <node id="505052548" lat="22.3129173" lon="39.1060918"/>
  <node id="505052613" lat="22.3149587" lon="39.1003166">
    <tag k="bus" v="yes"/>
    <tag k="name" v="Harbor Recreation"/>
    <tag k="public_transport" v="stop_position"/>
  </node>
  <node id="505052676" lat="22.3137934" lon="39.1010916"/>
  <node id="505052684" lat="22.3132720" lon="39.1011132"/>
  <node id="505052752" lat="22.3133944" lon="39.1024112"/>
  <node id="505052757" lat="22.3134737" lon="39.1024980"/>
  <node id="505052789" lat="22.3148409" lon="39.1013165"/>
  <node id="505052812" lat="22.3133015" lon="39.1033698"/>
  <node id="505052815" lat="22.3133738" lon="39.1032691"/>
  <node id="505052856" lat="22.3142083" lon="39.1047673"/>
  <node id="505052862" lat="22.3141431" lon="39.1048535"/>
  <node id="505052877" lat="22.3145419" lon="39.1052047"/>
  <node id="505052880" lat="22.3148549" lon="39.1039310"/>
  <node id="505052947" lat="22.3177252" lon="39.1023456"/>
  <node id="505053127" lat="22.3155539" lon="39.1060960"/>
  <node id="505053130" lat="22.3153231" lon="39.1058927"/>
  <node id="506880343" lat="22.3122182" lon="39.1024190"/>
  <node id="510013113" lat="22.3155679" lon="39.0947825"/>
  <node id="512001145" lat="22.3149964" lon="39.1003809"/>
  <node id="516625124" lat="22.3066272" lon="39.1059594"/>
  <node id="516625142" lat="22.3065393" lon="39.1059802"/>
  <node id="516625165" lat="22.3065847" lon="39.1056689"/>
  <node id="516625180" lat="22.3065008" lon="39.1057505"/>
  <node id="516625194" lat="22.3065667" lon="39.1049006"/>
  <node id="516625225" lat="22.3064515" lon="39.1052347"/>
  <node id="516625250" lat="22.3065742" lon="39.1047688"/>
  <node id="516625264" lat="22.3064494" lon="39.1047783"/>
  <node id="516625287" lat="22.3066456" lon="39.1043471"/>
  <node id="516625315" lat="22.3065158" lon="39.1042964"/>
  <node id="516625350" lat="22.3067769" lon="39.1039373"/>
  <node id="516625371" lat="22.3066432" lon="39.1038844"/>
  <node id="516625491" lat="22.3069810" lon="39.1034689"/>
  <node id="516625519" lat="22.3068609" lon="39.1033894"/>
  <node id="516625625" lat="22.3075079" lon="39.1027400"/>
  <node id="516625716" lat="22.3077553" lon="39.1025302"/>
  <node id="516625757" lat="22.3076999" lon="39.1024545"/>
  <node id="516625787" lat="22.3080709" lon="39.1022974"/>
  <node id="516625824" lat="22.3080025" lon="39.1022335"/>
  <node id="516625846" lat="22.3084073" lon="39.1021190"/>
  <node id="516625937" lat="22.3083651" lon="39.1020472"/>
  <node id="516626014" lat="22.3087655" lon="39.1019763"/>
  <node id="516626128" lat="22.3094275" lon="39.1017746"/>
  <node id="516626146" lat="22.3097212" lon="39.1018678"/>
  <node id="516626179" lat="22.3102304" lon="39.1019053"/>
  <node id="516626221" lat="22.3107214" lon="39.1020703">
    <tag k="crossing:markings" v="yes"/>
    <tag k="crossing:signals" v="no"/>
    <tag k="highway" v="crossing"/>
    <tag k="kerb" v="flush"/>
  </node>
  <node id="516626247" lat="22.3107806" lon="39.1019792">
    <tag k="crossing:markings" v="yes"/>
    <tag k="crossing:signals" v="no"/>
    <tag k="highway" v="crossing"/>
  </node>
  <node id="516626281" lat="22.3110866" lon="39.1022405"/>
  <node id="516626307" lat="22.3111405" lon="39.1021608"/>
  <node id="516626342" lat="22.3114738" lon="39.1024784"/>
  <node id="516626358" lat="22.3115253" lon="39.1024112"/>
  <node id="516674864" lat="22.3065774" lon="39.1056193"/>
  <node id="516674885" lat="22.3064828" lon="39.1056466"/>
  <node id="516675297" lat="22.3073231" lon="39.1029643">
    <tag k="crossing:signals" v="no"/>
    <tag k="highway" v="crossing"/>
  </node>
  <node id="516681239" lat="22.3089306" lon="39.1019445">
    <tag k="crossing:markings" v="yes"/>
    <tag k="crossing:signals" v="no"/>
    <tag k="highway" v="crossing"/>
    <tag k="kerb" v="lowered"/>
  </node>
  <node id="519639406" lat="22.3149840" lon="39.1034368"/>
  <node id="528932845" lat="22.3126558" lon="39.0974154"/>
  <node id="528932862" lat="22.3132721" lon="39.0973724"/>
  <node id="538965375" lat="22.3100471" lon="39.0960183"/>
  <node id="538965377" lat="22.3098001" lon="39.0970705"/>
  <node id="538965380" lat="22.3103020" lon="39.0972547"/>
  <node id="538965389" lat="22.3105243" lon="39.0961828"/>
  <node id="539629214" lat="22.3107739" lon="39.0973811"/>
  <node id="539629237" lat="22.3112818" lon="39.0974450"/>
  <node id="556192121" lat="22.3112009" lon="39.1072245"/>
  <node id="556390984" lat="22.3127224" lon="39.1090100"/>
  <node id="556390988" lat="22.3128754" lon="39.1092581"/>
  <node id="556390990" lat="22.3129307" lon="39.1095077"/>
  <node id="556390992" lat="22.3125572" lon="39.1100581"/>
  <node id="556390995" lat="22.3126104" lon="39.1101429"/>
  <node id="556390997" lat="22.3129635" lon="39.1098572"/>
  <node id="556390999" lat="22.3132161" lon="39.1097842"/>
  <node id="556391001" lat="22.3134903" lon="39.1099325"/>
  <node id="556391003" lat="22.3098322" lon="39.1117092"/>
  <node id="556391005" lat="22.3097836" lon="39.1121157"/>
  <node id="556391016" lat="22.3098458" lon="39.1118794"/>
  <node id="556391018" lat="22.3098363" lon="39.1119846"/>
  <node id="556391020" lat="22.3102708" lon="39.1119572"/>
  <node id="556391022" lat="22.3103718" lon="39.1118283"/>
  <node id="556391024" lat="22.3098130" lon="39.1120518"/>
  <node id="556391028" lat="22.3098126" lon="39.1122218"/>
  <node id="556391030" lat="22.3099321" lon="39.1122212"/>
  <node id="556391032" lat="22.3099959" lon="39.1122241"/>
  <node id="556391034" lat="22.3100458" lon="39.1122385"/>
  <node id="556391036" lat="22.3102647" lon="39.1122562"/>
  <node id="556391038" lat="22.3102553" lon="39.1121130"/>
  <node id="556391040" lat="22.3102585" lon="39.1120221"/>
  <node id="556391042" lat="22.3101699" lon="39.1123071"/>
  <node id="556391044" lat="22.3120969" lon="39.1155835"/>
  <node id="556391048" lat="22.3133243" lon="39.1175949"/>
  <node id="556391051" lat="22.3140758" lon="39.1185988"/>
  <node id="556391054" lat="22.3147683" lon="39.1192622"/>
  <node id="556391056" lat="22.3154014" lon="39.1196825"/>
  <node id="556391058" lat="22.3159287" lon="39.1199529"/>
  <node id="556391079" lat="22.3169484" lon="39.1202599"/>
  <node id="556391081" lat="22.3179370" lon="39.1203624"/>
  <node id="556391083" lat="22.3184217" lon="39.1203498"/>
  <node id="556391084" lat="22.3186658" lon="39.1203319"/>
  <node id="559125109" lat="22.3065764" lon="39.1055817"/>
  <node id="559125112" lat="22.3064622" lon="39.1055823"/>
  <node id="559125116" lat="22.3073471" lon="39.1138112"/>
  <node id="559125119" lat="22.3073728" lon="39.1139789"/>
  <node id="559125121" lat="22.3077891" lon="39.1137728"/>
  <node id="559125122" lat="22.3076571" lon="39.1138112"/>
  <node id="559125123" lat="22.3075323" lon="39.1137977"/>
  <node id="559125125" lat="22.3073757" lon="39.1136924"/>
  <node id="559125126" lat="22.3054839" lon="39.1165265">
    <tag k="highway" v="traffic_signals"/>
  </node>
  <node id="559125127" lat="22.3055655" lon="39.1165587">
    <tag k="highway" v="traffic_signals"/>
  </node>
  <node id="559125133" lat="22.3058508" lon="39.1161751"/>
  <node id="559125139" lat="22.3075889" lon="39.1141539">
    <tag k="highway" v="traffic_signals"/>
  </node>
  <node id="559125140" lat="22.3073664" lon="39.1141071"/>
  <node id="559125141" lat="22.3073234" lon="39.1142481"/>
  <node id="559125142" lat="22.3072574" lon="39.1143831"/>
  <node id="559125145" lat="22.3076401" lon="39.1141141">
    <tag k="highway" v="traffic_signals"/>
  </node>
  <node id="559125146" lat="22.3075333" lon="39.1140809">
    <tag k="highway" v="traffic_signals"/>
  </node>
  <node id="559125149" lat="22.3051897" lon="39.1171159"/>
  <node id="559125153" lat="22.3079197" lon="39.1136968"/>
  <node id="560070511" lat="22.3246011" lon="39.1133362"/>
  <node id="600842315" lat="22.3140993" lon="39.1022894"/>
  <node id="600842316" lat="22.3141405" lon="39.1022364"/>
  <node id="600872214" lat="22.3106228" lon="39.1061592"/>
  <node id="600872215" lat="22.3104451" lon="39.1063413"/>
  <node id="625058467" lat="22.3262955" lon="39.1203720"/>
  <node id="627288590" lat="22.3049045" lon="39.1176312"/>
  <node id="631382928" lat="22.3066444" lon="39.1060124"/>
  <node id="631382929" lat="22.3065622" lon="39.1060516"/>
  <node id="642932290" lat="22.3138448" lon="39.0931519">
    <tag k="highway" v="stop"/>
  </node>
  <node id="642932291" lat="22.3138931" lon="39.0940655">
    <tag k="highway" v="stop"/>
  </node>
  <node id="642932292" lat="22.3138374" lon="39.0940617">
    <tag k="highway" v="stop"/>
  </node>
  <node id="642932293" lat="22.3138671" lon="39.0953048">
    <tag k="highway" v="stop"/>
  </node>
  <node id="642932294" lat="22.3139401" lon="39.0953097">
    <tag k="highway" v="stop"/>
  </node>
  <node id="642932295" lat="22.3140185" lon="39.0963336">
    <tag k="highway" v="crossing"/>
  </node>
  <node id="642932296" lat="22.3139265" lon="39.0963432">
    <tag k="highway" v="stop"/>
  </node>
  <node id="642932297" lat="22.3140799" lon="39.0972987">
    <tag k="highway" v="crossing"/>
  </node>
  <node id="642932298" lat="22.3139670" lon="39.0972950">
    <tag k="highway" v="stop"/>
  </node>
  <node id="642932299" lat="22.3146387" lon="39.0998099">
    <tag k="highway" v="stop"/>
  </node>
  <node id="642932300" lat="22.3147737" lon="39.1000316"/>
  <node id="642932301" lat="22.3169787" lon="39.0966250">
    <tag k="highway" v="stop"/>
  </node>
  <node id="642932302" lat="22.3169895" lon="39.0967455">
    <tag k="highway" v="stop"/>
  </node>
  <node id="642932303" lat="22.3152311" lon="39.1008341">
    <tag k="highway" v="stop"/>
  </node>
  <node id="642932304" lat="22.3161246" lon="39.1017818">
    <tag k="highway" v="stop"/>
  </node>
  <node id="644629274" lat="22.3069104" lon="39.0940137">
    <tag k="highway" v="stop"/>
  </node>
  <node id="644629277" lat="22.3075781" lon="39.0947312">
    <tag k="highway" v="stop"/>
  </node>
  <node id="644629278" lat="22.3061893" lon="39.0953481">
    <tag k="highway" v="stop"/>
  </node>
  <node id="644629280" lat="22.3070040" lon="39.0954083">
    <tag k="highway" v="stop"/>
  </node>
  <node id="644629282" lat="22.3090555" lon="39.0930477">
    <tag k="highway" v="stop"/>
  </node>
  <node id="644629284" lat="22.3089612" lon="39.0939656">
    <tag k="highway" v="stop"/>
  </node>
  <node id="644629287" lat="22.3110828" lon="39.0933587">
    <tag k="highway" v="stop"/>
  </node>
  <node id="644629288" lat="22.3109073" lon="39.0943873">
    <tag k="highway" v="stop"/>
  </node>
  <node id="644629289" lat="22.3111417" lon="39.0944195">
    <tag k="highway" v="stop"/>
  </node>
  <node id="644629290" lat="22.3120199" lon="39.0933158">
    <tag k="highway" v="stop"/>
  </node>
  <node id="644629292" lat="22.3121954" lon="39.0942411">
    <tag k="highway" v="stop"/>
  </node>
  <node id="644629294" lat="22.3082117" lon="39.0954650">
    <tag k="highway" v="stop"/>
  </node>
  <node id="644629295" lat="22.3096922" lon="39.0960294">
    <tag k="highway" v="stop"/>
  </node>
  <node id="644629296" lat="22.3104904" lon="39.0972949">
    <tag k="highway" v="stop"/>
  </node>
  <node id="644629297" lat="22.3107502" lon="39.0952415">
    <tag k="highway" v="stop"/>
  </node>
  <node id="644629298" lat="22.3108273" lon="39.0952663">
    <tag k="highway" v="stop"/>
  </node>
  <node id="644629299" lat="22.3118395" lon="39.0955569">
    <tag k="highway" v="stop"/>
  </node>
  <node id="644629300" lat="22.3106167" lon="39.0962401">
    <tag k="highway" v="stop"/>
  </node>
  <node id="644629301" lat="22.3106933" lon="39.0962646">
    <tag k="highway" v="stop"/>
  </node>
  <node id="644629302" lat="22.3117917" lon="39.0964222">
    <tag k="highway" v="stop"/>
  </node>
  <node id="644629303" lat="22.3116970" lon="39.0964146">
    <tag k="highway" v="stop"/>
  </node>
  <node id="644629304" lat="22.3115355" lon="39.0974464">
    <tag k="highway" v="stop"/>
  </node>
  <node id="644629305" lat="22.3116718" lon="39.0974448">
    <tag k="highway" v="stop"/>
  </node>
  <node id="644629306" lat="22.3129551" lon="39.0964696">
    <tag k="highway" v="stop"/>
  </node>
  <node id="644629309" lat="22.3168020" lon="39.0943385">
    <tag k="highway" v="stop"/>
  </node>
  <node id="644629310" lat="22.3174301" lon="39.0942723">
    <tag k="highway" v="stop"/>
  </node>
  <node id="644629312" lat="22.3156169" lon="39.0964858">
    <tag k="highway" v="stop"/>
  </node>
  <node id="644629314" lat="22.3155085" lon="39.0974865">
    <tag k="highway" v="stop"/>
  </node>
  <node id="644629316" lat="22.3170457" lon="39.0978562">
    <tag k="highway" v="stop"/>
  </node>
  <node id="644629317" lat="22.3154421" lon="39.1028094">
    <tag k="direction" v="both"/>
    <tag k="highway" v="stop"/>
  </node>
  <node id="646249774" lat="22.3127332" lon="39.1017764">
    <tag k="highway" v="stop"/>
  </node>
  <node id="646249782" lat="22.3137744" lon="39.1027279">
    <tag k="direction" v="forward"/>
    <tag k="highway" v="stop"/>
  </node>
  <node id="646249783" lat="22.3136966" lon="39.1028439">
    <tag k="direction" v="backward"/>
    <tag k="highway" v="stop"/>
  </node>
  <node id="646249784" lat="22.3144315" lon="39.1018745">
    <tag k="direction" v="backward"/>
    <tag k="highway" v="stop"/>
  </node>
  <node id="646249786" lat="22.3145081" lon="39.1017841">
    <tag k="direction" v="forward"/>
    <tag k="highway" v="stop"/>
  </node>
  <node id="646519140" lat="22.3084776" lon="39.0957085">
    <tag k="highway" v="stop"/>
  </node>
  <node id="646613238" lat="22.3162012" lon="39.0943765"/>
  <node id="677544751" lat="22.3060450" lon="39.0957152"/>
  <node id="677544752" lat="22.3060851" lon="39.0959278"/>
  <node id="677544754" lat="22.3061184" lon="39.0959928"/>
  <node id="677544755" lat="22.3061926" lon="39.0961110"/>
  <node id="677544809" lat="22.3064077" lon="39.0963025"/>
  <node id="677544810" lat="22.3065943" lon="39.0963991"/>
  <node id="677544824" lat="22.3073031" lon="39.0964667">
    <tag k="bus" v="yes"/>
    <tag k="name" v="H-4104B"/>
    <tag k="public_transport" v="stop_position"/>
  </node>
  <node id="677544869" lat="22.3077653" lon="39.0964421"/>
  <node id="679007451" lat="22.3095152" lon="39.0969209">
    <tag k="highway" v="stop"/>
  </node>
  <node id="679007454" lat="22.3084246" lon="39.0965268">
    <tag k="highway" v="stop"/>
  </node>
  <node id="679007459" lat="22.3078467" lon="39.0964508"/>
  <node id="679007466" lat="22.3083719" lon="39.0965963"/>
  <node id="724101166" lat="22.3071920" lon="39.1031321"/>
  <node id="724101259" lat="22.3099514" lon="39.1018703"/>
  <node id="797787924" lat="22.3165623" lon="39.1067822"/>
  <node id="797787925" lat="22.3165958" lon="39.1067230"/>
  <node id="797787927" lat="22.3186081" lon="39.1045420"/>
  <node id="797787928" lat="22.3190716" lon="39.1042996"/>
  <node id="797787930" lat="22.3191385" lon="39.1034406"/>
  <node id="797787932" lat="22.3183941" lon="39.1027907"/>
  <node id="797787934" lat="22.3184300" lon="39.1037246"/>
  <node id="797787937" lat="22.3170941" lon="39.1059479"/>
  <node id="797787940" lat="22.3187497" lon="39.1036040"/>
  <node id="797787942" lat="22.3183167" lon="39.1039138"/>
  <node id="797787943" lat="22.3168272" lon="39.1063201"/>
  <node id="797787945" lat="22.3177353" lon="39.1051872"/>
  <node id="797787948" lat="22.3177954" lon="39.1023997"/>
  <node id="797787950" lat="22.3164913" lon="39.1069430"/>
  <node id="797787952" lat="22.3173747" lon="39.1056213"/>
  <node id="797787954" lat="22.3183086" lon="39.1047110"/>
  <node id="797787955" lat="22.3189567" lon="39.1043666"/>
  <node id="797787958" lat="22.3183137" lon="39.1038500"/>
  <node id="797787959" lat="22.3183506" lon="39.1037950">
    <tag k="bus" v="yes"/>
    <tag k="name" v="G-3767"/>
    <tag k="public_transport" v="stop_position"/>
  </node>
  <node id="797787961" lat="22.3179476" lon="39.1049738"/>
  <node id="842167171" lat="22.3165847" lon="39.1100781"/>
  <node id="842167177" lat="22.3159190" lon="39.1093996"/>
  <node id="842167184" lat="22.3162988" lon="39.1081463"/>
  <node id="842167197" lat="22.3160433" lon="39.1100921"/>
  <node id="842167199" lat="22.3158702" lon="39.1080569"/>
  <node id="842167203" lat="22.3168249" lon="39.1102915"/>
  <node id="842167208" lat="22.3157654" lon="39.1095770"/>
  <node id="842167221" lat="22.3162897" lon="39.1077366"/>
  <node id="842167255" lat="22.3170430" lon="39.1093420"/>
  <node id="842167257" lat="22.3158605" lon="39.1077965"/>
  <node id="842167259" lat="22.3172502" lon="39.1106583"/>
  <node id="842167264" lat="22.3164693" lon="39.1086177"/>
  <node id="842167269" lat="22.3164073" lon="39.1071979"/>
  <node id="842167287" lat="22.3163066" lon="39.1097979"/>
  <node id="842167304" lat="22.3156931" lon="39.1096645"/>
  <node id="842167306" lat="22.3158131" lon="39.1079759"/>
  <node id="842167308" lat="22.3176475" lon="39.1109121"/>
  <node id="845165122" lat="22.3216683" lon="39.0920351"/>
  <node id="845165127" lat="22.3208186" lon="39.0933937"/>
  <node id="845165130" lat="22.3242191" lon="39.0923339">
    <tag k="bus" v="yes"/>
    <tag k="name" v="I-542M"/>
    <tag k="public_transport" v="stop_position"/>
  </node>
  <node id="845165132" lat="22.3177399" lon="39.0954958"/>
  <node id="845165150" lat="22.3205565" lon="39.0919735"/>
  <node id="845165151" lat="22.3229611" lon="39.0937139"/>
  <node id="845165152" lat="22.3204615" lon="39.0919846"/>
  <node id="845165153" lat="22.3176507" lon="39.0958215"/>
  <node id="845165155" lat="22.3235188" lon="39.0924244"/>
  <node id="845165157" lat="22.3176720" lon="39.0968056"/>
  <node id="845165173" lat="22.3175772" lon="39.0937914"/>
  <node id="845165174" lat="22.3195804" lon="39.0922214"/>
  <node id="845165176" lat="22.3240883" lon="39.0934259"/>
  <node id="845165178" lat="22.3178121" lon="39.0977837"/>
  <node id="845165182" lat="22.3181071" lon="39.0982366"/>
  <node id="845165192" lat="22.3185727" lon="39.0928511"/>
  <node id="845165194" lat="22.3245346" lon="39.0930467"/>
  <node id="845165196" lat="22.3175188" lon="39.0932116">
    <tag k="highway" v="traffic_signals"/>
  </node>
  <node id="845165212" lat="22.3220153" lon="39.0921570"/>
  <node id="845165215" lat="22.3174319" lon="39.0932392">
    <tag k="highway" v="traffic_signals"/>
  </node>
  <node id="845165217" lat="22.3244051" lon="39.0924331"/>
  <node id="845165235" lat="22.3209450" lon="39.0919580"/>
  <node id="845165237" lat="22.3223822" lon="39.0936101"/>
  <node id="845165239" lat="22.3176568" lon="39.0954263"/>
  <node id="845165241" lat="22.3239092" lon="39.0923266"/>
  <node id="845165248" lat="22.3176831" lon="39.0963562"/>
  <node id="845165257" lat="22.3198022" lon="39.0921276"/>
  <node id="845165259" lat="22.3237667" lon="39.0935725"/>
  <node id="845165261" lat="22.3176806" lon="39.0974075"/>
  <node id="845165272" lat="22.3178740" lon="39.0977055"/>
  <node id="845165278" lat="22.3187636" lon="39.0927573"/>
  <node id="845165279" lat="22.3244357" lon="39.0932112"/>
  <node id="845165280" lat="22.3181966" lon="39.0988184"/>
  <node id="845165296" lat="22.3223494" lon="39.0923018"/>
  <node id="845165299" lat="22.3190387" lon="39.0938024"/>
  <node id="845165302" lat="22.3245290" lon="39.0926229"/>
  <node id="845165303" lat="22.3176688" lon="39.0945767"/>
  <node id="845165314" lat="22.3213088" lon="39.0920003">
    <tag k="bus" v="yes"/>
    <tag k="name" v="I-552M"/>
    <tag k="public_transport" v="stop_position"/>
  </node>
  <node id="845165316" lat="22.3217228" lon="39.0934728"/>
  <node id="845165318" lat="22.3176395" lon="39.0950685"/>
  <node id="845165322" lat="22.3240424" lon="39.0923078"/>
  <node id="845165323" lat="22.3177312" lon="39.0958320"/>
  <node id="845165337" lat="22.3199999" lon="39.0920914"/>
  <node id="845165339" lat="22.3233676" lon="39.0936737"/>
  <node id="845165346" lat="22.3230571" lon="39.0924572"/>
  <node id="845165349" lat="22.3177556" lon="39.0973584"/>
  <node id="845165358" lat="22.3192742" lon="39.0924237"/>
  <node id="845165359" lat="22.3242903" lon="39.0933187"/>
  <node id="845165362" lat="22.3180791" lon="39.0983693"/>
  <node id="845165368" lat="22.3182282" lon="39.0985793"/>
  <node id="845165373" lat="22.3226977" lon="39.0924090"/>
  <node id="845165376" lat="22.3181203" lon="39.0940755"/>
  <node id="845165378" lat="22.3181537" lon="39.0930172"/>
  <node id="845165384" lat="22.3245636" lon="39.0929229"/>
  <node id="845165393" lat="22.3176341" lon="39.0942200"/>
  <node id="845572609" lat="22.3245663" lon="39.0927736"/>
  <node id="883219967" lat="22.3158735" lon="39.0934356"/>
  <node id="883220206" lat="22.3162005" lon="39.0934426">
    <tag k="bus" v="yes"/>
    <tag k="name" v="I-5704"/>
    <tag k="public_transport" v="stop_position"/>
  </node>
  <node id="884893350" lat="22.3174320" lon="39.0932769"/>
  <node id="884893407" lat="22.3239734" lon="39.0934814"/>
  <node id="884893478" lat="22.3245677" lon="39.0928862"/>
  <node id="884893488" lat="22.3240902" lon="39.0923068"/>
  <node id="884893953" lat="22.3175209" lon="39.0932845"/>
  <node id="884893956" lat="22.3176266" lon="39.0941780"/>
  <node id="887932181" lat="22.3176589" lon="39.0965586"/>
  <node id="935559091" lat="22.3160700" lon="39.1102380"/>
  <node id="935559092" lat="22.3160930" lon="39.1104170"/>
  <node id="935559095" lat="22.3162400" lon="39.1105660"/>
  <node id="935559097" lat="22.3165400" lon="39.1106600"/>
  <node id="935559098" lat="22.3169106" lon="39.1110193"/>
  <node id="935559100" lat="22.3174430" lon="39.1114098"/>
  <node id="935559102" lat="22.3175979" lon="39.1114764"/>
  <node id="935559104" lat="22.3178930" lon="39.1114480"/>
  <node id="935559107" lat="22.3183910" lon="39.1113700"/>
  <node id="935559109" lat="22.3187820" lon="39.1114280"/>
  <node id="935559111" lat="22.3192400" lon="39.1116200"/>
  <node id="935559112" lat="22.3196627" lon="39.1119578"/>
  <node id="935559113" lat="22.3199529" lon="39.1123544"/>
  <node id="935559114" lat="22.3202684" lon="39.1130114"/>
  <node id="935559116" lat="22.3206205" lon="39.1132415"/>
  <node id="935559118" lat="22.3215839" lon="39.1134535"/>
  <node id="935559120" lat="22.3221416" lon="39.1135685"/>
  <node id="935559126" lat="22.3226000" lon="39.1134360"/>
  <node id="935559128" lat="22.3230590" lon="39.1132830"/>
  <node id="935559131" lat="22.3238550" lon="39.1132900"/>
  <node id="935559134" lat="22.3244000" lon="39.1133700"/>
  <node id="935559150" lat="22.3096523" lon="39.1122316"/>
  <node id="935559157" lat="22.3093382" lon="39.1124617"/>
  <node id="984512799" lat="22.3204446" lon="39.1033030"/>
  <node id="984512824" lat="22.3166923" lon="39.1078954"/>
  <node id="984512829" lat="22.3207640" lon="39.1033427"/>
  <node id="984512845" lat="22.3196700" lon="39.1040997"/>
  <node id="984512855" lat="22.3163317" lon="39.1074570"/>
  <node id="984512864" lat="22.3202820" lon="39.1049811"/>
  <node id="984512904" lat="22.3170831" lon="39.1081232"/>
  <node id="984512915" lat="22.3193260" lon="39.1041768"/>
  <node id="984512935" lat="22.3190365" lon="39.1083520"/>
  <node id="984512950" lat="22.3168083" lon="39.1091135"/>
  <node id="984512953" lat="22.3176448" lon="39.1084545"/>
  <node id="984512958" lat="22.3180894" lon="39.1074698"/>
  <node id="984512961" lat="22.3203855" lon="39.1032991"/>
  <node id="984512968" lat="22.3184555" lon="39.1078746"/>
  <node id="984512970" lat="22.3201162" lon="39.1040863"/>
  <node id="984512991" lat="22.3162795" lon="39.1078660"/>
  <node id="984513001" lat="22.3205287" lon="39.1050168"/>
  <node id="984513008" lat="22.3177686" lon="39.1022368">
    <tag k="crossing:signals" v="no"/>
    <tag k="highway" v="crossing"/>
  </node>
  <node id="984513027" lat="22.3169354" lon="39.1092554"/>
  <node id="984513047" lat="22.3191442" lon="39.1051967"/>
  <node id="984513057" lat="22.3180573" lon="39.1075563"/>
  <node id="984513069" lat="22.3186742" lon="39.1091080"/>
  <node id="984513074" lat="22.3198900" lon="39.1033014"/>
  <node id="984513078" lat="22.3205908" lon="39.1041368"/>
  <node id="984513137" lat="22.3165714" lon="39.1078686"/>
  <node id="984513141" lat="22.3200051" lon="39.1049720"/>
  <node id="984513150" lat="22.3187792" lon="39.1044496"/>
  <node id="984513167" lat="22.3165956" lon="39.1087564"/>
  <node id="984513176" lat="22.3197276" lon="39.1049833"/>
  <node id="984513180" lat="22.3181493" lon="39.1076333"/>
  <node id="984513182" lat="22.3194127" lon="39.1050606"/>
  <node id="984513193" lat="22.3188843" lon="39.1053485"/>
  <node id="984513196" lat="22.3168590" lon="39.1079731"/>
  <node id="984513201" lat="22.3184933" lon="39.1063727"/>
  <node id="984513205" lat="22.3187547" lon="39.1055017"/>
  <node id="984513210" lat="22.3190251" lon="39.1052643"/>
  <node id="984513216" lat="22.3181022" lon="39.1102250"/>
  <node id="984513218" lat="22.3195173" lon="39.1033496"/>
  <node id="986764067" lat="22.3204634" lon="39.1050042"/>
  <node id="1000521731" lat="22.3124058" lon="39.1032302"/>
  <node id="1000521742" lat="22.3113922" lon="39.1074605">
    <tag k="barrier" v="lift_gate"/>
    <tag k="bicycle" v="yes"/>
    <tag k="foot" v="yes"/>
    <tag k="horse" v="yes"/>
    <tag k="motorcar" v="yes"/>
    <tag k="motorcycle" v="yes"/>
  </node>
  <node id="1000521759" lat="22.3107386" lon="39.1066866">
    <tag k="highway" v="stop"/>
  </node>
  <node id="1000521769" lat="22.3109125" lon="39.1065186">
    <tag k="highway" v="stop"/>
  </node>
  <node id="1000521778" lat="22.3115416" lon="39.1073163">
    <tag k="barrier" v="lift_gate"/>
    <tag k="bicycle" v="yes"/>
    <tag k="foot" v="yes"/>
    <tag k="horse" v="yes"/>
    <tag k="motorcar" v="yes"/>
    <tag k="motorcycle" v="yes"/>
  </node>
  <node id="1000687932" lat="22.3136721" lon="39.1006206"/>
  <node id="1032658103" lat="22.3123434" lon="39.1032833"/>
  <node id="1143924979" lat="22.3201895" lon="39.1114088"/>
  <node id="1143924986" lat="22.3185930" lon="39.1105594"/>
  <node id="1143924991" lat="22.3191884" lon="39.1110830"/>
  <node id="1143924994" lat="22.3185434" lon="39.1105680"/>
  <node id="1143924997" lat="22.3206098" lon="39.1119353"/>
  <node id="1143925000" lat="22.3205141" lon="39.1126168"/>
  <node id="1143925003" lat="22.3191795" lon="39.1093796">
    <tag k="bus" v="yes"/>
    <tag k="name" v="G-3365"/>
    <tag k="public_transport" v="stop_position"/>
  </node>
  <node id="1143925009" lat="22.3195158" lon="39.1095210"/>
  <node id="1143925013" lat="22.3193958" lon="39.1104001"/>
  <node id="1143925016" lat="22.3202146" lon="39.1089107"/>
  <node id="1143925019" lat="22.3203183" lon="39.1114052"/>
  <node id="1143925022" lat="22.3198615" lon="39.1087881"/>
  <node id="1143925027" lat="22.3191647" lon="39.1110244"/>
  <node id="1143925032" lat="22.3185018" lon="39.1105466"/>
  <node id="1143925035" lat="22.3206726" lon="39.1114445"/>
  <node id="1143925040" lat="22.3182523" lon="39.1099268"/>
  <node id="1143925044" lat="22.3191727" lon="39.1109798"/>
  <node id="1143925048" lat="22.3208806" lon="39.1098058"/>
  <node id="1143925053" lat="22.3207630" lon="39.1106842"/>
  <node id="1143925058" lat="22.3202851" lon="39.1118806"/>
  <node id="1143925062" lat="22.3207896" lon="39.1089947"/>
  <node id="1143925067" lat="22.3201573" lon="39.1118445"/>
  <node id="1143925069" lat="22.3194886" lon="39.1111584"/>
  <node id="1143925073" lat="22.3195549" lon="39.1111036"/>
  <node id="1143925078" lat="22.3186366" lon="39.1105016"/>
  <node id="1143925081" lat="22.3187442" lon="39.1102071"/>
  <node id="1143925083" lat="22.3198121" lon="39.1096392"/>
  <node id="1143925087" lat="22.3203047" lon="39.1106275"/>
  <node id="1143925092" lat="22.3197526" lon="39.1096152"/>
  <node id="1143925098" lat="22.3206079" lon="39.1090182">
    <tag k="highway" v="crossing"/>
  </node>
  <node id="1143925103" lat="22.3197040" lon="39.1095985"/>
  <node id="1143925104" lat="22.3196401" lon="39.1104844"/>
  <node id="1143925109" lat="22.3201455" lon="39.1114492"/>
  <node id="1143925114" lat="22.3204693" lon="39.1089764"/>
  <node id="1143925117" lat="22.3192762" lon="39.1111273"/>
  <node id="1159265012" lat="22.3203404" lon="39.1054156"/>
  <node id="1159265020" lat="22.3198669" lon="39.1078247"/>
  <node id="1159265033" lat="22.3198883" lon="39.1060895"/>
  <node id="1159265070" lat="22.3187229" lon="39.1056281"/>
  <node id="1159265090" lat="22.3196466" lon="39.1051777"/>
  <node id="1159265109" lat="22.3188962" lon="39.1066282">
    <tag k="bus" v="yes"/>
    <tag k="name" v="G-3529"/>
    <tag k="public_transport" v="stop_position"/>
  </node>
  <node id="1159265143" lat="22.3188388" lon="39.1074070"/>
  <node id="1159265154" lat="22.3198639" lon="39.1069777"/>
  <node id="1159265190" lat="22.3201448" lon="39.1053796"/>
  <node id="1159265194" lat="22.3196492" lon="39.1050030"/>
  <node id="1159265201" lat="22.3195872" lon="39.1077579"/>
  <node id="1159265218" lat="22.3195189" lon="39.1059666"/>
  <node id="1159265261" lat="22.3188254" lon="39.1054499">
    <tag k="highway" v="crossing"/>
  </node>
  <node id="1159265284" lat="22.3195977" lon="39.1050486"/>
  <node id="1159265302" lat="22.3204935" lon="39.1054244"/>
  <node id="1159265321" lat="22.3198447" lon="39.1052942"/>
  <node id="1159265350" lat="22.3182387" lon="39.1070886"/>
  <node id="1159265361" lat="22.3194327" lon="39.1068536"/>
  <node id="1159265399" lat="22.3199825" lon="39.1053418"/>
  <node id="1159265405" lat="22.3193091" lon="39.1076670"/>
  <node id="1159265442" lat="22.3192343" lon="39.1058119"/>
  <node id="1159265528" lat="22.3202471" lon="39.1078675"/>
  <node id="1159265555" lat="22.3203217" lon="39.1061541"/>
  <node id="1159265580" lat="22.3197257" lon="39.1052443"/>
  <node id="1159265594" lat="22.3193013" lon="39.1067951"/>
  <node id="1159265636" lat="22.3191254" lon="39.1075798"/>
  <node id="1159265649" lat="22.3202668" lon="39.1070338"/>
  <node id="1410251023" lat="22.3203065" lon="39.1083488"/>
  <node id="1410251024" lat="22.3204320" lon="39.1085571"/>
  <node id="1410251051" lat="22.3205686" lon="39.1087150"/>
  <node id="1410251059" lat="22.3207020" lon="39.1088492"/>
  <node id="1410251080" lat="22.3209020" lon="39.1092358"/>
  <node id="1410251095" lat="22.3209127" lon="39.1095295"/>
  <node id="1410251247" lat="22.3213328" lon="39.1098395"/>
  <node id="1410251388" lat="22.3218787" lon="39.1098824"/>
  <node id="1410251404" lat="22.3221701" lon="39.1099462"/>
  <node id="1410251824" lat="22.3230875" lon="39.1101730"/>
  <node id="1410252209" lat="22.3237882" lon="39.1103383"/>
  <node id="1410252405" lat="22.3244997" lon="39.1104167"/>
  <node id="1410252409" lat="22.3245807" lon="39.1087814"/>
  <node id="1410252470" lat="22.3247578" lon="39.1104470"/>
  <node id="1415696162" lat="22.3075346" lon="39.1077464"/>
  <node id="1415696357" lat="22.3139025" lon="39.0936087"/>
  <node id="1415696428" lat="22.3154973" lon="39.0939309"/>
  <node id="1415696440" lat="22.3167360" lon="39.0939048"/>
  <node id="1417967633" lat="22.3102221" lon="39.1123879">
    <tag k="barrier" v="block"/>
  </node>
  <node id="1417967704" lat="22.3103089" lon="39.1123326">
    <tag k="barrier" v="block"/>
  </node>
  <node id="1420212655" lat="22.3083807" lon="39.1132580"/>
  <node id="1420212687" lat="22.3139518" lon="39.1087803"/>
  <node id="1474848608" lat="22.3208652" lon="39.1078506"/>
  <node id="1474848609" lat="22.3215615" lon="39.1078550"/>
  <node id="1474848617" lat="22.3223446" lon="39.1077540"/>
  <node id="1474848621" lat="22.3224939" lon="39.1077234"/>
  <node id="1474848622" lat="22.3229063" lon="39.1076366">
    <tag k="bus" v="yes"/>
    <tag k="name" v="G-1427"/>
    <tag k="public_transport" v="stop_position"/>
  </node>
  <node id="1474848627" lat="22.3233275" lon="39.1076328"/>
  <node id="1474848628" lat="22.3236134" lon="39.1077061">
    <tag k="bus" v="yes"/>
    <tag k="name" v="G-1427"/>
    <tag k="public_transport" v="stop_position"/>
  </node>
  <node id="1474848635" lat="22.3241699" lon="39.1080751"/>
  <node id="1474848636" lat="22.3242161" lon="39.1081348">
    <tag k="bus" v="yes"/>
    <tag k="name" v="Gardens School"/>
    <tag k="public_transport" v="stop_position"/>
  </node>
  <node id="1474848637" lat="22.3246041" lon="39.1088238"/>
  <node id="1474848638" lat="22.3247382" lon="39.1091857">
    <tag k="bus" v="yes"/>
    <tag k="name" v="G-1445"/>
    <tag k="public_transport" v="stop_position"/>
  </node>
  <node id="1474848639" lat="22.3247547" lon="39.1094904">
    <tag k="bus" v="yes"/>
    <tag k="name" v="GES"/>
    <tag k="public_transport" v="stop_position"/>
  </node>
  <node id="1485526572" lat="22.3139791" lon="39.1047338">
    <tag k="highway" v="traffic_signals"/>
  </node>
  <node id="1495051291" lat="22.3113171" lon="39.1023600"/>
  <node id="1495051293" lat="22.3113698" lon="39.1022855"/>
  <node id="1533893166" lat="22.3065712" lon="39.1052160"/>
  <node id="1533893182" lat="22.3066908" lon="39.1061552">
    <tag k="highway" v="crossing"/>
  </node>
  <node id="1533896536" lat="22.3115387" lon="39.1025324"/>
  <node id="1533896592" lat="22.3115874" lon="39.1024681"/>
  <node id="1534882803" lat="22.3066151" lon="39.1062162">
    <tag k="highway" v="crossing"/>
  </node>
  <node id="1534953812" lat="22.3100075" lon="39.1017850"/>
  <node id="1548444845" lat="22.3228882" lon="39.1110293"/>
  <node id="1548444851" lat="22.3240852" lon="39.1079803"/>
  <node id="1548444879" lat="22.3245973" lon="39.1074721"/>
  <node id="1548444881" lat="22.3246010" lon="39.1129037"/>
  <node id="1548444883" lat="22.3246387" lon="39.1121002"/>
  <node id="1548444885" lat="22.3247322" lon="39.1113377"/>
  <node id="1548444887" lat="22.3247658" lon="39.1095491"/>
  <node id="1548444888" lat="22.3248173" lon="39.1077396"/>
  <node id="1548444893" lat="22.3249881" lon="39.1079759"/>
  <node id="1548444895" lat="22.3251099" lon="39.1081792"/>
  <node id="1548444897" lat="22.3252265" lon="39.1084246"/>
  <node id="1548444900" lat="22.3253233" lon="39.1086490"/>
  <node id="1548444902" lat="22.3253619" lon="39.1129069"/>
  <node id="1548444904" lat="22.3254003" lon="39.1121211"/>
  <node id="1548444906" lat="22.3254090" lon="39.1089132"/>
  <node id="1548444908" lat="22.3254694" lon="39.1101076"/>
  <node id="1548444910" lat="22.3254707" lon="39.1105507"/>
  <node id="1548444912" lat="22.3254704" lon="39.1113605"/>
  <node id="1548444914" lat="22.3254601" lon="39.1092348"/>
  <node id="1548444917" lat="22.3254875" lon="39.1097280"/>
  <node id="1548444923" lat="22.3256460" lon="39.1105710"/>
  <node id="1548444924" lat="22.3257710" lon="39.1098283"/>
  <node id="1548444934" lat="22.3264237" lon="39.1123530"/>
  <node id="1548444940" lat="22.3263751" lon="39.1131634"/>
  <node id="1548444945" lat="22.3265002" lon="39.1106995"/>
  <node id="1548444947" lat="22.3265075" lon="39.1115353"/>
  <node id="1548444952" lat="22.3267076" lon="39.1122614"/>
  <node id="1548444954" lat="22.3269193" lon="39.1105425"/>
  <node id="1548444958" lat="22.3269121" lon="39.1128865"/>
  <node id="1548444964" lat="22.3271725" lon="39.1112726"/>
  <node id="1620261509" lat="22.3146995" lon="39.1037968">
    <tag k="direction" v="both"/>
    <tag k="highway" v="stop"/>
  </node>
  <node id="1752458247" lat="22.3205775" lon="39.1127185"/>
  <node id="1752458511" lat="22.3207191" lon="39.1111416"/>
  <node id="1752459786" lat="22.3214961" lon="39.1113311"/>
  <node id="1752459835" lat="22.3215594" lon="39.1111941"/>
  <node id="1752459967" lat="22.3215778" lon="39.1107311"/>
  <node id="1752460141" lat="22.3216788" lon="39.1098588"/>
  <node id="1752460449" lat="22.3219143" lon="39.1122366"/>
  <node id="1752460607" lat="22.3220608" lon="39.1112859"/>
  <node id="1752460619" lat="22.3220944" lon="39.1122679"/>
  <node id="1752460634" lat="22.3220582" lon="39.1114376"/>
  <node id="1752460639" lat="22.3220994" lon="39.1130703"/>
  <node id="1752460806" lat="22.3221931" lon="39.1122634"/>
  <node id="1752460969" lat="22.3221811" lon="39.1108618"/>
  <node id="1752461033" lat="22.3222820" lon="39.1130734">
    <tag k="bus" v="yes"/>
    <tag k="name" v="G-1015"/>
    <tag k="public_transport" v="stop_position"/>
  </node>
  <node id="1752461114" lat="22.3223172" lon="39.1122261"/>
  <node id="1752461197" lat="22.3224153" lon="39.1130286"/>
  <node id="1752461442" lat="22.3227278" lon="39.1120384"/>
  <node id="1752461448" lat="22.3226966" lon="39.1121580"/>
  <node id="1752461464" lat="22.3227135" lon="39.1119396"/>
  <node id="1752461553" lat="22.3227257" lon="39.1123146"/>
  <node id="1752461573" lat="22.3227278" lon="39.1117888"/>
  <node id="1752461901" lat="22.3228692" lon="39.1128198"/>
  <node id="1752461995" lat="22.3230602" lon="39.1119407"/>
  <node id="1752462003" lat="22.3231532" lon="39.1127340"/>
  <node id="1752462019" lat="22.3233293" lon="39.1127115"/>
  <node id="1752462020" lat="22.3233474" lon="39.1119111"/>
  <node id="1752462056" lat="22.3236071" lon="39.1127301"/>
  <node id="1752462075" lat="22.3236573" lon="39.1119543"/>
  <node id="1752462460" lat="22.3255540" lon="39.1129406"/>
  <node id="1752462461" lat="22.3265404" lon="39.1131407"/>
  <node id="2102394195" lat="22.3202574" lon="39.1081569"/>
  <node id="2102394204" lat="22.3204988" lon="39.1061743"/>
  <node id="2102394273" lat="22.3209595" lon="39.1050293"/>
  <node id="2102394286" lat="22.3210326" lon="39.1033567"/>
  <node id="2102394304" lat="22.3211093" lon="39.1041448"/>
  <node id="2102394342" lat="22.3212992" lon="39.1070380">
    <tag k="bus" v="yes"/>
    <tag k="name" v="G-1507"/>
    <tag k="public_transport" v="stop_position"/>
  </node>
  <node id="2102394350" lat="22.3212495" lon="39.1061482"/>
  <node id="2102394362" lat="22.3213486" lon="39.1050090"/>
  <node id="2102394369" lat="22.3214124" lon="39.1033318"/>
  <node id="2102394403" lat="22.3215518" lon="39.1040885"/>
  <node id="2102394523" lat="22.3218095" lon="39.1031937"/>
  <node id="2102394544" lat="22.3219263" lon="39.1031784"/>
  <node id="2102394552" lat="22.3219664" lon="39.1040256"/>
  <node id="2102394554" lat="22.3220097" lon="39.1078270"/>
  <node id="2102394558" lat="22.3220441" lon="39.1048746"/>
  <node id="2102394583" lat="22.3221801" lon="39.1060683"/>
  <node id="2102394633" lat="22.3222755" lon="39.1068951"/>
  <node id="2383039243" lat="22.3259286" lon="39.1090838"/>
  <node id="2383039258" lat="22.3259958" lon="39.1089237"/>
  <node id="2383039260" lat="22.3260352" lon="39.1091260"/>
  <node id="2383039272" lat="22.3261746" lon="39.1099049"/>
  <node id="2383039278" lat="22.3262269" lon="39.1091382"/>
  <node id="2383039279" lat="22.3262288" lon="39.1086546"/>
  <node id="2383039290" lat="22.3263547" lon="39.1091114"/>
  <node id="2383039297" lat="22.3264062" lon="39.1089184"/>
  <node id="2383039299" lat="22.3264062" lon="39.1090401"/>
  <node id="2383039302" lat="22.3264835" lon="39.1098728"/>
  <node id="2383039355" lat="22.3268197" lon="39.1082294"/>
  <node id="2383039377" lat="22.3268015" lon="39.1097216"/>
  <node id="2383039443" lat="22.3269742" lon="39.1084688"/>
  <node id="2383039452" lat="22.3270165" lon="39.1094786">
    <tag k="bus" v="yes"/>
    <tag k="name" v="G-1660"/>
    <tag k="public_transport" v="stop_position"/>
  </node>
  <node id="2383039470" lat="22.3271174" lon="39.1091629"/>
  <node id="2383039472" lat="22.3271187" lon="39.1087281"/>
  <node id="2383039473" lat="22.3271354" lon="39.1089207"/>
  <node id="2383039562" lat="22.3273089" lon="39.1076036"/>
  <node id="2383039578" lat="22.3274408" lon="39.1103327"/>
  <node id="2383039601" lat="22.3275573" lon="39.1079872"/>
  <node id="2383039619" lat="22.3276241" lon="39.1111328">
    <tag k="bus" v="yes"/>
    <tag k="name" v="G-1263"/>
    <tag k="public_transport" v="stop_position"/>
  </node>
  <node id="2383039626" lat="22.3276780" lon="39.1119299"/>
  <node id="2383039645" lat="22.3277434" lon="39.1083399"/>
  <node id="2383039653" lat="22.3278197" lon="39.1085144"/>
  <node id="2383039657" lat="22.3278026" lon="39.1119310"/>
  <node id="2383039662" lat="22.3278543" lon="39.1088312"/>
  <node id="2383039664" lat="22.3278574" lon="39.1091667"/>
  <node id="2383039674" lat="22.3279214" lon="39.1092639"/>
  <node id="2383039677" lat="22.3278740" lon="39.1071213"/>
  <node id="2383039723" lat="22.3280882" lon="39.1100482"/>
  <node id="2383039742" lat="22.3281845" lon="39.1075531"/>
  <node id="2383039743" lat="22.3281850" lon="39.1100520"/>
  <node id="2383039842" lat="22.3283143" lon="39.1112183"/>
  <node id="2383039843" lat="22.3283405" lon="39.1078434"/>
  <node id="2383039884" lat="22.3284016" lon="39.1104813"/>
  <node id="2383039896" lat="22.3284622" lon="39.1100733"/>
  <node id="2383039900" lat="22.3284748" lon="39.1082365"/>
  <node id="2383039903" lat="22.3284343" lon="39.1066354"/>
  <node id="2383039906" lat="22.3285321" lon="39.1084109"/>
  <node id="2383039921" lat="22.3285634" lon="39.1093664"/>
  <node id="2383039927" lat="22.3285748" lon="39.1086981"/>
  <node id="2383039928" lat="22.3285833" lon="39.1090319"/>
  <node id="2383040103" lat="22.3288304" lon="39.1072245"/>
  <node id="2383040122" lat="22.3289229" lon="39.1120911"/>
  <node id="2383040156" lat="22.3290183" lon="39.1113173"/>
  <node id="2383040165" lat="22.3290596" lon="39.1076929"/>
  <node id="2383040167" lat="22.3290066" lon="39.1061350"/>
  <node id="2383040223" lat="22.3291152" lon="39.1106122"/>
  <node id="2383040276" lat="22.3291754" lon="39.1102112"/>
  <node id="2383040279" lat="22.3291749" lon="39.1080239"/>
  <node id="2383040347" lat="22.3292746" lon="39.1094688"/>
  <node id="2383040353" lat="22.3292850" lon="39.1085423"/>
  <node id="2383040355" lat="22.3293083" lon="39.1091018"/>
  <node id="2383040367" lat="22.3292801" lon="39.1058853"/>
  <node id="2383040442" lat="22.3296165" lon="39.1070755"/>
  <node id="2383040455" lat="22.3295794" lon="39.1121889"/>
  <node id="2383040582" lat="22.3291212" lon="39.1105673"/>
  <node id="2383040642" lat="22.3298283" lon="39.1106992">
    <tag k="bus" v="yes"/>
    <tag k="name" v="G-2277"/>
    <tag k="public_transport" v="stop_position"/>
  </node>
  <node id="2383040648" lat="22.3291733" lon="39.1102731"/>
  <node id="2383040649" lat="22.3298677" lon="39.1077799"/>
  <node id="2383040670" lat="22.3298860" lon="39.1103094"/>
  <node id="2383040683" lat="22.3299767" lon="39.1082418"/>
  <node id="2383040686" lat="22.3299920" lon="39.1095800"/>
  <node id="2383040703" lat="22.3300069" lon="39.1094374"/>
  <node id="2383040742" lat="22.3300208" lon="39.1088268"/>
  <node id="2383345880" lat="22.3229760" lon="39.1076328"/>
  <node id="2689870540" lat="22.3276762" lon="39.1041317"/>
  <node id="2689870541" lat="22.3287772" lon="39.1052288"/>
  <node id="2689870542" lat="22.3273729" lon="39.1038505"/>
  <node id="2689870543" lat="22.3271003" lon="39.1037486"/>
  <node id="2689870544" lat="22.3265314" lon="39.1037723"/>
  <node id="2689870548" lat="22.3235172" lon="39.1067415">
    <tag k="bus" v="yes"/>
    <tag k="name" v="G-1531"/>
    <tag k="public_transport" v="stop_position"/>
  </node>
  <node id="2689870549" lat="22.3240545" lon="39.1067522"/>
  <node id="2689870551" lat="22.3261124" lon="39.1073104"/>
  <node id="2689870552" lat="22.3254145" lon="39.1066651"/>
  <node id="2689870553" lat="22.3247269" lon="39.1061351"/>
  <node id="2689870554" lat="22.3240482" lon="39.1058886"/>
  <node id="2689870556" lat="22.3251854" lon="39.1054831"/>
  <node id="2689870557" lat="22.3243384" lon="39.1051059"/>
  <node id="2689870558" lat="22.3256090" lon="39.1049027"/>
  <node id="2689870559" lat="22.3249452" lon="39.1045165"/>
  <node id="2689870560" lat="22.3245841" lon="39.1043597"/>
  <node id="2689870561" lat="22.3248020" lon="39.1036334"/>
  <node id="2689870562" lat="22.3260964" lon="39.1042124"/>
  <node id="2689870563" lat="22.3270371" lon="39.1049250"/>
  <node id="2689870564" lat="22.3267307" lon="39.1081150"/>
  <node id="2689870565" lat="22.3272196" lon="39.1047186">
    <tag k="bus" v="yes"/>
    <tag k="name" v="G-2141"/>
    <tag k="public_transport" v="stop_position"/>
  </node>
  <node id="2689870566" lat="22.3281522" lon="39.1056716"/>
  <node id="2689870567" lat="22.3287117" lon="39.1063971"/>
  <node id="2689870569" lat="22.3266801" lon="39.1068416"/>
  <node id="2689870570" lat="22.3267209" lon="39.1052916">
    <tag k="bus" v="yes"/>
    <tag k="name" v="Racquet club"/>
    <tag k="public_transport" v="stop_position"/>
  </node>
  <node id="2689870571" lat="22.3274787" lon="39.1060553"/>
  <node id="2689870572" lat="22.3281632" lon="39.1068575"/>
  <node id="2689870574" lat="22.3276348" lon="39.1030704"/>
  <node id="2689870575" lat="22.3290597" lon="39.1044413">
    <tag k="bus" v="yes"/>
    <tag k="name" v="G-2357"/>
    <tag k="public_transport" v="stop_position"/>
  </node>
  <node id="2689870576" lat="22.3297631" lon="39.1053130"/>
  <node id="2694633142" lat="22.3220696" lon="39.1050982"/>
  <node id="2694633178" lat="22.3229717" lon="39.1049771"/>
  <node id="2694633193" lat="22.3230656" lon="39.1059135"/>
  <node id="2694633211" lat="22.3231804" lon="39.1076221"/>
  <node id="2694633230" lat="22.3234766" lon="39.1076613"/>
  <node id="2694633247" lat="22.3235316" lon="39.1049740"/>
  <node id="2694633261" lat="22.3238100" lon="39.1067042"/>
  <node id="2694633342" lat="22.3246399" lon="39.1071028"/>
  <node id="2694633372" lat="22.3248450" lon="39.1072257"/>
  <node id="2694633389" lat="22.3250396" lon="39.1028895"/>
  <node id="2694633445" lat="22.3255488" lon="39.1030433"/>
  <node id="2694633461" lat="22.3256185" lon="39.1039409"/>
  <node id="2694633525" lat="22.3264867" lon="39.1066291"/>
  <node id="2694633541" lat="22.3268513" lon="39.1070119"/>
  <node id="2694633556" lat="22.3272357" lon="39.1058161"/>
  <node id="2694633591" lat="22.3274624" lon="39.1029727"/>
  <node id="2694633636" lat="22.3276309" lon="39.1062470"/>
  <node id="2694633872" lat="22.3298583" lon="39.1054634"/>
  <node id="2694747319" lat="22.3247968" lon="39.1052935"/>
  <node id="2694747729" lat="22.3251340" lon="39.1063955"/>
  <node id="2694748445" lat="22.3253220" lon="39.1065555"/>
  <node id="2694749732" lat="22.3259564" lon="39.1044951"/>
  <node id="2694751170" lat="22.3263674" lon="39.1038380"/>
  <node id="2694751712" lat="22.3263930" lon="39.1056486"/>
  <node id="2694752361" lat="22.3265027" lon="39.1077894"/>
  <node id="2720967666" lat="22.3099230" lon="39.1056939"/>
  <node id="2720967672" lat="22.3199327" lon="39.1199277"/>
  <node id="2745127605" lat="22.3219920" lon="39.1043220"/>
  <node id="2745127813" lat="22.3223451" lon="39.1031639"/>
  <node id="2745127864" lat="22.3223442" lon="39.1039556"/>
  <node id="2745127895" lat="22.3223545" lon="39.1042481"/>
  <node id="2745127902" lat="22.3224505" lon="39.1050471"/>
  <node id="2745128148" lat="22.3226919" lon="39.1031615"/>
  <node id="2745128332" lat="22.3228196" lon="39.1039746"/>
  <node id="2745128599" lat="22.3228983" lon="39.1023786"/>
  <node id="2745129290" lat="22.3234455" lon="39.1040483"/>
  <node id="2745129357" lat="22.3234573" lon="39.1041894"/>
  <node id="2745129472" lat="22.3234752" lon="39.1049743"/>
  <node id="2745129632" lat="22.3235315" lon="39.1042118"/>
  <node id="2745129634" lat="22.3235453" lon="39.1041366"/>
  <node id="2745129817" lat="22.3236745" lon="39.1033075"/>
  <node id="2745129969" lat="22.3237693" lon="39.1025266"/>
  <node id="2745130644" lat="22.3242404" lon="39.1034391"/>
  <node id="2745130937" lat="22.3243673" lon="39.1026675"/>
  <node id="2745131833" lat="22.3257843" lon="39.1030508"/>
  <node id="3077938658" lat="22.3062530" lon="39.0961791"/>
  <node id="3148953943" lat="22.3155163" lon="39.0943157">
    <tag k="emergency" v="fire_hydrant"/>
    <tag k="fire_hydrant:type" v="pillar"/>
  </node>
  <node id="3149155801" lat="22.3178355" lon="39.1022970">
    <tag k="crossing:signals" v="no"/>
    <tag k="highway" v="crossing"/>
  </node>
  <node id="3149155985" lat="22.3224056" lon="39.1134922"/>
  <node id="3149156271" lat="22.3298893" lon="39.1055155">
    <tag k="crossing:island" v="no"/>
    <tag k="crossing:markings" v="yes"/>
    <tag k="crossing:signals" v="no"/>
    <tag k="highway" v="crossing"/>
  </node>
  <node id="3150290528" lat="22.3221085" lon="39.1043004"/>
  <node id="3152654396" lat="22.3179355" lon="39.1050394">
    <tag k="highway" v="stop"/>
  </node>
  <node id="3152654397" lat="22.3180300" lon="39.1049518">
    <tag k="highway" v="stop"/>
  </node>
  <node id="3152654398" lat="22.3190263" lon="39.1043262">
    <tag k="highway" v="stop"/>
  </node>
  <node id="3152654399" lat="22.3191499" lon="39.1042842">
    <tag k="highway" v="stop"/>
  </node>
  <node id="3156275420" lat="22.3259855" lon="39.1062179">
    <tag k="highway" v="crossing"/>
  </node>
  <node id="3156275976" lat="22.3273948" lon="39.1075319"/>
  <node id="3164089478" lat="22.3207607" lon="39.1098137">
    <tag k="highway" v="crossing"/>
  </node>
  <node id="3164089482" lat="22.3208242" lon="39.1111709">
    <tag k="bicycle" v="yes"/>
    <tag k="highway" v="crossing"/>
    <tag k="supervised" v="no"/>
  </node>
  <node id="3164089484" lat="22.3208730" lon="39.1099545">
    <tag k="bicycle" v="yes"/>
    <tag k="highway" v="crossing"/>
  </node>
  <node id="3164089491" lat="22.3214142" lon="39.1113099">
    <tag k="bicycle" v="yes"/>
    <tag k="highway" v="crossing"/>
  </node>
  <node id="3164089495" lat="22.3215110" lon="39.1112205">
    <tag k="bicycle" v="yes"/>
    <tag k="highway" v="crossing"/>
  </node>
  <node id="3164089502" lat="22.3216246" lon="39.1108591"/>
  <node id="3164089504" lat="22.3216429" lon="39.1108136"/>
  <node id="3164089510" lat="22.3220384" lon="39.1113736"/>
  <node id="3164089515" lat="22.3220990" lon="39.1109132"/>
  <node id="3164089517" lat="22.3221208" lon="39.1109587"/>
  <node id="3169992824" lat="22.3266181" lon="39.1054024"/>
  <node id="3174233465" lat="22.3259938" lon="39.1062114">
    <tag k="emergency" v="fire_hydrant"/>
    <tag k="fire_hydrant:type" v="pillar"/>
  </node>
  <node id="3179041131" lat="22.3205356" lon="39.1034063">
    <tag k="crossing:markings" v="yes"/>
    <tag k="crossing:signals" v="no"/>
    <tag k="highway" v="crossing"/>
  </node>
  <node id="3179041778" lat="22.3207543" lon="39.1034279">
    <tag k="crossing:markings" v="yes"/>
    <tag k="crossing:signals" v="no"/>
    <tag k="highway" v="crossing"/>
  </node>
  <node id="3179041821" lat="22.3247657" lon="39.1037544">
    <tag k="highway" v="stop"/>
  </node>
  <node id="3179041822" lat="22.3247689" lon="39.1037437"/>
  <node id="3179041823" lat="22.3248565" lon="39.1036539"/>
  <node id="3180192000" lat="22.3159715" lon="39.1063689">
    <tag k="crossing:signals" v="yes"/>
    <tag k="highway" v="crossing"/>
  </node>
  <node id="3180192008" lat="22.3184065" lon="39.1063150"/>
  <node id="3180192011" lat="22.3184734" lon="39.1065100">
    <tag k="highway" v="stop"/>
  </node>
  <node id="3180192012" lat="22.3184494" lon="39.1064828"/>
  <node id="3180192014" lat="22.3185555" lon="39.1062409"/>
  <node id="3180192015" lat="22.3185595" lon="39.1062263">
    <tag k="highway" v="stop"/>
  </node>
  <node id="3180192016" lat="22.3185882" lon="39.1064246"/>
  <node id="3180192022" lat="22.3193463" lon="39.1068185"/>
  <node id="3180192026" lat="22.3194480" lon="39.1066920"/>
  <node id="3180192027" lat="22.3195202" lon="39.1067016">
    <tag k="highway" v="stop"/>
  </node>
  <node id="3180192030" lat="22.3195505" lon="39.1068962"/>
  <node id="3180192033" lat="22.3201859" lon="39.1070283"/>
  <node id="3180192037" lat="22.3202602" lon="39.1071426"/>
  <node id="3180192038" lat="22.3202682" lon="39.1069255"/>
  <node id="3180192041" lat="22.3203817" lon="39.1070411"/>
  <node id="3180192056" lat="22.3221681" lon="39.1069084"/>
  <node id="3180192059" lat="22.3222626" lon="39.1067720">
    <tag k="highway" v="stop"/>
  </node>
  <node id="3180192060" lat="22.3222641" lon="39.1067848"/>
  <node id="3180193661" lat="22.3222881" lon="39.1070210"/>
  <node id="3180193662" lat="22.3222890" lon="39.1070322">
    <tag k="highway" v="stop"/>
  </node>
  <node id="3180193664" lat="22.3223865" lon="39.1068858"/>
  <node id="3180193680" lat="22.3241207" lon="39.1067854">
    <tag k="highway" v="stop"/>
  </node>
  <node id="3180193683" lat="22.3242941" lon="39.1068750">
    <tag k="highway" v="crossing"/>
  </node>
  <node id="3180193685" lat="22.3244919" lon="39.1120799">
    <tag k="highway" v="stop"/>
  </node>
  <node id="3180193686" lat="22.3245132" lon="39.1120831">
    <tag k="crossing:signals" v="no"/>
    <tag k="highway" v="crossing"/>
  </node>
  <node id="3180193690" lat="22.3246284" lon="39.1122437">
    <tag k="crossing:signals" v="no"/>
    <tag k="highway" v="crossing"/>
  </node>
  <node id="3180193691" lat="22.3246553" lon="39.1119753">
    <tag k="crossing:signals" v="no"/>
    <tag k="highway" v="crossing"/>
  </node>
  <node id="3180193699" lat="22.3247596" lon="39.1121101">
    <tag k="crossing:island" v="no"/>
    <tag k="crossing:signals" v="no"/>
    <tag k="highway" v="crossing"/>
  </node>
  <node id="3180193701" lat="22.3247806" lon="39.1121114">
    <tag k="highway" v="stop"/>
  </node>
  <node id="3180193703" lat="22.3247971" lon="39.1072055">
    <tag k="highway" v="crossing"/>
  </node>
  <node id="3180193718" lat="22.3252737" lon="39.1121198">
    <tag k="crossing:signals" v="no"/>
    <tag k="highway" v="crossing"/>
  </node>
  <node id="3180193728" lat="22.3254156" lon="39.1120044">
    <tag k="highway" v="crossing"/>
  </node>
  <node id="3180193748" lat="22.3266140" lon="39.1123068">
    <tag k="highway" v="crossing"/>
  </node>
  <node id="3180193750" lat="22.3266765" lon="39.1121153">
    <tag k="direction" v="forward"/>
    <tag k="highway" v="stop"/>
  </node>
  <node id="3180193752" lat="22.3267473" lon="39.1123607">
    <tag k="highway" v="crossing"/>
  </node>
  <node id="3180193753" lat="22.3267507" lon="39.1123704">
    <tag k="direction" v="backward"/>
    <tag k="highway" v="stop"/>
  </node>
  <node id="3180193756" lat="22.3268503" lon="39.1122082">
    <tag k="highway" v="crossing"/>
  </node>
  <node id="3180193763" lat="22.3288145" lon="39.1120647">
    <tag k="highway" v="crossing"/>
  </node>
  <node id="3180193765" lat="22.3290133" lon="39.1121147">
    <tag k="highway" v="crossing"/>
  </node>
  <node id="3184105069" lat="22.3090282" lon="39.0940134">
    <tag k="highway" v="crossing"/>
  </node>
  <node id="3184105082" lat="22.3106655" lon="39.0952112">
    <tag k="highway" v="crossing"/>
  </node>
  <node id="3184105089" lat="22.3107783" lon="39.0953293">
    <tag k="highway" v="crossing"/>
  </node>
  <node id="3184105090" lat="22.3107999" lon="39.0951676">
    <tag k="highway" v="crossing"/>
  </node>
  <node id="3184105095" lat="22.3108521" lon="39.0952734">
    <tag k="highway" v="crossing"/>
  </node>
  <node id="3184105098" lat="22.3138427" lon="39.0953028"/>
  <node id="3184105100" lat="22.3138483" lon="39.0953032">
    <tag k="highway" v="crossing"/>
  </node>
  <node id="3184105104" lat="22.3138964" lon="39.0952434">
    <tag k="highway" v="crossing"/>
  </node>
  <node id="3184105105" lat="22.3139053" lon="39.0953659">
    <tag k="highway" v="crossing"/>
  </node>
  <node id="3184105108" lat="22.3139472" lon="39.0953101">
    <tag k="highway" v="crossing"/>
  </node>
  <node id="3184105109" lat="22.3139528" lon="39.0953104">
    <tag k="highway" v="stop"/>
  </node>
  <node id="3186054851" lat="22.3078293" lon="39.0950221">
    <tag k="highway" v="crossing"/>
  </node>
  <node id="3186054962" lat="22.3083350" lon="39.0955854"/>
  <node id="3186054966" lat="22.3084292" lon="39.0956962">
    <tag k="highway" v="crossing"/>
  </node>
  <node id="3186054975" lat="22.3085275" lon="39.0958528">
    <tag k="highway" v="crossing"/>
  </node>
  <node id="3186054977" lat="22.3085772" lon="39.0955641">
    <tag k="highway" v="crossing"/>
  </node>
  <node id="3186054982" lat="22.3086939" lon="39.0956717">
    <tag k="highway" v="crossing"/>
  </node>
  <node id="3186054989" lat="22.3117566" lon="39.0954683">
    <tag k="highway" v="crossing"/>
  </node>
  <node id="3186054992" lat="22.3118421" lon="39.0955353">
    <tag k="highway" v="crossing"/>
  </node>
  <node id="3186055039" lat="22.3216927" lon="39.1107623">
    <tag k="highway" v="crossing"/>
  </node>
  <node id="3186055041" lat="22.3217084" lon="39.1107660">
    <tag k="highway" v="stop"/>
  </node>
  <node id="3186056343" lat="22.3228127" lon="39.1109976">
    <tag k="highway" v="crossing"/>
  </node>
  <node id="3186056346" lat="22.3229075" lon="39.1111698">
    <tag k="highway" v="stop"/>
  </node>
  <node id="3186056347" lat="22.3229096" lon="39.1111608">
    <tag k="highway" v="crossing"/>
  </node>
  <node id="3186056350" lat="22.3229629" lon="39.1108981">
    <tag k="highway" v="crossing"/>
  </node>
  <node id="3186056351" lat="22.3229645" lon="39.1108894">
    <tag k="highway" v="stop"/>
  </node>
  <node id="3186056354" lat="22.3230137" lon="39.1110337">
    <tag k="highway" v="crossing"/>
  </node>
  <node id="3210534491" lat="22.3181688" lon="39.1102786">
    <tag k="highway" v="crossing"/>
  </node>
  <node id="3210534501" lat="22.3183360" lon="39.1099745">
    <tag k="highway" v="crossing"/>
  </node>
  <node id="3210534513" lat="22.3187238" lon="39.1102630">
    <tag k="highway" v="crossing"/>
  </node>
  <node id="3210534516" lat="22.3187804" lon="39.1102188">
    <tag k="highway" v="crossing"/>
  </node>
  <node id="3210534522" lat="22.3192932" lon="39.1103841"/>
  <node id="3211255590" lat="22.3191543" lon="39.1045006"/>
  <node id="3211255593" lat="22.3191989" lon="39.1045992"/>
  <node id="3211255598" lat="22.3192380" lon="39.1046795"/>
  <node id="3211255605" lat="22.3192835" lon="39.1047859"/>
  <node id="3211255621" lat="22.3193251" lon="39.1048781"/>
  <node id="3211255646" lat="22.3193678" lon="39.1049724"/>
  <node id="3211256662" lat="22.3195863" lon="39.1041169"/>
  <node id="3211256707" lat="22.3196987" lon="39.1040957"/>
  <node id="3211256731" lat="22.3198711" lon="39.1040819"/>
  <node id="3211256779" lat="22.3199530" lon="39.1049679"/>
  <node id="3211256787" lat="22.3199693" lon="39.1040801"/>
  <node id="3211256840" lat="22.3200624" lon="39.1049738"/>
  <node id="3211256844" lat="22.3200837" lon="39.1040835"/>
  <node id="3211256888" lat="22.3201688" lon="39.1049752"/>
  <node id="3211256904" lat="22.3201929" lon="39.1040872"/>
  <node id="3211256967" lat="22.3203424" lon="39.1040984"/>
  <node id="3211257009" lat="22.3204501" lon="39.1041051"/>
  <node id="3211912928" lat="22.3191175" lon="39.1044192">
    <tag k="highway" v="crossing"/>
  </node>
  <node id="3211913304" lat="22.3205219" lon="39.1041571">
    <tag k="highway" v="crossing"/>
  </node>
  <node id="3211913319" lat="22.3205823" lon="39.1049152">
    <tag k="highway" v="crossing"/>
  </node>
  <node id="3211913321" lat="22.3206204" lon="39.1042579">
    <tag k="highway" v="crossing"/>
  </node>
  <node id="3353431568" lat="22.3135101" lon="39.1053917"/>
  <node id="3357364496" lat="22.3246200" lon="39.1060833">
    <tag k="highway" v="crossing"/>
  </node>
  <node id="3357364497" lat="22.3246881" lon="39.1062539">
    <tag k="highway" v="crossing"/>
  </node>
  <node id="3357364498" lat="22.3248372" lon="39.1061796">
    <tag k="highway" v="crossing"/>
  </node>
  <node id="3361218121" lat="22.3156209" lon="39.1198038"/>
  <node id="3361218122" lat="22.3157081" lon="39.1198423"/>
  <node id="3378493791" lat="22.3067107" lon="39.1064536">
    <tag k="bus" v="yes"/>
    <tag k="name" v="Building 14"/>
    <tag k="public_transport" v="stop_position"/>
  </node>
  <node id="3378494594" lat="22.3151556" lon="39.1031975">
    <tag k="bus" v="yes"/>
    <tag k="name" v="G-3900"/>
    <tag k="public_transport" v="stop_position"/>
  </node>
  <node id="3378494595" lat="22.3143031" lon="39.1016577">
    <tag k="bus" v="yes"/>
    <tag k="name" v="G-3967"/>
    <tag k="public_transport" v="stop_position"/>
  </node>
  <node id="3378494596" lat="22.3089492" lon="39.0967664">
    <tag k="bus" v="yes"/>
    <tag k="name" v="H-4113A"/>
    <tag k="public_transport" v="stop_position"/>
  </node>
  <node id="3378494597" lat="22.3102064" lon="39.0972567">
    <tag k="bus" v="yes"/>
    <tag k="name" v="H-4113A"/>
    <tag k="public_transport" v="stop_position"/>
  </node>
  <node id="3378494598" lat="22.3115235" lon="39.0981380">
    <tag k="bus" v="yes"/>
    <tag k="name" v="H-4119"/>
    <tag k="public_transport" v="stop_position"/>
  </node>
  <node id="3378494599" lat="22.3140398" lon="39.0977302">
    <tag k="bus" v="yes"/>
    <tag k="name" v="H-4207A"/>
    <tag k="public_transport" v="stop_position"/>
  </node>
  <node id="3378494600" lat="22.3153760" lon="39.0975242">
    <tag k="bus" v="yes"/>
    <tag k="name" v="H-4210"/>
    <tag k="public_transport" v="stop_position"/>
  </node>
  <node id="3378494602" lat="22.3160572" lon="39.1034443">
    <tag k="bus" v="yes"/>
    <tag k="name" v="Harbor East"/>
    <tag k="public_transport" v="stop_position"/>
  </node>
  <node id="3378494603" lat="22.3145905" lon="39.0996878">
    <tag k="bus" v="yes"/>
    <tag k="name" v="Harbor Recreation"/>
    <tag k="public_transport" v="stop_position"/>
  </node>
  <node id="3378494605" lat="22.3151388" lon="39.0974577">
    <tag k="bus" v="yes"/>
    <tag k="name" v="I-5022"/>
    <tag k="public_transport" v="stop_position"/>
  </node>
  <node id="3378494606" lat="22.3177300" lon="39.0960200">
    <tag k="bus" v="yes"/>
    <tag k="name" v="I-509M"/>
    <tag k="public_transport" v="stop_position"/>
  </node>
  <node id="3378494607" lat="22.3170399" lon="39.0973064">
    <tag k="bus" v="yes"/>
    <tag k="name" v="I-5203"/>
    <tag k="public_transport" v="stop_position"/>
  </node>
  <node id="3378494608" lat="22.3209046" lon="39.0934083">
    <tag k="bus" v="yes"/>
    <tag k="name" v="I-525M"/>
    <tag k="public_transport" v="stop_position"/>
  </node>
  <node id="3378494610" lat="22.3062952" lon="39.0953651">
    <tag k="bus" v="yes"/>
    <tag k="name" v="I-5419"/>
    <tag k="public_transport" v="stop_position"/>
  </node>
  <node id="3378494611" lat="22.3142226" lon="39.0963184">
    <tag k="bus" v="yes"/>
    <tag k="name" v="I-5523"/>
    <tag k="public_transport" v="stop_position"/>
  </node>
  <node id="3378494612" lat="22.3120232" lon="39.0964308">
    <tag k="bus" v="yes"/>
    <tag k="name" v="I-5543"/>
    <tag k="public_transport" v="stop_position"/>
  </node>
  <node id="3378494613" lat="22.3146431" lon="39.0941964">
    <tag k="bus" v="yes"/>
    <tag k="name" v="I-5608"/>
    <tag k="public_transport" v="stop_position"/>
  </node>
  <node id="3378494614" lat="22.3089649" lon="39.0939293">
    <tag k="bus" v="yes"/>
    <tag k="name" v="I-5629"/>
    <tag k="public_transport" v="stop_position"/>
  </node>
  <node id="3378494615" lat="22.3134062" lon="39.0930582">
    <tag k="bus" v="yes"/>
    <tag k="name" v="I-5717"/>
    <tag k="public_transport" v="stop_position"/>
  </node>
  <node id="3378494616" lat="22.3109244" lon="39.0933087">
    <tag k="bus" v="yes"/>
    <tag k="name" v="I-5735"/>
    <tag k="public_transport" v="stop_position"/>
  </node>
  <node id="3378494619" lat="22.3194281" lon="39.0937148">
    <tag k="bus" v="yes"/>
    <tag k="name" v="I-519M"/>
    <tag k="public_transport" v="stop_position"/>
  </node>
  <node id="3378608085" lat="22.3067759" lon="39.1063788">
    <tag k="bus" v="yes"/>
    <tag k="name" v="Building 14"/>
    <tag k="public_transport" v="stop_position"/>
  </node>
  <node id="3378608086" lat="22.3194464" lon="39.1077154">
    <tag k="bus" v="yes"/>
    <tag k="name" v="ECC 3"/>
    <tag k="public_transport" v="stop_position"/>
  </node>
  <node id="3378608087" lat="22.3253001" lon="39.1129041">
    <tag k="bus" v="yes"/>
    <tag k="name" v="G-1041"/>
    <tag k="public_transport" v="stop_position"/>
  </node>
  <node id="3378608088" lat="22.3215960" lon="39.1113523">
    <tag k="bus" v="yes"/>
    <tag k="name" v="G-1113"/>
    <tag k="public_transport" v="stop_position"/>
  </node>
  <node id="3378608089" lat="22.3231100" lon="39.1119367">
    <tag k="bus" v="yes"/>
    <tag k="name" v="G-1122"/>
    <tag k="public_transport" v="stop_position"/>
  </node>
  <node id="3378608090" lat="22.3252297" lon="39.1121197">
    <tag k="bus" v="yes"/>
    <tag k="name" v="G-1138"/>
    <tag k="public_transport" v="stop_position"/>
  </node>
  <node id="3378608091" lat="22.3272572" lon="39.1120494">
    <tag k="bus" v="yes"/>
    <tag k="name" v="G-1183"/>
    <tag k="public_transport" v="stop_position"/>
  </node>
  <node id="3378608092" lat="22.3234545" lon="39.1111163">
    <tag k="bus" v="yes"/>
    <tag k="name" v="G-1230"/>
    <tag k="public_transport" v="stop_position"/>
  </node>
  <node id="3378608693" lat="22.3259195" lon="39.1114276">
    <tag k="bus" v="yes"/>
    <tag k="name" v="G-1242"/>
    <tag k="public_transport" v="stop_position"/>
  </node>
  <node id="3378608694" lat="22.3235563" lon="39.1103008">
    <tag k="bus" v="yes"/>
    <tag k="name" v="G-1317"/>
    <tag k="public_transport" v="stop_position"/>
  </node>
  <node id="3378608695" lat="22.3263205" lon="39.1107075">
    <tag k="bus" v="yes"/>
    <tag k="name" v="G-1364"/>
    <tag k="public_transport" v="stop_position"/>
  </node>
  <node id="3378608696" lat="22.3270225" lon="39.1105020">
    <tag k="bus" v="yes"/>
    <tag k="name" v="G-1369"/>
    <tag k="public_transport" v="stop_position"/>
  </node>
  <node id="3378608697" lat="22.3254382" lon="39.1090718">
    <tag k="bus" v="yes"/>
    <tag k="name" v="G-1449"/>
    <tag k="public_transport" v="stop_position"/>
  </node>
  <node id="3378608699" lat="22.3285869" lon="39.1089359">
    <tag k="bus" v="yes"/>
    <tag k="name" v="G-1914"/>
    <tag k="public_transport" v="stop_position"/>
  </node>
  <node id="3378608700" lat="22.3292223" lon="39.1081975">
    <tag k="bus" v="yes"/>
    <tag k="name" v="G-2015"/>
    <tag k="public_transport" v="stop_position"/>
  </node>
  <node id="3378608701" lat="22.3289444" lon="39.1119538">
    <tag k="bus" v="yes"/>
    <tag k="name" v="G-2039"/>
    <tag k="public_transport" v="stop_position"/>
  </node>
  <node id="3378608702" lat="22.3300123" lon="39.1085880">
    <tag k="bus" v="yes"/>
    <tag k="name" v="G-2246"/>
    <tag k="public_transport" v="stop_position"/>
  </node>
  <node id="3378608703" lat="22.3298086" lon="39.1108630">
    <tag k="bus" v="yes"/>
    <tag k="name" v="G-2254"/>
    <tag k="public_transport" v="stop_position"/>
  </node>
  <node id="3378608704" lat="22.3173529" lon="39.1071736">
    <tag k="bus" v="yes"/>
    <tag k="name" v="G-3414"/>
    <tag k="public_transport" v="stop_position"/>
  </node>
  <node id="3378608705" lat="22.3191661" lon="39.1084679">
    <tag k="bus" v="yes"/>
    <tag k="name" v="G-3439"/>
    <tag k="public_transport" v="stop_position"/>
  </node>
  <node id="3378608706" lat="22.3193624" lon="39.1085683">
    <tag k="bus" v="yes"/>
    <tag k="name" v="G-3441"/>
    <tag k="public_transport" v="stop_position"/>
  </node>
  <node id="3378608707" lat="22.3197001" lon="39.1087363">
    <tag k="bus" v="yes"/>
    <tag k="name" v="G-3445"/>
    <tag k="public_transport" v="stop_position"/>
  </node>
  <node id="3378608708" lat="22.3280019" lon="39.1084639"/>
  <node id="3378664463" lat="22.3245607" lon="39.1087407">
    <tag k="bus" v="yes"/>
    <tag k="name" v="G-1441"/>
    <tag k="public_transport" v="stop_position"/>
  </node>
  <node id="3378664464" lat="22.3231081" lon="39.1068022">
    <tag k="bus" v="yes"/>
    <tag k="name" v="G-1520"/>
    <tag k="public_transport" v="stop_position"/>
  </node>
  <node id="3378664465" lat="22.3210623" lon="39.1061654">
    <tag k="bus" v="yes"/>
    <tag k="name" v="G-1608"/>
    <tag k="public_transport" v="stop_position"/>
  </node>
  <node id="3378664466" lat="22.3220778" lon="39.1051611">
    <tag k="bus" v="yes"/>
    <tag k="name" v="G-1621"/>
    <tag k="public_transport" v="stop_position"/>
  </node>
  <node id="3378664467" lat="22.3235476" lon="39.1058925">
    <tag k="bus" v="yes"/>
    <tag k="name" v="G-1637"/>
    <tag k="public_transport" v="stop_position"/>
  </node>
  <node id="3378664468" lat="22.3260041" lon="39.1044188">
    <tag k="bus" v="yes"/>
    <tag k="name" v="G-2138"/>
    <tag k="public_transport" v="stop_position"/>
  </node>
  <node id="3378664469" lat="22.3275891" lon="39.1042525">
    <tag k="bus" v="yes"/>
    <tag k="name" v="G-2206"/>
    <tag k="public_transport" v="stop_position"/>
  </node>
  <node id="3378664470" lat="22.3164047" lon="39.1098938">
    <tag k="bus" v="yes"/>
    <tag k="name" v="G-3045"/>
    <tag k="public_transport" v="stop_position"/>
  </node>
  <node id="3378664471" lat="22.3150938" lon="39.1073686">
    <tag k="bus" v="yes"/>
    <tag k="name" v="G-3107"/>
    <tag k="public_transport" v="stop_position"/>
  </node>
  <node id="3378664472" lat="22.3165115" lon="39.1086702">
    <tag k="bus" v="yes"/>
    <tag k="name" v="G-3151"/>
    <tag k="public_transport" v="stop_position"/>
  </node>
  <node id="3378664473" lat="22.3179733" lon="39.1104274">
    <tag k="bus" v="yes"/>
    <tag k="name" v="G-3176"/>
    <tag k="public_transport" v="stop_position"/>
  </node>
  <node id="3378664474" lat="22.3192662" lon="39.1103723">
    <tag k="bus" v="yes"/>
    <tag k="name" v="G-3193"/>
    <tag k="public_transport" v="stop_position"/>
  </node>
  <node id="3378664475" lat="22.3200838" lon="39.1117633">
    <tag k="bus" v="yes"/>
    <tag k="name" v="G-3213"/>
    <tag k="public_transport" v="stop_position"/>
  </node>
  <node id="3378664476" lat="22.3175420" lon="39.1083567">
    <tag k="bus" v="yes"/>
    <tag k="name" v="G-3320"/>
    <tag k="public_transport" v="stop_position"/>
  </node>
  <node id="3378664477" lat="22.3193865" lon="39.1059024">
    <tag k="bus" v="yes"/>
    <tag k="name" v="G-3631"/>
    <tag k="public_transport" v="stop_position"/>
  </node>
  <node id="3378664478" lat="22.3202241" lon="39.1053985">
    <tag k="bus" v="yes"/>
    <tag k="name" v="G-3644"/>
    <tag k="public_transport" v="stop_position"/>
  </node>
  <node id="3378664479" lat="22.3162552" lon="39.1056197">
    <tag k="bus" v="yes"/>
    <tag k="name" v="G-3706"/>
    <tag k="public_transport" v="stop_position"/>
  </node>
  <node id="3378664480" lat="22.3172779" lon="39.1036273">
    <tag k="bus" v="yes"/>
    <tag k="name" v="G-3727"/>
    <tag k="public_transport" v="stop_position"/>
  </node>
  <node id="3378664481" lat="22.3203375" lon="39.1032972">
    <tag k="bus" v="yes"/>
    <tag k="name" v="G-3770"/>
    <tag k="public_transport" v="stop_position"/>
  </node>
  <node id="3378664482" lat="22.3203079" lon="39.1041380">
    <tag k="bus" v="yes"/>
    <tag k="name" v="G-3801"/>
    <tag k="public_transport" v="stop_position"/>
  </node>
  <node id="3378664483" lat="22.3175314" lon="39.1054415">
    <tag k="bus" v="yes"/>
    <tag k="name" v="G-3811"/>
    <tag k="public_transport" v="stop_position"/>
  </node>
  <node id="3378664484" lat="22.3242574" lon="39.1081830"/>
  <node id="3378664485" lat="22.3244608" lon="39.1084742"/>
  <node id="3413033286" lat="22.3207006" lon="39.1033308">
    <tag k="crossing:island" v="no"/>
    <tag k="crossing:markings" v="yes"/>
    <tag k="crossing:signals" v="no"/>
    <tag k="highway" v="crossing"/>
  </node>
  <node id="3413033287" lat="22.3205750" lon="39.1033204">
    <tag k="crossing:island" v="no"/>
    <tag k="crossing:markings" v="yes"/>
    <tag k="crossing:signals" v="no"/>
    <tag k="highway" v="crossing"/>
  </node>
  <node id="3415560158" lat="22.3189086" lon="39.1035625">
    <tag k="crossing:signals" v="no"/>
    <tag k="highway" v="crossing"/>
  </node>
  <node id="3424376554" lat="22.3140622" lon="39.1046046">
    <tag k="crossing:signals" v="yes"/>
    <tag k="highway" v="crossing"/>
  </node>
  <node id="3424376587" lat="22.3168638" lon="39.1041730">
    <tag k="highway" v="crossing"/>
  </node>
  <node id="3424376588" lat="22.3168401" lon="39.1043345">
    <tag k="highway" v="crossing"/>
  </node>
  <node id="3424376589" lat="22.3169441" lon="39.1043880">
    <tag k="highway" v="crossing"/>
  </node>
  <node id="3424870497" lat="22.3186410" lon="39.1054516">
    <tag k="highway" v="crossing"/>
  </node>
  <node id="3424870498" lat="22.3187185" lon="39.1056441">
    <tag k="highway" v="crossing"/>
  </node>
  <node id="3424870501" lat="22.3188522" lon="39.1055864">
    <tag k="highway" v="crossing"/>
  </node>
  <node id="3426290119" lat="22.3204236" lon="39.1033042">
    <tag k="crossing:island" v="no"/>
    <tag k="crossing:markings" v="yes"/>
    <tag k="crossing:signals" v="no"/>
    <tag k="highway" v="crossing"/>
  </node>
  <node id="3497547560" lat="22.3213354" lon="39.1070346">
    <tag k="bus" v="yes"/>
    <tag k="name" v="G-1508"/>
    <tag k="public_transport" v="stop_position"/>
  </node>
  <node id="3561500596" lat="22.3263300" lon="39.1085387">
    <tag k="bus" v="yes"/>
    <tag k="name" v="G-1553"/>
    <tag k="public_transport" v="stop_position"/>
  </node>
  <node id="3561500597" lat="22.3217516" lon="39.1061058">
    <tag k="bus" v="yes"/>
    <tag k="name" v="G-1616"/>
    <tag k="public_transport" v="stop_position"/>
  </node>
  <node id="3561500598" lat="22.3234812" lon="39.1058930">
    <tag k="bus" v="yes"/>
    <tag k="name" v="G-1626"/>
    <tag k="public_transport" v="stop_position"/>
  </node>
  <node id="3561500599" lat="22.3280170" lon="39.1069828">
    <tag k="bus" v="yes"/>
    <tag k="name" v="G-1769"/>
    <tag k="public_transport" v="stop_position"/>
  </node>
  <node id="3561500600" lat="22.3246414" lon="39.1043801">
    <tag k="bus" v="yes"/>
    <tag k="name" v="G-1840"/>
    <tag k="public_transport" v="stop_position"/>
  </node>
  <node id="3561500601" lat="22.3278202" lon="39.1053320">
    <tag k="bus" v="yes"/>
    <tag k="name" v="G-1881"/>
    <tag k="public_transport" v="stop_position"/>
  </node>
  <node id="3561500602" lat="22.3253799" lon="39.1038506">
    <tag k="bus" v="yes"/>
    <tag k="name" v="G-2134"/>
    <tag k="public_transport" v="stop_position"/>
  </node>
  <node id="3561500603" lat="22.3190660" lon="39.1067178">
    <tag k="bus" v="yes"/>
    <tag k="name" v="G-3522"/>
    <tag k="public_transport" v="stop_position"/>
  </node>
  <node id="3561500604" lat="22.3176689" lon="39.1047830">
    <tag k="bus" v="yes"/>
    <tag k="name" v="G-3612"/>
    <tag k="public_transport" v="stop_position"/>
  </node>
  <node id="3561500605" lat="22.3182750" lon="39.1052049">
    <tag k="bus" v="yes"/>
    <tag k="name" v="G-3621"/>
    <tag k="public_transport" v="stop_position"/>
  </node>
  <node id="3561500606" lat="22.3201925" lon="39.1061531">
    <tag k="bus" v="yes"/>
    <tag k="name" v="G-3640"/>
    <tag k="public_transport" v="stop_position"/>
  </node>
  <node id="3561500607" lat="22.3192962" lon="39.1051528">
    <tag k="bus" v="yes"/>
    <tag k="name" v="G-3655"/>
    <tag k="public_transport" v="stop_position"/>
  </node>
  <node id="3625063841" lat="22.3199827" lon="39.1088341"/>
  <node id="3639801450" lat="22.3217218" lon="39.1129829">
    <tag k="bus" v="yes"/>
    <tag k="name" v="G-1010"/>
    <tag k="public_transport" v="stop_position"/>
  </node>
  <node id="3639801451" lat="22.3237746" lon="39.1127612">
    <tag k="bus" v="yes"/>
    <tag k="name" v="G-1026"/>
    <tag k="public_transport" v="stop_position"/>
  </node>
  <node id="3639801452" lat="22.3256959" lon="39.1129825">
    <tag k="bus" v="yes"/>
    <tag k="name" v="G-1044"/>
    <tag k="public_transport" v="stop_position"/>
  </node>
  <node id="3639801453" lat="22.3220780" lon="39.1115795">
    <tag k="bus" v="yes"/>
    <tag k="name" v="G-1121"/>
    <tag k="public_transport" v="stop_position"/>
  </node>
  <node id="3639801454" lat="22.3234500" lon="39.1119254">
    <tag k="bus" v="yes"/>
    <tag k="name" v="G-1141"/>
    <tag k="public_transport" v="stop_position"/>
  </node>
  <node id="3639801455" lat="22.3260926" lon="39.1123077">
    <tag k="bus" v="yes"/>
    <tag k="name" v="G-1173"/>
    <tag k="public_transport" v="stop_position"/>
  </node>
  <node id="3639801456" lat="22.3237217" lon="39.1111625">
    <tag k="bus" v="yes"/>
    <tag k="name" v="G-1235"/>
    <tag k="public_transport" v="stop_position"/>
  </node>
  <node id="3639801457" lat="22.3150113" lon="39.1074820">
    <tag k="bus" v="yes"/>
    <tag k="name" v="G-3106"/>
    <tag k="public_transport" v="stop_position"/>
  </node>
  <node id="3639801458" lat="22.3178515" lon="39.1100179">
    <tag k="bus" v="yes"/>
    <tag k="name" v="G-3170"/>
    <tag k="public_transport" v="stop_position"/>
  </node>
  <node id="3639801459" lat="22.3179061" lon="39.1100631">
    <tag k="bus" v="yes"/>
    <tag k="name" v="G-3175"/>
    <tag k="public_transport" v="stop_position"/>
  </node>
  <node id="3639801460" lat="22.3192470" lon="39.1103662">
    <tag k="bus" v="yes"/>
    <tag k="name" v="G-3194"/>
    <tag k="public_transport" v="stop_position"/>
  </node>
  <node id="3639801461" lat="22.3205297" lon="39.1124909">
    <tag k="bus" v="yes"/>
    <tag k="name" v="G-3217"/>
    <tag k="public_transport" v="stop_position"/>
  </node>
  <node id="3639801462" lat="22.3202880" lon="39.1097501">
    <tag k="bus" v="yes"/>
    <tag k="name" v="G-3382"/>
    <tag k="public_transport" v="stop_position"/>
  </node>
  <node id="3639801463" lat="22.3188437" lon="39.1092055">
    <tag k="bus" v="yes"/>
    <tag k="name" v="G-3452"/>
    <tag k="note" v="in the route schedule, there is G-3352, but AFAIK such a house does not exist"/>
    <tag k="public_transport" v="stop_position"/>
  </node>
  <node id="3639841605" lat="22.3167676" lon="39.1005785">
    <tag k="bus" v="yes"/>
    <tag k="name" v="HES"/>
    <tag k="public_transport" v="stop_position"/>
  </node>
  <node id="3639841606" lat="22.3170487" lon="39.0974206">
    <tag k="bus" v="yes"/>
    <tag k="name" v="I-5202"/>
    <tag k="public_transport" v="stop_position"/>
  </node>
  <node id="3639841607" lat="22.3200424" lon="39.0935360">
    <tag k="bus" v="yes"/>
    <tag k="name" v="I-522M"/>
    <tag k="public_transport" v="stop_position"/>
  </node>
  <node id="3639841608" lat="22.3236919" lon="39.0937054">
    <tag k="bus" v="yes"/>
    <tag k="name" v="I-535M"/>
    <tag k="public_transport" v="stop_position"/>
  </node>
  <node id="3639841609" lat="22.3222517" lon="39.0923142">
    <tag k="bus" v="yes"/>
    <tag k="name" v="I-548M"/>
    <tag k="public_transport" v="stop_position"/>
  </node>
  <node id="3639841611" lat="22.3152426" lon="39.0943068">
    <tag k="bus" v="yes"/>
    <tag k="name" v="I-5605"/>
    <tag k="public_transport" v="stop_position"/>
  </node>
  <node id="3639841612" lat="22.3089727" lon="39.0938532">
    <tag k="bus" v="yes"/>
    <tag k="name" v="I-5630"/>
    <tag k="public_transport" v="stop_position"/>
  </node>
  <node id="3639841613" lat="22.3108087" lon="39.0932962">
    <tag k="bus" v="yes"/>
    <tag k="name" v="I-5732"/>
    <tag k="public_transport" v="stop_position"/>
  </node>
  <node id="3639841615" lat="22.3130181" lon="39.1014148">
    <tag k="bus" v="yes"/>
    <tag k="name" v="Kaust Inn"/>
    <tag k="public_transport" v="stop_position"/>
  </node>
  <node id="3639841616" lat="22.3132821" lon="39.0930366"/>
  <node id="3639861031" lat="22.3146260" lon="39.1019968">
    <tag k="bus" v="yes"/>
    <tag k="name" v="G-3961"/>
    <tag k="public_transport" v="stop_position"/>
  </node>
  <node id="3639861032" lat="22.3069333" lon="39.0964404">
    <tag k="bus" v="yes"/>
    <tag k="name" v="H-4104"/>
    <tag k="public_transport" v="stop_position"/>
  </node>
  <node id="3639861033" lat="22.3155318" lon="39.0971472">
    <tag k="bus" v="yes"/>
    <tag k="name" v="I-5231"/>
    <tag k="public_transport" v="stop_position"/>
  </node>
  <node id="3639861034" lat="22.3146286" lon="39.0962860">
    <tag k="bus" v="yes"/>
    <tag k="name" v="I-5244"/>
    <tag k="public_transport" v="stop_position"/>
  </node>
  <node id="3639861035" lat="22.3128809" lon="39.0964249">
    <tag k="bus" v="yes"/>
    <tag k="name" v="I-5318"/>
    <tag k="public_transport" v="stop_position"/>
  </node>
  <node id="3639861037" lat="22.3082909" lon="39.0931024">
    <tag k="bus" v="yes"/>
    <tag k="name" v="I-5748"/>
    <tag k="public_transport" v="stop_position"/>
  </node>
  <node id="3639872977" lat="22.3280729" lon="39.1119614">
    <tag k="bus" v="yes"/>
    <tag k="name" v="G-1164"/>
    <tag k="public_transport" v="stop_position"/>
  </node>
  <node id="3639872978" lat="22.3294863" lon="39.1121926">
    <tag k="bus" v="yes"/>
    <tag k="name" v="G-1174"/>
    <tag k="public_transport" v="stop_position"/>
  </node>
  <node id="3639872979" lat="22.3268273" lon="39.1114145">
    <tag k="bus" v="yes"/>
    <tag k="name" v="G-1250"/>
    <tag k="public_transport" v="stop_position"/>
  </node>
  <node id="3639872980" lat="22.3278610" lon="39.1089248">
    <tag k="bus" v="yes"/>
    <tag k="name" v="G-1785"/>
    <tag k="public_transport" v="stop_position"/>
  </node>
  <node id="3639872981" lat="22.3292601" lon="39.1083684">
    <tag k="bus" v="yes"/>
    <tag k="name" v="G-2014"/>
    <tag k="public_transport" v="stop_position"/>
  </node>
  <node id="3639872982" lat="22.3300100" lon="39.1085578">
    <tag k="bus" v="yes"/>
    <tag k="name" v="G-2261"/>
    <tag k="public_transport" v="stop_position"/>
  </node>
  <node id="3639872983" lat="22.3174535" lon="39.1072370">
    <tag k="bus" v="yes"/>
    <tag k="name" v="G-3417"/>
    <tag k="public_transport" v="stop_position"/>
  </node>
  <node id="3639872984" lat="22.3195638" lon="39.1086685">
    <tag k="bus" v="yes"/>
    <tag k="name" v="G-3443"/>
    <tag k="public_transport" v="stop_position"/>
  </node>
  <node id="3639872985" lat="22.3197134" lon="39.1077880">
    <tag k="bus" v="yes"/>
    <tag k="name" v="G-3446"/>
    <tag k="public_transport" v="stop_position"/>
  </node>
  <node id="3639872986" lat="22.3170361" lon="39.1060280">
    <tag k="bus" v="yes"/>
    <tag k="name" v="G-3831"/>
    <tag k="public_transport" v="stop_position"/>
  </node>
  <node id="3639893843" lat="22.3242310" lon="39.1078196">
    <tag k="bus" v="yes"/>
    <tag k="name" v="G-1433"/>
    <tag k="public_transport" v="stop_position"/>
  </node>
  <node id="3639893844" lat="22.3212676" lon="39.1050451">
    <tag k="bus" v="yes"/>
    <tag k="name" v="G-1705"/>
    <tag k="public_transport" v="stop_position"/>
  </node>
  <node id="3639893845" lat="22.3238899" lon="39.1050102">
    <tag k="bus" v="yes"/>
    <tag k="name" v="G-1735"/>
    <tag k="public_transport" v="stop_position"/>
  </node>
  <node id="3639893846" lat="22.3265476" lon="39.1054793">
    <tag k="bus" v="yes"/>
    <tag k="name" v="G-1749"/>
    <tag k="public_transport" v="stop_position"/>
  </node>
  <node id="3639893847" lat="22.3227548" lon="39.1041862">
    <tag k="bus" v="yes"/>
    <tag k="name" v="G-1811"/>
    <tag k="public_transport" v="stop_position"/>
  </node>
  <node id="3639893848" lat="22.3289854" lon="39.1054936">
    <tag k="bus" v="yes"/>
    <tag k="name" v="G-2237"/>
    <tag k="public_transport" v="stop_position"/>
  </node>
  <node id="3639893849" lat="22.3245375" lon="39.1027144">
    <tag k="bus" v="yes"/>
    <tag k="name" v="G-2307"/>
    <tag k="public_transport" v="stop_position"/>
  </node>
  <node id="3639893850" lat="22.3261719" lon="39.1030171">
    <tag k="bus" v="yes"/>
    <tag k="name" v="G-2323"/>
    <tag k="public_transport" v="stop_position"/>
  </node>
  <node id="3639893851" lat="22.3277520" lon="39.1031656">
    <tag k="bus" v="yes"/>
    <tag k="name" v="G-2341"/>
    <tag k="public_transport" v="stop_position"/>
  </node>
  <node id="3639893852" lat="22.3184963" lon="39.1029801">
    <tag k="bus" v="yes"/>
    <tag k="name" v="G-3749"/>
    <tag k="public_transport" v="stop_position"/>
  </node>
  <node id="3639893853" lat="22.3186319" lon="39.1033019">
    <tag k="bus" v="yes"/>
    <tag k="name" v="G-3754"/>
    <tag k="public_transport" v="stop_position"/>
  </node>
  <node id="3639893854" lat="22.3198102" lon="39.1041297">
    <tag k="bus" v="yes"/>
    <tag k="name" v="G-3805"/>
    <tag k="public_transport" v="stop_position"/>
  </node>
  <node id="3639903835" lat="22.3128622" lon="39.1016288">
    <tag k="bus" v="yes"/>
    <tag k="name" v="Cinema"/>
    <tag k="public_transport" v="stop_position"/>
  </node>
  <node id="3639903836" lat="22.3264884" lon="39.1045077">
    <tag k="bus" v="yes"/>
    <tag k="name" v="Racquet club"/>
    <tag k="public_transport" v="stop_position"/>
  </node>
  <node id="3641149267" lat="22.3238862" lon="39.1078604">
    <tag k="bus" v="yes"/>
    <tag k="name" v="GSS"/>
    <tag k="public_transport" v="stop_position"/>
  </node>
  <node id="3642787929" lat="22.3236014" lon="39.1103072">
    <tag k="bus" v="yes"/>
    <tag k="name" v="GES"/>
    <tag k="public_transport" v="stop_position"/>
  </node>
  <node id="3647984187" lat="22.3268753" lon="39.1129988"/>
  <node id="3647984188" lat="22.3269109" lon="39.1129541"/>
  <node id="3693106013" lat="22.3213396" lon="39.1052535"/>
  <node id="3693106014" lat="22.3213360" lon="39.1053744"/>
  <node id="3693106017" lat="22.3222100" lon="39.1063230"/>
  <node id="3693106018" lat="22.3222253" lon="39.1064536"/>
  <node id="3693106019" lat="22.3222326" lon="39.1065165"/>
  <node id="3693106020" lat="22.3222483" lon="39.1066502"/>
  <node id="3693108725" lat="22.3224244" lon="39.1068811"/>
  <node id="3693108728" lat="22.3225577" lon="39.1068695"/>
  <node id="3693108731" lat="22.3226556" lon="39.1068570"/>
  <node id="3693108732" lat="22.3230108" lon="39.1068119"/>
  <node id="3693108735" lat="22.3231373" lon="39.1067979"/>
  <node id="3693108736" lat="22.3231513" lon="39.1067958"/>
  <node id="3693108739" lat="22.3233110" lon="39.1067721"/>
  <node id="3693108740" lat="22.3236681" lon="39.1067223"/>
  <node id="3693108743" lat="22.3238214" lon="39.1067064"/>
  <node id="3693108746" lat="22.3239352" lon="39.1067288"/>
  <node id="3693108747" lat="22.3239658" lon="39.1067348"/>
  <node id="3693108749" lat="22.3240811" lon="39.1067655"/>
  <node id="3693108751" lat="22.3242110" lon="39.1068386"/>
  <node id="3693108752" lat="22.3245060" lon="39.1086108"/>
  <node id="3693108756" lat="22.3246400" lon="39.1089206"/>
  <node id="3693108757" lat="22.3246938" lon="39.1090659"/>
  <node id="3693108761" lat="22.3248287" lon="39.1095621"/>
  <node id="3693108764" lat="22.3249714" lon="39.1095917"/>
  <node id="3693108765" lat="22.3249860" lon="39.1095947"/>
  <node id="3693108768" lat="22.3251351" lon="39.1096256"/>
  <node id="3693108769" lat="22.3251436" lon="39.1096274"/>
  <node id="3693108772" lat="22.3252731" lon="39.1096588"/>
  <node id="3693108774" lat="22.3254285" lon="39.1097008"/>
  <node id="3693108775" lat="22.3255209" lon="39.1111958"/>
  <node id="3693108776" lat="22.3255472" lon="39.1110852"/>
  <node id="3693108777" lat="22.3255728" lon="39.1109562"/>
  <node id="3693108779" lat="22.3255837" lon="39.1109058"/>
  <node id="3693108782" lat="22.3256025" lon="39.1107884"/>
  <node id="3693108784" lat="22.3256219" lon="39.1106851"/>
  <node id="3693108789" lat="22.3256661" lon="39.1104636"/>
  <node id="3693108790" lat="22.3256855" lon="39.1103572"/>
  <node id="3693108791" lat="22.3257038" lon="39.1102560"/>
  <node id="3696656909" lat="22.3216968" lon="39.1040709"/>
  <node id="3696656912" lat="22.3218178" lon="39.1040308"/>
  <node id="3696656914" lat="22.3219445" lon="39.1040280"/>
  <node id="3696656915" lat="22.3221764" lon="39.1039838"/>
  <node id="3696656918" lat="22.3222746" lon="39.1039677"/>
  <node id="3696656921" lat="22.3224120" lon="39.1039509"/>
  <node id="3696656924" lat="22.3226013" lon="39.1039520"/>
  <node id="3696657425" lat="22.3228042" lon="39.1039737"/>
  <node id="3696657427" lat="22.3229137" lon="39.1039850"/>
  <node id="3696657430" lat="22.3230294" lon="39.1039977"/>
  <node id="3696657431" lat="22.3231541" lon="39.1040114"/>
  <node id="3696657434" lat="22.3232957" lon="39.1040307"/>
  <node id="3696657437" lat="22.3234232" lon="39.1040457"/>
  <node id="3696657439" lat="22.3239267" lon="39.1042185"/>
  <node id="3696657442" lat="22.3241230" lon="39.1042607"/>
  <node id="3696657445" lat="22.3250916" lon="39.1045796"/>
  <node id="3696657447" lat="22.3257115" lon="39.1048467"/>
  <node id="3696657451" lat="22.3257873" lon="39.1047378"/>
  <node id="3696657453" lat="22.3258568" lon="39.1046381"/>
  <node id="3696657455" lat="22.3259066" lon="39.1045666"/>
  <node id="3696657458" lat="22.3259796" lon="39.1044579"/>
  <node id="3696657461" lat="22.3260573" lon="39.1043256"/>
  <node id="3696657462" lat="22.3267005" lon="39.1037663"/>
  <node id="3696657465" lat="22.3269219" lon="39.1037559"/>
  <node id="3696657466" lat="22.3279003" lon="39.1043366"/>
  <node id="3696657468" lat="22.3280066" lon="39.1044421"/>
  <node id="3696657471" lat="22.3281214" lon="39.1045502"/>
  <node id="3696657473" lat="22.3286938" lon="39.1051590"/>
  <node id="3696657475" lat="22.3288068" lon="39.1053085"/>
  <node id="3725613392" lat="22.3299554" lon="39.1056118">
    <tag k="crossing:island" v="no"/>
    <tag k="crossing:markings" v="yes"/>
    <tag k="crossing:signals" v="no"/>
    <tag k="highway" v="crossing"/>
  </node>
  <node id="3725613393" lat="22.3299797" lon="39.1056635"/>
  <node id="3728013457" lat="22.3337781" lon="39.1107695"/>
  <node id="3735469440" lat="22.3235752" lon="39.1039449"/>
  <node id="3735469442" lat="22.3235913" lon="39.1032935">
    <tag k="crossing:island" v="no"/>
    <tag k="crossing:markings" v="yes"/>
    <tag k="crossing:signals" v="no"/>
    <tag k="highway" v="crossing"/>
  </node>
  <node id="3735469443" lat="22.3235958" lon="39.1038124"/>
  <node id="3735469446" lat="22.3236168" lon="39.1036777"/>
  <node id="3735469448" lat="22.3236284" lon="39.1036031"/>
  <node id="3735469451" lat="22.3236439" lon="39.1035035"/>
  <node id="3735469455" lat="22.3236600" lon="39.1034006"/>
  <node id="3735469460" lat="22.3236830" lon="39.1032516">
    <tag k="crossing:island" v="no"/>
    <tag k="crossing:markings" v="yes"/>
    <tag k="crossing:signals" v="no"/>
    <tag k="highway" v="crossing"/>
  </node>
  <node id="3735469464" lat="22.3236848" lon="39.1032397"/>
  <node id="3735469467" lat="22.3237016" lon="39.1031287"/>
  <node id="3735469471" lat="22.3237169" lon="39.1030279"/>
  <node id="3735469474" lat="22.3237445" lon="39.1033238">
    <tag k="crossing:island" v="no"/>
    <tag k="crossing:markings" v="yes"/>
    <tag k="crossing:signals" v="no"/>
    <tag k="highway" v="crossing"/>
    <tag k="tactile_paving" v="yes"/>
  </node>
  <node id="3739225364" lat="22.3337290" lon="39.1107066">
    <tag k="highway" v="crossing"/>
  </node>
  <node id="3754525535" lat="22.3205115" lon="39.1051168"/>
  <node id="3754525538" lat="22.3203407" lon="39.1062855">
    <tag k="highway" v="crossing"/>
    <tag k="kerb" v="lowered"/>
  </node>
  <node id="3754525542" lat="22.3203765" lon="39.1078973">
    <tag k="crossing" v="zebra"/>
    <tag k="highway" v="crossing"/>
    <tag k="kerb" v="lowered"/>
  </node>
  <node id="3754525544" lat="22.3202879" lon="39.1080174">
    <tag k="crossing" v="zebra"/>
    <tag k="highway" v="crossing"/>
    <tag k="kerb" v="lowered"/>
  </node>
  <node id="4494425451" lat="22.3168982" lon="39.0961784"/>
  <node id="4494425452" lat="22.3165337" lon="39.0961848"/>
  <node id="4494425453" lat="22.3163402" lon="39.0961712"/>
  <node id="4494425454" lat="22.3160061" lon="39.0960734"/>
  <node id="4494425455" lat="22.3156367" lon="39.0958996"/>
  <node id="4494425456" lat="22.3152674" lon="39.0958371"/>
  <node id="4494425457" lat="22.3147172" lon="39.0958018"/>
  <node id="4494425458" lat="22.3139796" lon="39.0958483"/>
  <node id="4494425460" lat="22.3156561" lon="39.0959087"/>
  <node id="4494425461" lat="22.3156089" lon="39.0969882"/>
  <node id="4494425462" lat="22.3160287" lon="39.0971190"/>
  <node id="4494425463" lat="22.3164231" lon="39.0972277"/>
  <node id="4494425464" lat="22.3166493" lon="39.0972548"/>
  <node id="4494425465" lat="22.3169841" lon="39.0972194"/>
  <node id="4494425466" lat="22.3140391" lon="39.0968340"/>
  <node id="4494425467" lat="22.3145011" lon="39.0968257"/>
  <node id="4494425468" lat="22.3151569" lon="39.0968990"/>
  <node id="4494425469" lat="22.3155059" lon="39.0969293"/>
  <node id="4494425474" lat="22.3117533" lon="39.0959622"/>
  <node id="4494425475" lat="22.3107554" lon="39.0957666"/>
  <node id="4494425483" lat="22.3085232" lon="39.0961593"/>
  <node id="4494425484" lat="22.3089559" lon="39.0962635"/>
  <node id="4494425485" lat="22.3095468" lon="39.0964456"/>
  <node id="4494425486" lat="22.3061323" lon="39.0959114"/>
  <node id="4494425487" lat="22.3064257" lon="39.0958290"/>
  <node id="4494425488" lat="22.3073252" lon="39.0959458"/>
  <node id="4494425589" lat="22.3081318" lon="39.0960625"/>
  <node id="4494425592" lat="22.3065504" lon="39.0953422"/>
  <node id="4494425593" lat="22.3067467" lon="39.0948798"/>
  <node id="4494425594" lat="22.3070043" lon="39.0945076"/>
  <node id="4494425595" lat="22.3071579" lon="39.0943388"/>
  <node id="4494425596" lat="22.3072297" lon="39.0942882"/>
  <node id="4494425597" lat="22.3075922" lon="39.0940144"/>
  <node id="4494425598" lat="22.3080569" lon="39.0937693"/>
  <node id="4494425599" lat="22.3084824" lon="39.0935938"/>
  <node id="4494425600" lat="22.3087428" lon="39.0935211"/>
  <node id="4494425601" lat="22.3089637" lon="39.0935117"/>
  <node id="4494425612" lat="22.3148880" lon="39.0937975"/>
  <node id="4494425613" lat="22.3155662" lon="39.0938943"/>
  <node id="4494425614" lat="22.3159206" lon="39.0939236"/>
  <node id="4494425615" lat="22.3163993" lon="39.0939085"/>
  <node id="4494425616" lat="22.3167333" lon="39.0938751"/>
  <node id="4523522889" lat="22.3060081" lon="39.1116291"/>
  <node id="4523522890" lat="22.3060823" lon="39.1115680"/>
  <node id="4523522894" lat="22.3049887" lon="39.1099018"/>
  <node id="4524289682" lat="22.3048955" lon="39.1097533"/>
  <node id="4524289683" lat="22.3049255" lon="39.1096895"/>
  <node id="5632124905" lat="22.3089065" lon="39.1018391">
    <tag k="crossing:markings" v="yes"/>
    <tag k="crossing:signals" v="no"/>
    <tag k="highway" v="crossing"/>
    <tag k="kerb" v="lowered"/>
  </node>
  <node id="5632130201" lat="22.3072720" lon="39.1028750">
    <tag k="crossing:signals" v="no"/>
    <tag k="highway" v="crossing"/>
  </node>
  <node id="6884909590" lat="22.3246887" lon="39.1116516"/>
  <node id="6884909595" lat="22.3246019" lon="39.1134548"/>
  <node id="6884909786" lat="22.3182480" lon="39.1203573"/>
  <node id="6884909788" lat="22.3296412" lon="39.1121034"/>
  <node id="6884909789" lat="22.3254393" lon="39.1112310"/>
  <node id="6884909985" lat="22.3183176" lon="39.1203549"/>
  <node id="6884912385" lat="22.3257437" lon="39.1121983"/>
  <node id="6884912389" lat="22.3274517" lon="39.1165370"/>
  <node id="6884913785" lat="22.3263054" lon="39.1202538"/>
  <node id="6884913787" lat="22.3194572" lon="39.1111723"/>
  <node id="6884914086" lat="22.3143098" lon="39.0997731"/>
  <node id="6884914087" lat="22.3205370" lon="39.1119332"/>
  <node id="6884976385" lat="22.3162224" lon="39.0966148"/>
  <node id="6884976386" lat="22.3092570" lon="39.0957975"/>
  <node id="6884976387" lat="22.3084760" lon="39.0962190"/>
  <node id="6884976485" lat="22.3196159" lon="39.1107941"/>
  <node id="6884976585" lat="22.3201074" lon="39.1115872"/>
  <node id="6899017235" lat="22.3060572" lon="39.0955903"/>
  <node id="6899017236" lat="22.3138539" lon="39.0936048"/>
  <node id="6899017237" lat="22.3140692" lon="39.0981200"/>
  <node id="6899017238" lat="22.3144612" lon="39.0994931"/>
  <node id="6899017244" lat="22.3212147" lon="39.1033767"/>
  <node id="6899017245" lat="22.3293070" lon="39.1088019"/>
  <node id="6899017246" lat="22.3289568" lon="39.1074647"/>
  <node id="6899017247" lat="22.3274771" lon="39.1086164"/>
  <node id="6899017248" lat="22.3274014" lon="39.1111849"/>
  <node id="6899017249" lat="22.3279636" lon="39.1111695"/>
  <node id="6899017250" lat="22.3296220" lon="39.1121489"/>
  <node id="6899017251" lat="22.3293780" lon="39.1060442"/>
  <node id="6899017253" lat="22.3233510" lon="39.1024473"/>
  <node id="6899017254" lat="22.3227992" lon="39.1024030"/>
  <node id="6899017255" lat="22.3227587" lon="39.1024855"/>
  <node id="6899017256" lat="22.3227285" lon="39.1027744"/>
  <node id="6899017257" lat="22.3225657" lon="39.1042109"/>
  <node id="6899017258" lat="22.3230408" lon="39.1041800"/>
  <node id="6899051354" lat="22.3065722" lon="39.1112423"/>
  <node id="6899051355" lat="22.3077409" lon="39.1104645"/>
  <node id="6899052887" lat="22.3060535" lon="39.0958410"/>
  <node id="6899083336" lat="22.3158402" lon="39.1080236"/>
  <node id="6899083337" lat="22.3158055" lon="39.1078882"/>
  <node id="6908215486" lat="22.3262214" lon="39.1136801"/>
  <node id="6908215494" lat="22.3263673" lon="39.1198519"/>
  <node id="6908215495" lat="22.3265362" lon="39.1192484"/>
  <node id="6908215496" lat="22.3273655" lon="39.1150943"/>
  <node id="6908215497" lat="22.3273429" lon="39.1141726"/>
  <node id="6908215498" lat="22.3273354" lon="39.1138189"/>
  <node id="6908215499" lat="22.3272094" lon="39.1136868"/>
  <node id="6908215500" lat="22.3269349" lon="39.1137213"/>
  <node id="6908215501" lat="22.3251278" lon="39.1134164"/>
  <node id="6908253792" lat="22.3272556" lon="39.1183756"/>
  <node id="6908253797" lat="22.3271605" lon="39.1184515"/>
  <node id="6908253798" lat="22.3273316" lon="39.1182909"/>
  <node id="6908253799" lat="22.3275178" lon="39.1179047"/>
  <node id="6908253800" lat="22.3275554" lon="39.1177014"/>
  <node id="6908253801" lat="22.3275253" lon="39.1173213"/>
  <node id="6908253803" lat="22.3273053" lon="39.1137233"/>
  <node id="6908253804" lat="22.3261921" lon="39.1136725"/>
  <node id="6908253805" lat="22.3256449" lon="39.1134936"/>
  <node id="6908253806" lat="22.3248383" lon="39.1134347"/>
  <node id="6908290690" lat="22.3254249" lon="39.1134449"/>
  <node id="6908290793" lat="22.3264365" lon="39.1195456"/>
  <node id="6908290794" lat="22.3266518" lon="39.1190077"/>
  <node id="6908290795" lat="22.3269692" lon="39.1186142"/>
  <node id="6908290796" lat="22.3264685" lon="39.1137437"/>
  <node id="6908290797" lat="22.3258405" lon="39.1135628"/>
  <node id="6908292185" lat="22.3274444" lon="39.1181202"/>
  <node id="6908292186" lat="22.3266716" lon="39.1137538"/>
  <node id="6919764686" lat="22.3246123" lon="39.1125031"/>
  <node id="6919764687" lat="22.3268359" lon="39.1126466"/>
  <node id="6919847285" lat="22.3228029" lon="39.1124254"/>
  <node id="6919847385" lat="22.3242545" lon="39.1120442"/>
  <node id="6919847386" lat="22.3242199" lon="39.1128418"/>
  <node id="6919875086" lat="22.3085749" lon="39.1019496"/>
  <node id="6919875985" lat="22.3093515" lon="39.1018687"/>
  <node id="6919876085" lat="22.3104765" lon="39.1019688"/>
  <node id="6919876086" lat="22.3112022" lon="39.1022923"/>
  <node id="7345946919" lat="22.3127594" lon="39.1166691"/>
  <node id="7345946928" lat="22.3107753" lon="39.1132994"/>
  <node id="8078347574" lat="22.3129256" lon="39.1093968"/>
  <node id="8078347575" lat="22.3130705" lon="39.1097970"/>
  <node id="8078347576" lat="22.3134982" lon="39.1094484"/>
  <node id="8078347577" lat="22.3132739" lon="39.1091450"/>
  <node id="8078347800" lat="22.3085617" lon="39.1132313"/>
  <node id="8078347952" lat="22.3063325" lon="39.1155498"/>
  <node id="8078347953" lat="22.3061827" lon="39.1156059"/>
  <node id="8078348030" lat="22.3174704" lon="39.1203323"/>
  <node id="8078348031" lat="22.3174729" lon="39.1202518"/>
  <node id="8078348033" lat="22.3198326" lon="39.1200024"/>
  <node id="8078348034" lat="22.3198351" lon="39.1201553"/>
  <node id="8078348058" lat="22.3165234" lon="39.1201598"/>
  <node id="8078348059" lat="22.3165471" lon="39.1200730"/>
  <node id="8602552865" lat="22.3114550" lon="39.1109880"/>
  <node id="8602552875" lat="22.3115221" lon="39.1110368"/>
  <node id="8602552878" lat="22.3119606" lon="39.1117960"/>
  <node id="8602552881" lat="22.3114643" lon="39.1110855"/>
  <node id="8602552882" lat="22.3141206" lon="39.1125029"/>
  <node id="8602552883" lat="22.3135350" lon="39.1117358"/>
  <node id="8602552886" lat="22.3176502" lon="39.1163725"/>
  <node id="8602552890" lat="22.3170978" lon="39.1155423"/>
  <node id="8602552892" lat="22.3156934" lon="39.1145421"/>
  <node id="8602552893" lat="22.3164082" lon="39.1152418"/>
  <node id="8602552894" lat="22.3156128" lon="39.1161623"/>
  <node id="8602552895" lat="22.3148209" lon="39.1155096"/>
  <node id="8602552896" lat="22.3153935" lon="39.1164698"/>
  <node id="8602552897" lat="22.3161533" lon="39.1155121"/>
  <node id="8602552898" lat="22.3166943" lon="39.1149766"/>
  <node id="8602552899" lat="22.3157520" lon="39.1144839"/>
  <node id="8602552901" lat="22.3154369" lon="39.1148176"/>
  <node id="8602552902" lat="22.3160420" lon="39.1141679"/>
  <node id="8602552903" lat="22.3150453" lon="39.1152315"/>
  <node id="8602552904" lat="22.3145853" lon="39.1157827"/>
  <node id="8602552905" lat="22.3150340" lon="39.1140642"/>
  <node id="8602552906" lat="22.3143623" lon="39.1132710"/>
  <node id="8602552907" lat="22.3152513" lon="39.1138471"/>
  <node id="8602552908" lat="22.3145899" lon="39.1130532"/>
  <node id="8602552909" lat="22.3142682" lon="39.1148891"/>
  <node id="8602552910" lat="22.3135921" lon="39.1140451"/>
  <node id="8602552911" lat="22.3155317" lon="39.1135423"/>
  <node id="8602552912" lat="22.3145390" lon="39.1146138"/>
  <node id="8602552913" lat="22.3133185" lon="39.1142732"/>
  <node id="8602552916" lat="22.3140909" lon="39.1135490"/>
  <node id="8602567017" lat="22.3144238" lon="39.1122054"/>
  <node id="8602567018" lat="22.3136463" lon="39.1130249"/>
  <node id="8602567019" lat="22.3130658" lon="39.1135399"/>
  <node id="8602567020" lat="22.3129612" lon="39.1136001"/>
  <node id="8602567021" lat="22.3133948" lon="39.1132821"/>
  <node id="8602567022" lat="22.3132472" lon="39.1134070"/>
  <node id="8602567023" lat="22.3127754" lon="39.1124946"/>
  <node id="8602567024" lat="22.3138345" lon="39.1114424"/>
  <node id="8602567025" lat="22.3132551" lon="39.1119829"/>
  <node id="8602567026" lat="22.3124950" lon="39.1127298"/>
  <node id="8602567028" lat="22.3164145" lon="39.1158123"/>
  <node id="8602567029" lat="22.3156851" lon="39.1150242"/>
  <node id="8602567030" lat="22.3152959" lon="39.1154664"/>
  <node id="8602567031" lat="22.3147872" lon="39.1149051"/>
  <node id="8602567032" lat="22.3142906" lon="39.1143630"/>
  <node id="8602567033" lat="22.3144631" lon="39.1141659"/>
  <node id="8602567034" lat="22.3144879" lon="39.1140532"/>
  <node id="8602567035" lat="22.3134073" lon="39.1127242"/>
  <node id="8602567036" lat="22.3136666" lon="39.1124909"/>
  <node id="8602567037" lat="22.3130288" lon="39.1117036"/>
  <node id="8602567038" lat="22.3134929" lon="39.1136402"/>
  <node id="8602567039" lat="22.3138626" lon="39.1132781"/>
  <node id="8602567040" lat="22.3123225" lon="39.1124108"/>
  <node id="8602567041" lat="22.3134668" lon="39.1113013"/>
  <node id="8602567042" lat="22.3135214" lon="39.1112410"/>
  <node id="8602567043" lat="22.3135797" lon="39.1112021"/>
  <node id="8602567044" lat="22.3136343" lon="39.1112128"/>
  <node id="8602567045" lat="22.3136740" lon="39.1112477"/>
  <node id="8602567046" lat="22.3141604" lon="39.1118377"/>
  <node id="8602567047" lat="22.3146120" lon="39.1124681"/>
  <node id="8602567048" lat="22.3148502" lon="39.1127712"/>
  <node id="8602567049" lat="22.3149742" lon="39.1129240"/>
  <node id="8602567050" lat="22.3151033" lon="39.1130233"/>
  <node id="8602567051" lat="22.3157608" lon="39.1138199"/>
  <node id="8602567052" lat="22.3168923" lon="39.1152415"/>
  <node id="8602567053" lat="22.3173265" lon="39.1158771"/>
  <node id="8602567054" lat="22.3177620" lon="39.1165437"/>
  <node id="8602567055" lat="22.3178011" lon="39.1166081"/>
  <node id="8602567056" lat="22.3178178" lon="39.1166443"/>
  <node id="8602567057" lat="22.3178234" lon="39.1166764"/>
  <node id="8602567058" lat="22.3178122" lon="39.1167046"/>
  <node id="8602567059" lat="22.3177961" lon="39.1167301"/>
  <node id="8602567060" lat="22.3177732" lon="39.1167542"/>
  <node id="8602567061" lat="22.3176565" lon="39.1168481"/>
  <node id="8602567062" lat="22.3173191" lon="39.1171351"/>
  <node id="8602567063" lat="22.3168451" lon="39.1178093"/>
  <node id="8602567064" lat="22.3165604" lon="39.1175409"/>
  <node id="8602567067" lat="22.3156665" lon="39.1167060"/>
  <node id="8602567075" lat="22.3142456" lon="39.1155208"/>
  <node id="8602567077" lat="22.3139688" lon="39.1151933"/>
  <node id="8602567078" lat="22.3135791" lon="39.1146943"/>
  <node id="8602567079" lat="22.3131278" lon="39.1139327"/>
  <node id="8602567081" lat="22.3121753" lon="39.1121274"/>
  <node id="8917721993" lat="22.3289622" lon="39.1120989"/>
  <node id="8917721994" lat="22.3297247" lon="39.1114496"/>
  <node id="8917721995" lat="22.3300278" lon="39.1091621"/>
  <node id="8917721996" lat="22.3293175" lon="39.1059244"/>
  <node id="8917721997" lat="22.3285328" lon="39.1061709"/>
  <node id="8917721998" lat="22.3283645" lon="39.1108533"/>
  <node id="8917721999" lat="22.3275057" lon="39.1119628"/>
  <node id="8917722000" lat="22.3262949" lon="39.1091356"/>
  <node id="8917722001" lat="22.3261111" lon="39.1091358"/>
  <node id="8917722005" lat="22.3195949" lon="39.1109007">
    <tag k="highway" v="crossing"/>
  </node>
  <node id="8917722006" lat="22.3205289" lon="39.1126707"/>
  <node id="8917722007" lat="22.3262601" lon="39.1123497"/>
  <node id="8917722008" lat="22.3255975" lon="39.1121515"/>
  <node id="8917722009" lat="22.3254665" lon="39.1106839"/>
  <node id="8917722010" lat="22.3254280" lon="39.1112870"/>
  <node id="8917722011" lat="22.3266454" lon="39.1098099"/>
  <node id="8917722012" lat="22.3259467" lon="39.1098814"/>
  <node id="8917722013" lat="22.3258234" lon="39.1098638"/>
  <node id="8917722014" lat="22.3273392" lon="39.1029471"/>
  <node id="8917722015" lat="22.3268187" lon="39.1029800"/>
  <node id="8917722016" lat="22.3239718" lon="39.1025607"/>
  <node id="8917765217" lat="22.3201606" lon="39.1114353">
    <tag k="highway" v="crossing"/>
  </node>
  <node id="8917765218" lat="22.3205585" lon="39.1119338">
    <tag k="highway" v="crossing"/>
  </node>
  <node id="8917765219" lat="22.3196371" lon="39.1105234">
    <tag k="highway" v="crossing"/>
  </node>
  <node id="8921707084" lat="22.3156382" lon="39.1097418"/>
  <node id="8921707085" lat="22.3159656" lon="39.1100827"/>
  <node id="8921707086" lat="22.3158627" lon="39.1094609">
    <tag k="highway" v="crossing"/>
  </node>
  <node id="8921707087" lat="22.3156483" lon="39.1097207">
    <tag k="highway" v="crossing"/>
  </node>
  <node id="8921707088" lat="22.3113890" lon="39.0990658"/>
  <node id="8935130299" lat="22.3254984" lon="39.1096142"/>
  <node id="9557406402" lat="22.3152771" lon="39.1120862">
    <tag k="highway" v="traffic_signals"/>
    <tag k="traffic_signals" v="signal"/>
  </node>
  <node id="9557406403" lat="22.3153450" lon="39.1118798">
    <tag k="highway" v="crossing"/>
  </node>
  <node id="9557406404" lat="22.3152212" lon="39.1120175">
    <tag k="highway" v="crossing"/>
  </node>
  <node id="9557406405" lat="22.3153983" lon="39.1119493">
    <tag k="highway" v="traffic_signals"/>
    <tag k="traffic_signals" v="signal"/>
  </node>
  <node id="9859033389" lat="22.3065499" lon="39.1041860"/>
  <node id="9874004003" lat="22.3175513" lon="39.0942297"/>
  <node id="9874004004" lat="22.3175532" lon="39.0942445"/>
  <node id="9874004005" lat="22.3154874" lon="39.0943323"/>
  <node id="9884417029" lat="22.3116269" lon="39.0944114"/>
  <node id="9951631545" lat="22.3318206" lon="39.1081564"/>
  <node id="9953072977" lat="22.3267762" lon="39.1188150"/>
  <node id="9953073012" lat="22.3124010" lon="39.1103329"/>
  <node id="9953578301" lat="22.3181062" lon="39.1014926"/>
  <node id="9953578302" lat="22.3181711" lon="39.1011737"/>
  <node id="9953578303" lat="22.3179633" lon="39.1017052"/>
  <node id="9953578304" lat="22.3180526" lon="39.1017047"/>
  <node id="9953578305" lat="22.3178960" lon="39.1019039"/>
  <node id="9953578306" lat="22.3181742" lon="39.1005338"/>
  <node id="9953578307" lat="22.3182515" lon="39.1005918"/>
  <node id="9953578308" lat="22.3181473" lon="39.0985891"/>
  <node id="9953578309" lat="22.3182950" lon="39.0989820"/>
  <node id="9953578310" lat="22.3179394" lon="39.0980588"/>
  <node id="9953578311" lat="22.3177253" lon="39.0975602"/>
  <node id="9953578312" lat="22.3178048" lon="39.0975251"/>
  <node id="9953586019" lat="22.3133131" lon="39.1098172"/>
  <node id="9953586020" lat="22.3129177" lon="39.1096167"/>
  <node id="9953586021" lat="22.3130996" lon="39.1091147"/>
  <node id="9953586022" lat="22.3128752" lon="39.1096940"/>
  <node id="9953586025" lat="22.3197131" lon="39.1183229"/>
  <node id="9953586026" lat="22.3195627" lon="39.1183972"/>
  <node id="9953586027" lat="22.3200273" lon="39.1195962"/>
  <node id="9953586028" lat="22.3202013" lon="39.1195170"/>
  <node id="9953586029" lat="22.3182080" lon="39.1155326"/>
  <node id="9953586030" lat="22.3171213" lon="39.1140140"/>
  <node id="9953586033" lat="22.3135612" lon="39.1100178"/>
  <node id="9953586034" lat="22.3099353" lon="39.1089347"/>
  <node id="9953586035" lat="22.3107408" lon="39.1082800"/>
  <node id="9953586036" lat="22.3111616" lon="39.1079148"/>
  <node id="9953586037" lat="22.3093850" lon="39.1093355"/>
  <node id="9953598579" lat="22.3097782" lon="39.1017611"/>
  <node id="9953598582" lat="22.3078159" lon="39.1024735"/>
  <node id="9953598583" lat="22.3077423" lon="39.1024145"/>
  <node id="9953598585" lat="22.3113701" lon="39.1002065"/>
  <node id="9953645318" lat="22.3144224" lon="39.0995054"/>
  <node id="10242344640" lat="22.3141743" lon="39.1104970"/>
  <node id="11043880231" lat="22.3158397" lon="39.1094875"/>
  <node id="12681138710" lat="22.3146703" lon="39.0999627"/>
  <node id="12681138711" lat="22.3145521" lon="39.0999349"/>
  <node id="12681138712" lat="22.3146030" lon="39.0999386"/>
  <node id="12736695864" lat="22.3258672" lon="39.1063106">
    <tag k="highway" v="crossing"/>
  </node>
  <node id="12834659387" lat="22.3108716" lon="39.1132267"/>
  <node id="12842317985" lat="22.3089433" lon="39.0957270"/>
  <node id="12842317986" lat="22.3094264" lon="39.0958440">
    <tag k="highway" v="crossing"/>
  </node>
  <node id="12842317987" lat="22.3085988" lon="39.0956577">
    <tag k="highway" v="crossing"/>
  </node>
  <node id="12871944003" lat="22.3039198" lon="39.1077742"/>
  <node id="12871944004" lat="22.3039176" lon="39.1079104"/>
  <node id="12871944005" lat="22.3039555" lon="39.1080077"/>
  <node id="12871944006" lat="22.3036483" lon="39.1079426"/>
  <node id="12871944007" lat="22.3037483" lon="39.1079867"/>
  <node id="12871944008" lat="22.3038340" lon="39.1080414"/>
  <node id="12871944011" lat="22.3170677" lon="39.1180398"/>
  <node id="12871944012" lat="22.3173505" lon="39.1184390"/>
  <node id="12871944013" lat="22.3176184" lon="39.1188874"/>
  <node id="12871944014" lat="22.3178205" lon="39.1193824"/>
  <node id="13306405344" lat="22.3262416" lon="39.1064214"/>
  <node id="13306405374" lat="22.3173931" lon="39.1045707"/>
  <node id="13306405375" lat="22.3225155" lon="39.1060097"/>
  <node id="13306405376" lat="22.3205541" lon="39.1123219"/>
  <node id="13475950667" lat="22.3177629" lon="39.1085302"/>
  <node id="13476010420" lat="22.3187585" lon="39.1091579"/>
  <node id="13476351351" lat="22.3169909" lon="39.0967611"/>
  <node id="13476351369" lat="22.3139716" lon="39.0964553"/>
  <node id="13476351371" lat="22.3129563" lon="39.0964559"/>
  <node id="13476351372" lat="22.3116064" lon="39.0973864"/>
  <node id="13476351377" lat="22.3110577" lon="39.0935188"/>
  <node id="13476351380" lat="22.3069635" lon="39.0940703"/>
  <node id="13476351383" lat="22.3068936" lon="39.0954234"/>
  <node id="13476351386" lat="22.3121908" lon="39.0942167"/>
  <node id="13476351388" lat="22.3062329" lon="39.0953546"/>
  <node id="13476351393" lat="22.3253261" lon="39.1067549"/>
  <node id="13476351395" lat="22.3258909" lon="39.1098734"/>
  <node id="13476351396" lat="22.3254029" lon="39.1096939"/>
  <node id="13476351398" lat="22.3257567" lon="39.1105953"/>
  <node id="13476351399" lat="22.3261250" lon="39.1041727"/>
  <node id="13476403201" lat="22.3286416" lon="39.1064573"/>
  <node id="13476403202" lat="22.3293524" lon="39.1094832"/>
  <node id="13476403203" lat="22.3269407" lon="39.1106043"/>
  <node id="13476403205" lat="22.3283996" lon="39.1112303"/>
  <node id="13476403207" lat="22.3285386" lon="39.1095397"/>
  <node id="13476403209" lat="22.3285742" lon="39.1093005"/>
  <node id="13476403211" lat="22.3273730" lon="39.1077025"/>
  <node id="13476403213" lat="22.3272805" lon="39.1047808"/>
  <node id="13476403215" lat="22.3235312" lon="39.1042661"/>
  <node id="13476403216" lat="22.3166162" lon="39.1100275"/>
  <node id="13476403218" lat="22.3170164" lon="39.1082075"/>
  <node id="13476403219" lat="22.3168410" lon="39.1084291"/>
  <node id="13476403221" lat="22.3166575" lon="39.1068308"/>
  <node id="13476403223" lat="22.3186760" lon="39.1036318"/>
  <node id="13476403225" lat="22.3220619" lon="39.1050308"/>
  <node id="13611275429" lat="22.3208473" lon="39.1033470">
    <tag k="crossing" v="uncontrolled"/>
    <tag k="crossing:markings" v="yes"/>
    <tag k="highway" v="crossing"/>
    <tag k="tactile_paving" v="yes"/>
  </node>
  <node id="13611281700" lat="22.3297191" lon="39.1052585">
    <tag k="direction" v="both"/>
    <tag k="traffic_calming" v="rumble_strip"/>
  </node>
  <node id="13611301410" lat="22.3239055" lon="39.1025495">
    <tag k="crossing" v="uncontrolled"/>
    <tag k="crossing:island" v="no"/>
    <tag k="crossing:markings" v="yes"/>
    <tag k="highway" v="crossing"/>
  </node>
  <node id="13611301412" lat="22.3237613" lon="39.1026031">
    <tag k="direction" v="forward"/>
    <tag k="highway" v="stop"/>
  </node>
  <node id="13611301413" lat="22.3237553" lon="39.1026603">
    <tag k="crossing" v="uncontrolled"/>
    <tag k="crossing:island" v="no"/>
    <tag k="crossing:markings" v="yes"/>
    <tag k="highway" v="crossing"/>
    <tag k="tactile_paving" v="yes"/>
  </node>
  <node id="13611301416" lat="22.3226273" lon="39.1031579"/>
  <node id="13611301417" lat="22.3227442" lon="39.1031676"/>
  <node id="13789943704" lat="22.3183274" lon="39.1203544"/>
  <node id="13849229101" lat="22.3220202" lon="39.1114306"/>
  <node id="13849229102" lat="22.3220235" lon="39.1114059"/>
  <node id="13947721768" lat="22.3140357" lon="39.1123917"/>
  <node id="13985033142" lat="22.3071865" lon="39.0943079"/>
  <node id="13985033143" lat="22.3065350" lon="39.0953885"/>
  <node id="13985118449" lat="22.3117833" lon="39.0959686"/>
  <node id="13985118450" lat="22.3107206" lon="39.0957551"/>
  <way id="38085402">
    <nd ref="480164773"/>
    <nd ref="472293517"/>
    <nd ref="3639841605"/>
    <nd ref="487160518"/>
    <nd ref="480164770"/>
    <nd ref="472293530"/>
    <nd ref="478487358"/>
    <tag k="highway" v="residential"/>
    <tag k="lit" v="yes"/>
    <tag k="maxspeed" v="40"/>
    <tag k="name" v="Discovery Boulevard"/>
  </way>
  <way id="38085409">
    <nd ref="504913425"/>
    <nd ref="9953586028"/>
    <nd ref="504913419"/>
    <nd ref="9953586025"/>
    <nd ref="504913418"/>
    <nd ref="504913415"/>
    <nd ref="9953586029"/>
    <nd ref="504913416"/>
    <nd ref="9953586030"/>
    <nd ref="504913417"/>
    <nd ref="9557406405"/>
    <nd ref="9557406403"/>
    <nd ref="504913409"/>
    <nd ref="10242344640"/>
    <nd ref="447946172"/>
    <nd ref="447946607"/>
    <nd ref="477282089"/>
    <nd ref="480708451"/>
    <nd ref="447946302"/>
    <tag k="highway" v="primary"/>
    <tag k="lit" v="yes"/>
    <tag k="maxspeed" v="60"/>
    <tag k="name" v="King Abdullah Boulevard"/>
    <tag k="oneway" v="yes"/>
    <tag k="surface" v="asphalt"/>
  </way>
  <way id="39425304">
    <nd ref="1000521759"/>
    <nd ref="556192121"/>
    <nd ref="1000521742"/>
    <nd ref="472284508"/>
    <tag k="highway" v="primary"/>
    <tag k="maxspeed" v="20"/>
    <tag k="name" v="King Abdullah Boulevard"/>
    <tag k="oneway" v="yes"/>
  </way>
  <way id="39425484">
    <nd ref="479938118"/>
    <nd ref="472287838"/>
    <tag k="highway" v="residential"/>
    <tag k="maxspeed" v="40"/>
    <tag k="name" v="Peace Avenue"/>
  </way>
  <way id="39425550">
    <nd ref="472288332"/>
    <nd ref="642932290"/>
    <nd ref="6899017236"/>
    <nd ref="472290706"/>
    <tag k="highway" v="residential"/>
    <tag k="maxspeed" v="40"/>
    <tag k="name" v="Island Street"/>
  </way>
  <way id="39425743">
    <nd ref="9874004004"/>
    <nd ref="845165393"/>
    <tag k="highway" v="residential"/>
    <tag k="lit" v="yes"/>
    <tag k="maxspeed" v="40"/>
    <tag k="name" v="Coral Garden Route"/>
  </way>
  <way id="39425802">
    <nd ref="472290895"/>
    <nd ref="644629287"/>
    <nd ref="13476351377"/>
    <nd ref="479728047"/>
    <nd ref="3184105090"/>
    <nd ref="493725506"/>
    <nd ref="3184105089"/>
    <nd ref="13985118450"/>
    <nd ref="472292143"/>
    <nd ref="644629296"/>
    <tag k="highway" v="residential"/>
    <tag k="lit" v="yes"/>
    <tag k="maxspeed" v="40"/>
    <tag k="name" v="Hammour Street"/>
  </way>
  <way id="39426595">
    <nd ref="472300143"/>
    <nd ref="644629309"/>
    <nd ref="472300237"/>
    <tag k="highway" v="residential"/>
    <tag k="lit" v="yes"/>
    <tag k="maxspeed" v="40"/>
    <tag k="name" v="Najel Street"/>
    <tag k="oneway" v="yes"/>
  </way>
  <way id="39478848">
    <nd ref="480164772"/>
    <nd ref="472293438"/>
    <nd ref="472293377"/>
    <nd ref="496974996"/>
    <tag k="highway" v="residential"/>
    <tag k="maxspeed" v="40"/>
    <tag k="name" v="Discovery Boulevard"/>
  </way>
  <way id="39478849">
    <nd ref="479728049"/>
    <nd ref="3186054992"/>
    <nd ref="644629299"/>
    <nd ref="13985118449"/>
    <nd ref="479728048"/>
    <tag k="highway" v="residential"/>
    <tag k="lit" v="yes"/>
    <tag k="maxspeed" v="40"/>
    <tag k="name" v="Exploration Avenue"/>
  </way>
  <way id="39478852">
    <nd ref="472821390"/>
    <nd ref="3378494596"/>
    <nd ref="504734124"/>
    <nd ref="538965377"/>
    <nd ref="3378494597"/>
    <nd ref="538965380"/>
    <nd ref="644629296"/>
    <nd ref="539629214"/>
    <nd ref="539629237"/>
    <nd ref="644629304"/>
    <nd ref="472821329"/>
    <tag k="highway" v="residential"/>
    <tag k="maxspeed" v="40"/>
    <tag k="name" v="Transformation Boulevard"/>
  </way>
  <way id="39839373">
    <nd ref="504011489"/>
    <nd ref="644629278"/>
    <nd ref="13476351388"/>
    <nd ref="3378494610"/>
    <nd ref="13985033143"/>
    <nd ref="13476351383"/>
    <nd ref="479728035"/>
    <nd ref="472291959"/>
    <nd ref="3186054962"/>
    <tag k="highway" v="residential"/>
    <tag k="lit" v="yes"/>
    <tag k="maxspeed" v="40"/>
    <tag k="name" v="Salmani Street"/>
  </way>
  <way id="39839377">
    <nd ref="481885089"/>
    <nd ref="472821392"/>
    <nd ref="472821297"/>
    <nd ref="9953598585"/>
    <nd ref="472821320"/>
    <nd ref="472821336"/>
    <nd ref="472821340"/>
    <nd ref="472821331"/>
    <nd ref="482664620"/>
    <nd ref="472821348"/>
    <tag k="highway" v="residential"/>
    <tag k="lit" v="yes"/>
    <tag k="maxspeed" v="30"/>
    <tag k="name" v="Exploration Avenue"/>
  </way>
  <way id="39839380">
    <nd ref="496975012"/>
    <nd ref="642932303"/>
    <nd ref="505052789"/>
    <nd ref="646249786"/>
    <nd ref="496975011"/>
    <tag k="highway" v="residential"/>
    <tag k="lit" v="yes"/>
    <tag k="maxspeed" v="40"/>
  </way>
  <way id="39947522">
    <nd ref="9874004004"/>
    <nd ref="644629310"/>
    <nd ref="472300237"/>
    <tag k="highway" v="residential"/>
    <tag k="lit" v="yes"/>
    <tag k="maxspeed" v="40"/>
    <tag k="name" v="Mangrove Street"/>
  </way>
  <way id="39954727">
    <nd ref="479839984"/>
    <nd ref="479938111"/>
    <tag k="highway" v="residential"/>
    <tag k="maxspeed" v="40"/>
    <tag k="name" v="Beacon Avenue"/>
  </way>
  <way id="39954728">
    <nd ref="1000521769"/>
    <nd ref="600872214"/>
    <tag k="highway" v="primary"/>
    <tag k="maxspeed" v="20"/>
    <tag k="name" v="King Abdullah Boulevard"/>
    <tag k="oneway" v="yes"/>
  </way>
  <way id="39960468">
    <nd ref="504913397"/>
    <nd ref="9953578306"/>
    <nd ref="504913405"/>
    <nd ref="504913404"/>
    <nd ref="9953578303"/>
    <nd ref="9953578305"/>
    <nd ref="984513008"/>
    <nd ref="505052947"/>
    <tag k="highway" v="tertiary"/>
    <tag k="lit" v="yes"/>
    <tag k="maxspeed" v="40"/>
    <tag k="name" v="Bayt Al Hikma Boulevard"/>
    <tag k="oneway" v="yes"/>
    <tag k="surface" v="asphalt"/>
  </way>
  <way id="39962144">
    <nd ref="479997266"/>
    <nd ref="479997267"/>
    <nd ref="479997270"/>
    <nd ref="479997271"/>
    <nd ref="479997272"/>
    <tag k="highway" v="tertiary"/>
    <tag k="oneway" v="yes"/>
    <tag k="surface" v="asphalt"/>
  </way>
  <way id="39972833">
    <nd ref="480218450"/>
    <nd ref="480775230"/>
    <nd ref="480775229"/>
    <nd ref="480775228"/>
    <nd ref="1415696357"/>
    <nd ref="480775227"/>
    <nd ref="480775226"/>
    <nd ref="480775224"/>
    <nd ref="480775222"/>
    <nd ref="3148953943"/>
    <nd ref="480775220"/>
    <nd ref="480775215"/>
    <nd ref="1415696440"/>
    <nd ref="4494425616"/>
    <nd ref="480775271"/>
    <nd ref="480218441"/>
    <nd ref="480218444"/>
    <nd ref="480218447"/>
    <nd ref="480218454"/>
    <nd ref="480218450"/>
    <tag k="highway" v="residential"/>
  </way>
  <way id="40001897">
    <nd ref="480708447"/>
    <nd ref="480708449"/>
    <nd ref="8078347577"/>
    <nd ref="480708450"/>
    <nd ref="9953586021"/>
    <nd ref="480708451"/>
    <tag k="highway" v="primary"/>
    <tag k="oneway" v="yes"/>
  </way>
  <way id="40001900">
    <nd ref="480218454"/>
    <nd ref="4494425613"/>
    <nd ref="1415696428"/>
    <nd ref="480775222"/>
    <nd ref="9874004005"/>
    <nd ref="497454429"/>
    <nd ref="477282040"/>
    <nd ref="477282043"/>
    <nd ref="477282046"/>
    <nd ref="510013113"/>
    <tag k="highway" v="residential"/>
    <tag k="surface" v="paved"/>
  </way>
  <way id="40047927">
    <nd ref="481885091"/>
    <nd ref="8921707088"/>
    <nd ref="481885086"/>
    <tag k="bridge" v="yes"/>
    <tag k="highway" v="residential"/>
    <tag k="layer" v="1"/>
    <tag k="lit" v="yes"/>
    <tag k="maxspeed" v="30"/>
    <tag k="maxweight" v="60 t"/>
    <tag k="name" v="Bridge of Integrity"/>
    <tag k="oneway" v="yes"/>
  </way>
  <way id="40047930">
    <nd ref="481885098"/>
    <nd ref="481885088"/>
    <tag k="highway" v="residential"/>
    <tag k="lit" v="yes"/>
    <tag k="maxspeed" v="30"/>
    <tag k="name" v="Exploration Avenue"/>
    <tag k="oneway" v="yes"/>
  </way>
  <way id="40047935">
    <nd ref="481885086"/>
    <nd ref="481885089"/>
    <tag k="highway" v="residential"/>
    <tag k="lit" v="yes"/>
    <tag k="maxspeed" v="30"/>
    <tag k="name" v="Exploration Avenue"/>
    <tag k="oneway" v="yes"/>
  </way>
  <way id="40047938">
    <nd ref="481885096"/>
    <nd ref="481885098"/>
    <tag k="bridge" v="yes"/>
    <tag k="highway" v="residential"/>
    <tag k="layer" v="1"/>
    <tag k="lit" v="yes"/>
    <tag k="maxspeed" v="30"/>
    <tag k="maxweight" v="60 t"/>
    <tag k="name" v="Bridge of Integrity"/>
    <tag k="oneway" v="yes"/>
  </way>
  <way id="40047940">
    <nd ref="481885088"/>
    <nd ref="481885091"/>
    <tag k="highway" v="residential"/>
    <tag k="lit" v="yes"/>
    <tag k="maxspeed" v="30"/>
    <tag k="name" v="Exploration Avenue"/>
    <tag k="oneway" v="yes"/>
  </way>
  <way id="40047945">
    <nd ref="481885089"/>
    <nd ref="481885096"/>
    <tag k="highway" v="residential"/>
    <tag k="lit" v="yes"/>
    <tag k="maxspeed" v="30"/>
    <tag k="name" v="Exploration Avenue"/>
    <tag k="oneway" v="yes"/>
  </way>
  <way id="40075993">
    <nd ref="482257815"/>
    <nd ref="644629292"/>
    <nd ref="13476351386"/>
    <nd ref="644629290"/>
    <nd ref="482257816"/>
    <tag k="highway" v="residential"/>
    <tag k="maxspeed" v="40"/>
    <tag k="name" v="Seagull Street"/>
  </way>
  <way id="40103010">
    <nd ref="3186054962"/>
    <nd ref="644629294"/>
    <nd ref="3186054851"/>
    <nd ref="644629277"/>
    <nd ref="482664624"/>
    <tag k="highway" v="residential"/>
    <tag k="maxspeed" v="40"/>
    <tag k="name" v="Hareed Street"/>
  </way>
  <way id="40284760">
    <nd ref="472288092"/>
    <nd ref="485959302"/>
    <nd ref="6884914086"/>
    <nd ref="485959304"/>
    <nd ref="485959305"/>
    <tag k="highway" v="residential"/>
    <tag k="maxspeed" v="40"/>
    <tag k="name" v="Peace Avenue"/>
    <tag k="oneway" v="yes"/>
  </way>
  <way id="40351520">
    <nd ref="487160524"/>
    <nd ref="644629282"/>
    <nd ref="3639841612"/>
    <nd ref="3378494614"/>
    <nd ref="644629284"/>
    <nd ref="487160528"/>
    <tag k="highway" v="residential"/>
    <tag k="lit" v="yes"/>
    <tag k="maxspeed" v="40"/>
    <tag k="name" v="Pearl Street"/>
  </way>
  <way id="40483390">
    <nd ref="490608746"/>
    <nd ref="6899017238"/>
    <nd ref="9953645318"/>
    <nd ref="485959302"/>
    <tag k="highway" v="residential"/>
    <tag k="maxspeed" v="40"/>
    <tag k="name" v="Peace Avenue"/>
    <tag k="oneway" v="yes"/>
  </way>
  <way id="40483391">
    <nd ref="480708453"/>
    <nd ref="642932299"/>
    <tag k="highway" v="residential"/>
    <tag k="maxspeed" v="40"/>
    <tag k="name" v="Peace Avenue"/>
    <tag k="oneway" v="yes"/>
  </way>
  <way id="40611020">
    <nd ref="493188181"/>
    <nd ref="493188179"/>
    <tag k="bridge" v="yes"/>
    <tag k="highway" v="residential"/>
    <tag k="layer" v="1"/>
    <tag k="maxspeed" v="40"/>
    <tag k="maxweight" v="60 t"/>
    <tag k="name" v="Bridge of Diversity"/>
    <tag k="oneway" v="yes"/>
  </way>
  <way id="40611021">
    <nd ref="480164772"/>
    <nd ref="493188181"/>
    <tag k="highway" v="residential"/>
    <tag k="maxspeed" v="40"/>
    <tag k="name" v="Discovery Boulevard"/>
    <tag k="oneway" v="yes"/>
  </way>
  <way id="40611022">
    <nd ref="493188179"/>
    <nd ref="480164773"/>
    <tag k="highway" v="residential"/>
    <tag k="maxspeed" v="40"/>
    <tag k="name" v="Discovery Boulevard"/>
    <tag k="oneway" v="yes"/>
  </way>
  <way id="40611023">
    <nd ref="480164773"/>
    <nd ref="493188180"/>
    <tag k="highway" v="residential"/>
    <tag k="maxspeed" v="40"/>
    <tag k="name" v="Discovery Boulevard"/>
    <tag k="oneway" v="yes"/>
  </way>
  <way id="40611024">
    <nd ref="493188182"/>
    <nd ref="480164772"/>
    <tag k="highway" v="residential"/>
    <tag k="maxspeed" v="40"/>
    <tag k="name" v="Discovery Boulevard"/>
    <tag k="oneway" v="yes"/>
  </way>
  <way id="40611025">
    <nd ref="493188180"/>
    <nd ref="493188182"/>
    <tag k="bridge" v="yes"/>
    <tag k="highway" v="residential"/>
    <tag k="layer" v="1"/>
    <tag k="maxspeed" v="40"/>
    <tag k="maxweight" v="60 t"/>
    <tag k="name" v="Bridge of Diversity"/>
    <tag k="oneway" v="yes"/>
  </way>
  <way id="40611026">
    <nd ref="493188185"/>
    <nd ref="493188183"/>
    <tag k="bridge" v="yes"/>
    <tag k="highway" v="residential"/>
    <tag k="layer" v="1"/>
    <tag k="lit" v="yes"/>
    <tag k="maxspeed" v="40"/>
    <tag k="maxweight" v="60 t"/>
    <tag k="name" v="Bridge of Inspiration"/>
    <tag k="oneway" v="yes"/>
  </way>
  <way id="40611027">
    <nd ref="472288137"/>
    <nd ref="493188185"/>
    <tag k="highway" v="residential"/>
    <tag k="lit" v="yes"/>
    <tag k="maxspeed" v="40"/>
    <tag k="name" v="Island Street"/>
    <tag k="oneway" v="yes"/>
  </way>
  <way id="40611028">
    <nd ref="493188183"/>
    <nd ref="472288092"/>
    <tag k="highway" v="residential"/>
    <tag k="lit" v="yes"/>
    <tag k="maxspeed" v="40"/>
    <tag k="name" v="Island Street"/>
    <tag k="oneway" v="yes"/>
  </way>
  <way id="40611029">
    <nd ref="472288092"/>
    <nd ref="493188184"/>
    <tag k="highway" v="residential"/>
    <tag k="lit" v="yes"/>
    <tag k="maxspeed" v="40"/>
    <tag k="name" v="Island Street"/>
    <tag k="oneway" v="yes"/>
  </way>
  <way id="40611030">
    <nd ref="493188186"/>
    <nd ref="472288137"/>
    <tag k="highway" v="residential"/>
    <tag k="lit" v="yes"/>
    <tag k="maxspeed" v="40"/>
    <tag k="name" v="Island Street"/>
    <tag k="oneway" v="yes"/>
  </way>
  <way id="40611031">
    <nd ref="493188184"/>
    <nd ref="493188186"/>
    <tag k="bridge" v="yes"/>
    <tag k="highway" v="residential"/>
    <tag k="layer" v="1"/>
    <tag k="lit" v="yes"/>
    <tag k="maxspeed" v="40"/>
    <tag k="maxweight" v="60 t"/>
    <tag k="name" v="Bridge of Inspiration"/>
    <tag k="oneway" v="yes"/>
  </way>
  <way id="40848117">
    <nd ref="496974997"/>
    <nd ref="644629314"/>
    <nd ref="3639861033"/>
    <nd ref="644629312"/>
    <nd ref="496974998"/>
    <tag k="highway" v="residential"/>
    <tag k="lit" v="yes"/>
    <tag k="maxspeed" v="40"/>
    <tag k="name" v="Coral Street"/>
  </way>
  <way id="41281730">
    <nd ref="504734101"/>
    <nd ref="644629295"/>
    <nd ref="679007451"/>
    <nd ref="504734124"/>
    <tag k="highway" v="residential"/>
    <tag k="name" v="Safi Street"/>
  </way>
  <way id="41281745">
    <nd ref="504734269"/>
    <nd ref="644629306"/>
    <nd ref="13476351371"/>
    <nd ref="504734254"/>
    <tag k="highway" v="residential"/>
    <tag k="maxspeed" v="40"/>
    <tag k="name" v="Zubaidi Street"/>
    <tag k="oneway" v="yes"/>
  </way>
  <way id="41281746">
    <nd ref="504734247"/>
    <nd ref="504734261"/>
    <tag k="highway" v="residential"/>
    <tag k="maxspeed" v="40"/>
    <tag k="name" v="Zubaidi Street"/>
    <tag k="oneway" v="yes"/>
  </way>
  <way id="41292058">
    <nd ref="2720967672"/>
    <nd ref="8078348033"/>
    <nd ref="472285896"/>
    <nd ref="472285869"/>
    <nd ref="472285813"/>
    <nd ref="8078348031"/>
    <nd ref="472285774"/>
    <nd ref="8078348059"/>
    <nd ref="455452822"/>
    <nd ref="455452823"/>
    <nd ref="455452824"/>
    <nd ref="455452825"/>
    <nd ref="455452826"/>
    <nd ref="455452827"/>
    <nd ref="12834659387"/>
    <nd ref="1417967704"/>
    <nd ref="556391036"/>
    <nd ref="447945953"/>
    <tag k="highway" v="tertiary"/>
    <tag k="lit" v="yes"/>
    <tag k="oneway" v="yes"/>
  </way>
  <way id="41292075">
    <nd ref="504913398"/>
    <nd ref="504913389"/>
    <tag k="bridge" v="yes"/>
    <tag k="highway" v="tertiary"/>
    <tag k="layer" v="1"/>
    <tag k="lit" v="yes"/>
    <tag k="maxaxleload" v="60"/>
    <tag k="name" v="Bayt Al Hikma Boulevard"/>
    <tag k="oneway" v="yes"/>
    <tag k="sidewalk:left" v="no"/>
    <tag k="sidewalk:right" v="separate"/>
    <tag k="surface" v="asphalt"/>
  </way>
  <way id="41292076">
    <nd ref="504913392"/>
    <nd ref="504913397"/>
    <tag k="bridge" v="yes"/>
    <tag k="highway" v="tertiary"/>
    <tag k="layer" v="1"/>
    <tag k="lit" v="yes"/>
    <tag k="maxaxleload" v="60"/>
    <tag k="name" v="Bayt Al Hikma Boulevard"/>
    <tag k="oneway" v="yes"/>
    <tag k="sidewalk:left" v="no"/>
    <tag k="sidewalk:right" v="separate"/>
    <tag k="surface" v="asphalt"/>
  </way>
  <way id="41292077">
    <nd ref="504913389"/>
    <nd ref="9953578309"/>
    <nd ref="504913390"/>
    <nd ref="845165368"/>
    <nd ref="845165182"/>
    <nd ref="845165272"/>
    <nd ref="9953578312"/>
    <nd ref="845165349"/>
    <nd ref="845165157"/>
    <nd ref="887932181"/>
    <tag k="highway" v="tertiary"/>
    <tag k="lit" v="yes"/>
    <tag k="maxspeed" v="40"/>
    <tag k="name" v="Bayt Al Hikma Boulevard"/>
    <tag k="oneway" v="yes"/>
    <tag k="sidewalk:left" v="no"/>
    <tag k="sidewalk:right" v="separate"/>
    <tag k="surface" v="asphalt"/>
  </way>
  <way id="41292078">
    <nd ref="845165215"/>
    <nd ref="884893350"/>
    <nd ref="9874004003"/>
    <nd ref="9874004004"/>
    <tag k="highway" v="tertiary"/>
    <tag k="lane_markings" v="yes"/>
    <tag k="lanes" v="2"/>
    <tag k="lit" v="yes"/>
    <tag k="maxspeed" v="40"/>
    <tag k="name" v="Bayt Al Hikma Boulevard"/>
    <tag k="oneway" v="yes"/>
    <tag k="smoothness" v="excellent"/>
    <tag k="surface" v="asphalt"/>
  </way>
  <way id="41831108">
    <nd ref="516625716"/>
    <nd ref="9953598582"/>
    <nd ref="516625787"/>
    <nd ref="516625846"/>
    <nd ref="516626014"/>
    <nd ref="516681239"/>
    <nd ref="6919875985"/>
    <nd ref="516626146"/>
    <nd ref="724101259"/>
    <nd ref="516626179"/>
    <nd ref="6919876085"/>
    <nd ref="516626221"/>
    <nd ref="516626281"/>
    <nd ref="6919876086"/>
    <nd ref="1495051291"/>
    <nd ref="516626342"/>
    <nd ref="1533896536"/>
    <nd ref="479938118"/>
    <tag k="highway" v="tertiary"/>
    <tag k="lit" v="yes"/>
    <tag k="maxspeed" v="40"/>
    <tag k="name" v="Unity Boulevard"/>
    <tag k="oneway" v="yes"/>
    <tag k="surface" v="asphalt"/>
  </way>
  <way id="41831721">
    <nd ref="479938107"/>
    <nd ref="472287777"/>
    <nd ref="493907049"/>
    <tag k="highway" v="tertiary"/>
    <tag k="maxspeed" v="40"/>
    <tag k="name" v="Unity Boulevard"/>
    <tag k="oneway" v="yes"/>
  </way>
  <way id="41833419">
    <nd ref="447945953"/>
    <nd ref="477282087"/>
    <nd ref="479997272"/>
    <nd ref="447946072"/>
    <tag k="highway" v="tertiary"/>
    <tag k="lit" v="yes"/>
    <tag k="name" v="Unity Boulevard"/>
    <tag k="oneway" v="yes"/>
    <tag k="surface" v="asphalt"/>
  </way>
  <way id="41833421">
    <nd ref="5632130201"/>
    <nd ref="516625519"/>
    <nd ref="516625371"/>
    <nd ref="9859033389"/>
    <nd ref="516625315"/>
    <nd ref="516625264"/>
    <nd ref="516625225"/>
    <nd ref="559125112"/>
    <tag k="highway" v="tertiary"/>
    <tag k="lit" v="yes"/>
    <tag k="maxspeed" v="40"/>
    <tag k="name" v="Unity Boulevard"/>
    <tag k="oneway" v="yes"/>
    <tag k="surface" v="asphalt"/>
  </way>
  <way id="41833422">
    <nd ref="516675297"/>
    <nd ref="516625625"/>
    <nd ref="516625716"/>
    <tag k="bridge" v="yes"/>
    <tag k="highway" v="tertiary"/>
    <tag k="layer" v="1"/>
    <tag k="lit" v="yes"/>
    <tag k="maxspeed" v="40"/>
    <tag k="name" v="Unity Boulevard"/>
    <tag k="oneway" v="yes"/>
    <tag k="surface" v="asphalt"/>
  </way>
  <way id="41833423">
    <nd ref="516625757"/>
    <nd ref="5632130201"/>
    <tag k="bridge" v="yes"/>
    <tag k="highway" v="tertiary"/>
    <tag k="layer" v="1"/>
    <tag k="lit" v="yes"/>
    <tag k="maxspeed" v="40"/>
    <tag k="name" v="Unity Boulevard"/>
    <tag k="oneway" v="yes"/>
    <tag k="surface" v="asphalt"/>
  </way>
  <way id="43844543">
    <nd ref="556390984"/>
    <nd ref="556390988"/>
    <nd ref="8078347574"/>
    <nd ref="556390990"/>
    <nd ref="9953586020"/>
    <nd ref="9953586022"/>
    <nd ref="556390992"/>
    <tag k="highway" v="primary"/>
    <tag k="oneway" v="yes"/>
  </way>
  <way id="43844544">
    <nd ref="556390995"/>
    <nd ref="556390997"/>
    <nd ref="8078347575"/>
    <nd ref="556390999"/>
    <nd ref="9953586019"/>
    <nd ref="556391001"/>
    <tag k="highway" v="primary"/>
    <tag k="lane_markings" v="yes"/>
    <tag k="lanes" v="1"/>
    <tag k="lit" v="yes"/>
    <tag k="oneway" v="yes"/>
    <tag k="surface" v="asphalt"/>
  </way>
  <way id="43844546">
    <nd ref="556391003"/>
    <nd ref="556391016"/>
    <nd ref="556391018"/>
    <nd ref="556391024"/>
    <nd ref="556391005"/>
    <tag k="highway" v="tertiary"/>
    <tag k="oneway" v="yes"/>
    <tag k="surface" v="asphalt"/>
  </way>
  <way id="43844547">
    <nd ref="556391036"/>
    <nd ref="556391038"/>
    <nd ref="556391040"/>
    <nd ref="556391020"/>
    <nd ref="556391022"/>
    <tag k="highway" v="tertiary"/>
    <tag k="lit" v="yes"/>
    <tag k="oneway" v="yes"/>
  </way>
  <way id="43844548">
    <nd ref="556391028"/>
    <nd ref="556391030"/>
    <nd ref="556391032"/>
    <nd ref="556391034"/>
    <nd ref="556391042"/>
    <tag k="highway" v="tertiary"/>
    <tag k="lit" v="yes"/>
    <tag k="oneway" v="yes"/>
  </way>
  <way id="43963181">
    <nd ref="12871944006"/>
    <nd ref="12871944007"/>
    <nd ref="12871944008"/>
    <nd ref="4524289682"/>
    <nd ref="4523522894"/>
    <nd ref="4523522889"/>
    <nd ref="559125116"/>
    <nd ref="559125146"/>
    <nd ref="559125139"/>
    <tag k="highway" v="tertiary"/>
    <tag k="maxspeed" v="60"/>
    <tag k="oneway" v="yes"/>
    <tag k="surface" v="asphalt"/>
  </way>
  <way id="43963184">
    <nd ref="559125145"/>
    <nd ref="493725496"/>
    <nd ref="559125125"/>
    <nd ref="4523522890"/>
    <nd ref="4524289683"/>
    <nd ref="12871944005"/>
    <nd ref="12871944004"/>
    <nd ref="12871944003"/>
    <tag k="highway" v="tertiary"/>
    <tag k="maxspeed" v="60"/>
    <tag k="oneway" v="yes"/>
    <tag k="surface" v="asphalt"/>
  </way>
  <way id="43963185">
    <nd ref="559125153"/>
    <nd ref="559125121"/>
    <nd ref="559125122"/>
    <nd ref="559125123"/>
    <nd ref="559125125"/>
    <tag k="highway" v="tertiary"/>
    <tag k="oneway" v="yes"/>
    <tag k="surface" v="asphalt"/>
  </way>
  <way id="43963186">
    <nd ref="559125116"/>
    <nd ref="559125119"/>
    <nd ref="559125140"/>
    <nd ref="559125141"/>
    <nd ref="559125142"/>
    <tag k="highway" v="tertiary"/>
    <tag k="oneway" v="yes"/>
    <tag k="surface" v="asphalt"/>
  </way>
  <way id="47126446">
    <nd ref="600872214"/>
    <nd ref="600872215"/>
    <tag k="highway" v="residential"/>
    <tag k="name" v="King Abdullah Boulevard"/>
  </way>
  <way id="50727002">
    <nd ref="479997262"/>
    <nd ref="556391003"/>
    <nd ref="479997264"/>
    <tag k="highway" v="tertiary"/>
    <tag k="lit" v="yes"/>
    <tag k="maxspeed" v="60"/>
    <tag k="name" v="Unity Boulevard"/>
    <tag k="oneway" v="yes"/>
    <tag k="surface" v="asphalt"/>
  </way>
  <way id="50727003">
    <nd ref="472284508"/>
    <nd ref="556390984"/>
    <nd ref="477282085"/>
    <nd ref="472284615"/>
    <nd ref="556391001"/>
    <nd ref="9953586033"/>
    <nd ref="9557406404"/>
    <nd ref="9557406402"/>
    <nd ref="472284665"/>
    <nd ref="472284715"/>
    <nd ref="472284752"/>
    <nd ref="472284782"/>
    <nd ref="9953586026"/>
    <nd ref="472284801"/>
    <nd ref="9953586027"/>
    <nd ref="504913422"/>
    <tag k="highway" v="primary"/>
    <tag k="lit" v="yes"/>
    <tag k="maxspeed" v="60"/>
    <tag k="name" v="King Abdullah Boulevard"/>
    <tag k="oneway" v="yes"/>
    <tag k="surface" v="asphalt"/>
  </way>
  <way id="50727004">
    <nd ref="487160494"/>
    <nd ref="479938117"/>
    <tag k="highway" v="tertiary"/>
    <tag k="lit" v="yes"/>
    <tag k="maxspeed" v="40"/>
    <tag k="name" v="Unity Boulevard"/>
    <tag k="oneway" v="yes"/>
    <tag k="surface" v="asphalt"/>
  </way>
  <way id="50727005">
    <nd ref="472288332"/>
    <nd ref="3378494615"/>
    <nd ref="472290870"/>
    <nd ref="3639841616"/>
    <nd ref="472290882"/>
    <nd ref="472290888"/>
    <nd ref="482257816"/>
    <nd ref="472290891"/>
    <nd ref="472290895"/>
    <nd ref="3378494616"/>
    <nd ref="3639841613"/>
    <nd ref="472290896"/>
    <nd ref="472290897"/>
    <nd ref="487160524"/>
    <tag k="highway" v="residential"/>
    <tag k="lit" v="yes"/>
    <tag k="maxspeed" v="40"/>
    <tag k="name" v="Transformation Boulevard"/>
    <tag k="sidewalk:both" v="separate"/>
    <tag k="surface" v="asphalt"/>
  </way>
  <way id="50727006">
    <nd ref="472290706"/>
    <nd ref="642932292"/>
    <nd ref="503695176"/>
    <nd ref="481884999"/>
    <nd ref="503695188"/>
    <nd ref="472290712"/>
    <nd ref="482257815"/>
    <nd ref="472290715"/>
    <nd ref="9884417029"/>
    <nd ref="472290733"/>
    <nd ref="644629289"/>
    <nd ref="479728047"/>
    <nd ref="644629288"/>
    <nd ref="505052445"/>
    <nd ref="479728039"/>
    <nd ref="479728046"/>
    <nd ref="479728044"/>
    <nd ref="3184105069"/>
    <nd ref="487160528"/>
    <tag k="highway" v="residential"/>
    <tag k="lit" v="yes"/>
    <tag k="maxspeed" v="40"/>
    <tag k="name" v="Mangrove Street"/>
  </way>
  <way id="50727007">
    <nd ref="504734269"/>
    <nd ref="528932862"/>
    <nd ref="642932298"/>
    <nd ref="477282083"/>
    <tag k="highway" v="residential"/>
    <tag k="lit" v="yes"/>
    <tag k="maxspeed" v="40"/>
    <tag k="name" v="Transformation Boulevard"/>
  </way>
  <way id="50727008">
    <nd ref="504734254"/>
    <nd ref="479728054"/>
    <nd ref="642932296"/>
    <nd ref="477609964"/>
    <tag k="highway" v="residential"/>
    <tag k="lit" v="yes"/>
    <tag k="maxspeed" v="40"/>
    <tag k="name" v="Salmani Street"/>
  </way>
  <way id="50727009">
    <nd ref="472821348"/>
    <nd ref="505052544"/>
    <nd ref="505052752"/>
    <nd ref="505052757"/>
    <nd ref="477610341"/>
    <nd ref="1620261509"/>
    <tag k="highway" v="residential"/>
    <tag k="lit" v="yes"/>
    <tag k="maxspeed" v="40"/>
    <tag k="name" v="Exploration Avenue"/>
  </way>
  <way id="50727010">
    <nd ref="472821348"/>
    <nd ref="482664622"/>
    <nd ref="3639903835"/>
    <nd ref="3639841615"/>
    <nd ref="505052516"/>
    <nd ref="505052684"/>
    <nd ref="482664614"/>
    <nd ref="496974992"/>
    <tag k="highway" v="residential"/>
    <tag k="lit" v="yes"/>
    <tag k="maxspeed" v="40"/>
    <tag k="name" v="Peace Avenue"/>
  </way>
  <way id="50727011">
    <nd ref="1485526572"/>
    <nd ref="3353431568"/>
    <nd ref="505052548"/>
    <tag k="highway" v="residential"/>
    <tag k="maxspeed" v="40"/>
    <tag k="name" v="Discovery Boulevard"/>
    <tag k="surface" v="asphalt"/>
  </way>
  <way id="50727012">
    <nd ref="479938118"/>
    <nd ref="1032658103"/>
    <nd ref="477609362"/>
    <nd ref="1485526572"/>
    <tag k="highway" v="tertiary"/>
    <tag k="lit" v="yes"/>
    <tag k="maxspeed" v="40"/>
    <tag k="name" v="Unity Boulevard"/>
    <tag k="oneway" v="yes"/>
    <tag k="surface" v="asphalt"/>
  </way>
  <way id="50727013">
    <nd ref="472293192"/>
    <nd ref="642932293"/>
    <nd ref="3184105100"/>
    <nd ref="3184105098"/>
    <nd ref="472821350"/>
    <nd ref="472821381"/>
    <nd ref="472821357"/>
    <nd ref="479728049"/>
    <tag k="highway" v="residential"/>
    <tag k="maxspeed" v="40"/>
    <tag k="name" v="Discovery Boulevard"/>
  </way>
  <way id="50727014">
    <nd ref="447946072"/>
    <nd ref="469880037"/>
    <nd ref="1415696162"/>
    <nd ref="470284143"/>
    <nd ref="3378608085"/>
    <nd ref="497671364"/>
    <nd ref="1533893182"/>
    <nd ref="631382928"/>
    <nd ref="516625124"/>
    <nd ref="516625165"/>
    <nd ref="516674864"/>
    <nd ref="559125109"/>
    <tag k="highway" v="tertiary"/>
    <tag k="lit" v="yes"/>
    <tag k="maxspeed" v="40"/>
    <tag k="name" v="Unity Boulevard"/>
    <tag k="oneway" v="yes"/>
  </way>
  <way id="50727015">
    <nd ref="482664624"/>
    <nd ref="479728036"/>
    <nd ref="479728040"/>
    <nd ref="644629280"/>
    <nd ref="479728035"/>
    <tag k="highway" v="residential"/>
    <tag k="maxspeed" v="40"/>
    <tag k="name" v="Mangrove Street"/>
  </way>
  <way id="50727016">
    <nd ref="482664624"/>
    <nd ref="13985033142"/>
    <nd ref="13476351380"/>
    <nd ref="644629274"/>
    <nd ref="490608743"/>
    <tag k="highway" v="residential"/>
    <tag k="maxspeed" v="40"/>
    <tag k="name" v="Hareed Street"/>
  </way>
  <way id="50727017">
    <nd ref="472821393"/>
    <nd ref="12842317987"/>
    <nd ref="3186054982"/>
    <nd ref="472292046"/>
    <nd ref="12842317985"/>
    <nd ref="6884976386"/>
    <nd ref="12842317986"/>
    <nd ref="504734101"/>
    <nd ref="472292068"/>
    <nd ref="538965375"/>
    <nd ref="538965389"/>
    <nd ref="644629300"/>
    <nd ref="472292143"/>
    <nd ref="644629301"/>
    <nd ref="472292219"/>
    <nd ref="479728050"/>
    <nd ref="479728051"/>
    <nd ref="644629303"/>
    <nd ref="479728048"/>
    <tag k="highway" v="residential"/>
    <tag k="maxspeed" v="40"/>
    <tag k="name" v="Salmani Street"/>
  </way>
  <way id="50727019">
    <nd ref="472821393"/>
    <nd ref="3186054975"/>
    <nd ref="6884976387"/>
    <nd ref="679007454"/>
    <nd ref="472821390"/>
    <tag k="highway" v="residential"/>
    <tag k="lit" v="yes"/>
    <tag k="maxspeed" v="40"/>
    <tag k="name" v="Discovery Boulevard"/>
  </way>
  <way id="50727020">
    <nd ref="479728048"/>
    <nd ref="644629302"/>
    <nd ref="3378494612"/>
    <nd ref="479728053"/>
    <nd ref="504734247"/>
    <nd ref="3639861035"/>
    <nd ref="504734254"/>
    <tag k="highway" v="residential"/>
    <tag k="maxspeed" v="40"/>
    <tag k="name" v="Salmani Street"/>
  </way>
  <way id="50727021">
    <nd ref="479728048"/>
    <nd ref="13476351372"/>
    <nd ref="472821329"/>
    <tag k="highway" v="residential"/>
    <tag k="lit" v="yes"/>
    <tag k="maxspeed" v="40"/>
    <tag k="name" v="Exploration Avenue"/>
  </way>
  <way id="50727022">
    <nd ref="472287838"/>
    <nd ref="1533896592"/>
    <nd ref="516626358"/>
    <nd ref="1495051293"/>
    <nd ref="516626307"/>
    <nd ref="516626247"/>
    <nd ref="504734338"/>
    <nd ref="1534953812"/>
    <nd ref="9953598579"/>
    <nd ref="516626128"/>
    <nd ref="5632124905"/>
    <nd ref="6919875086"/>
    <nd ref="516625937"/>
    <nd ref="516625824"/>
    <nd ref="9953598583"/>
    <nd ref="516625757"/>
    <tag k="highway" v="tertiary"/>
    <tag k="lit" v="yes"/>
    <tag k="maxspeed" v="40"/>
    <tag k="name" v="Unity Boulevard"/>
    <tag k="oneway" v="yes"/>
    <tag k="surface" v="asphalt"/>
  </way>
  <way id="50727023">
    <nd ref="472284508"/>
    <nd ref="9953586036"/>
    <nd ref="9953586035"/>
    <nd ref="9953586034"/>
    <nd ref="9953586037"/>
    <nd ref="447946072"/>
    <nd ref="479997262"/>
    <nd ref="6899051355"/>
    <nd ref="6899051354"/>
    <nd ref="4523522890"/>
    <tag k="highway" v="residential"/>
    <tag k="lit" v="yes"/>
    <tag k="maxspeed" v="40"/>
    <tag k="name" v="Discovery Boulevard"/>
  </way>
  <way id="50727025">
    <nd ref="447946302"/>
    <nd ref="1000521778"/>
    <nd ref="493907046"/>
    <nd ref="493907047"/>
    <nd ref="1000521769"/>
    <tag k="highway" v="primary"/>
    <tag k="maxspeed" v="20"/>
    <tag k="name" v="King Abdullah Boulevard"/>
    <tag k="oneway" v="yes"/>
  </way>
  <way id="50727026">
    <nd ref="505052548"/>
    <nd ref="447946302"/>
    <tag k="highway" v="residential"/>
    <tag k="maxspeed" v="40"/>
    <tag k="name" v="Discovery Boulevard"/>
  </way>
  <way id="50727027">
    <nd ref="447946302"/>
    <nd ref="472284508"/>
    <tag k="highway" v="residential"/>
    <tag k="maxspeed" v="40"/>
    <tag k="name" v="Discovery Boulevard"/>
  </way>
  <way id="50727028">
    <nd ref="479839984"/>
    <nd ref="3378664480"/>
    <nd ref="504913400"/>
    <nd ref="797787948"/>
    <tag k="highway" v="tertiary"/>
    <tag k="lit" v="yes"/>
    <tag k="name" v="Bayt Al Hikma Boulevard"/>
    <tag k="oneway" v="yes"/>
    <tag k="surface" v="asphalt"/>
  </way>
  <way id="50727029">
    <nd ref="480708456"/>
    <nd ref="505052613"/>
    <tag k="highway" v="residential"/>
    <tag k="lit" v="yes"/>
    <tag k="maxspeed" v="40"/>
    <tag k="name" v="Island Street"/>
  </way>
  <way id="50727030">
    <nd ref="472300237"/>
    <nd ref="479726681"/>
    <nd ref="646613238"/>
    <nd ref="479726678"/>
    <nd ref="9874004005"/>
    <nd ref="3639841611"/>
    <nd ref="3378494613"/>
    <nd ref="642932291"/>
    <nd ref="472290706"/>
    <tag k="highway" v="residential"/>
    <tag k="lit" v="yes"/>
    <tag k="maxspeed" v="40"/>
    <tag k="name" v="Mangrove Street"/>
  </way>
  <way id="50727031">
    <nd ref="477609964"/>
    <nd ref="642932295"/>
    <nd ref="3378494611"/>
    <nd ref="3639861034"/>
    <nd ref="477610023"/>
    <nd ref="493151087"/>
    <nd ref="493151088"/>
    <nd ref="496974999"/>
    <nd ref="496974998"/>
    <tag k="highway" v="residential"/>
    <tag k="lit" v="yes"/>
    <tag k="maxspeed" v="40"/>
    <tag k="name" v="Salmani Street"/>
  </way>
  <way id="50727032">
    <nd ref="477282083"/>
    <nd ref="642932297"/>
    <nd ref="477282084"/>
    <nd ref="496974994"/>
    <nd ref="504734462"/>
    <nd ref="3378494605"/>
    <nd ref="3378494600"/>
    <nd ref="496974997"/>
    <tag k="highway" v="residential"/>
    <tag k="lit" v="yes"/>
    <tag k="maxspeed" v="40"/>
    <tag k="name" v="Transformation Boulevard"/>
  </way>
  <way id="50727033">
    <nd ref="472300143"/>
    <nd ref="472290775"/>
    <nd ref="883220206"/>
    <tag k="highway" v="residential"/>
    <tag k="lane_markings" v="yes"/>
    <tag k="lanes" v="2"/>
    <tag k="lit" v="yes"/>
    <tag k="maxspeed" v="40"/>
    <tag k="name" v="Transformation Boulevard"/>
    <tag k="sidewalk:both" v="separate"/>
    <tag k="smoothness" v="excellent"/>
    <tag k="surface" v="asphalt"/>
  </way>
  <way id="50727034">
    <nd ref="472290706"/>
    <nd ref="3184105104"/>
    <nd ref="472293192"/>
    <tag k="highway" v="residential"/>
    <tag k="maxspeed" v="40"/>
    <tag k="name" v="Island Street"/>
  </way>
  <way id="50727035">
    <nd ref="472293344"/>
    <nd ref="642932301"/>
    <nd ref="472293319"/>
    <nd ref="472293314"/>
    <nd ref="472293279"/>
    <nd ref="472293246"/>
    <nd ref="472293237"/>
    <nd ref="472293226"/>
    <nd ref="472293214"/>
    <nd ref="472293203"/>
    <nd ref="3184105109"/>
    <nd ref="3184105108"/>
    <nd ref="642932294"/>
    <nd ref="472293192"/>
    <tag k="highway" v="residential"/>
    <tag k="maxspeed" v="40"/>
    <tag k="name" v="Discovery Boulevard"/>
  </way>
  <way id="50727036">
    <nd ref="477282083"/>
    <nd ref="3378494599"/>
    <nd ref="472288185"/>
    <nd ref="6899017237"/>
    <nd ref="472288137"/>
    <tag k="highway" v="residential"/>
    <tag k="lit" v="yes"/>
    <tag k="maxspeed" v="40"/>
    <tag k="name" v="Island Street"/>
  </way>
  <way id="50727037">
    <nd ref="480708453"/>
    <nd ref="480708454"/>
    <nd ref="12681138711"/>
    <nd ref="12681138712"/>
    <nd ref="12681138710"/>
    <nd ref="480708455"/>
    <nd ref="642932300"/>
    <tag k="highway" v="residential"/>
    <tag k="maxspeed" v="40"/>
    <tag k="name" v="Peace Avenue"/>
    <tag k="oneway" v="yes"/>
  </way>
  <way id="50727038">
    <nd ref="472288092"/>
    <nd ref="490608746"/>
    <nd ref="3378494603"/>
    <nd ref="642932299"/>
    <tag k="highway" v="residential"/>
    <tag k="lit" v="yes"/>
    <tag k="maxspeed" v="40"/>
    <tag k="name" v="Island Street"/>
  </way>
  <way id="50727039">
    <nd ref="472293192"/>
    <nd ref="3184105105"/>
    <nd ref="472288233"/>
    <nd ref="477609964"/>
    <tag k="highway" v="residential"/>
    <tag k="maxspeed" v="40"/>
    <tag k="name" v="Island Street"/>
  </way>
  <way id="50727040">
    <nd ref="477609964"/>
    <nd ref="13476351369"/>
    <nd ref="477282083"/>
    <tag k="highway" v="residential"/>
    <tag k="lit" v="yes"/>
    <tag k="maxspeed" v="40"/>
    <tag k="name" v="Island Street"/>
  </way>
  <way id="50727041">
    <nd ref="485959305"/>
    <nd ref="480708452"/>
    <nd ref="480708453"/>
    <tag k="highway" v="residential"/>
    <tag k="maxspeed" v="40"/>
    <tag k="name" v="Peace Avenue"/>
    <tag k="oneway" v="yes"/>
  </way>
  <way id="50727042">
    <nd ref="642932299"/>
    <nd ref="642932300"/>
    <nd ref="480708456"/>
    <tag k="highway" v="residential"/>
    <tag k="lit" v="yes"/>
    <tag k="maxspeed" v="40"/>
    <tag k="name" v="Island Street"/>
  </way>
  <way id="50727043">
    <nd ref="472293344"/>
    <nd ref="504734644"/>
    <nd ref="482257828"/>
    <tag k="highway" v="residential"/>
    <tag k="lit" v="yes"/>
    <tag k="maxspeed" v="40"/>
    <tag k="name" v="Salmani Street"/>
  </way>
  <way id="50727044">
    <nd ref="496974996"/>
    <nd ref="3639841606"/>
    <nd ref="3378494607"/>
    <nd ref="13476351351"/>
    <nd ref="642932302"/>
    <nd ref="472293344"/>
    <tag k="highway" v="residential"/>
    <tag k="lit" v="yes"/>
    <tag k="maxspeed" v="40"/>
    <tag k="name" v="Discovery Boulevard"/>
  </way>
  <way id="50727047">
    <nd ref="493907051"/>
    <nd ref="505053130"/>
    <nd ref="505053127"/>
    <nd ref="472287644"/>
    <tag k="highway" v="tertiary"/>
    <tag k="maxspeed" v="40"/>
    <tag k="name" v="Unity Boulevard"/>
    <tag k="oneway" v="yes"/>
    <tag k="surface" v="asphalt"/>
  </way>
  <way id="50727048">
    <nd ref="479938107"/>
    <nd ref="455452829"/>
    <nd ref="3378664479"/>
    <nd ref="3424376589"/>
    <nd ref="479839984"/>
    <tag k="highway" v="residential"/>
    <tag k="name" v="Bayt Al Hikma Boulevard"/>
  </way>
  <way id="50727049">
    <nd ref="493907048"/>
    <nd ref="493907053"/>
    <nd ref="3378494602"/>
    <nd ref="644629317"/>
    <nd ref="3639861031"/>
    <nd ref="496975011"/>
    <tag k="highway" v="residential"/>
    <tag k="lit" v="yes"/>
    <tag k="maxspeed" v="40"/>
    <tag k="name" v="Beacon Avenue"/>
  </way>
  <way id="50727050">
    <nd ref="478487358"/>
    <nd ref="644629317"/>
    <nd ref="3378494594"/>
    <nd ref="519639406"/>
    <nd ref="1620261509"/>
    <tag k="highway" v="residential"/>
    <tag k="lit" v="yes"/>
    <tag k="maxspeed" v="40"/>
    <tag k="name" v="Discovery Boulevard"/>
  </way>
  <way id="50727051">
    <nd ref="493907049"/>
    <nd ref="505052856"/>
    <nd ref="487160494"/>
    <tag k="highway" v="tertiary"/>
    <tag k="lit" v="yes"/>
    <tag k="maxspeed" v="40"/>
    <tag k="name" v="Unity Boulevard"/>
    <tag k="oneway" v="yes"/>
    <tag k="sidewalk:left" v="no"/>
    <tag k="sidewalk:right" v="separate"/>
    <tag k="surface" v="asphalt"/>
  </way>
  <way id="50727052">
    <nd ref="505052877"/>
    <nd ref="493907051"/>
    <tag k="highway" v="tertiary"/>
    <tag k="maxspeed" v="40"/>
    <tag k="name" v="Unity Boulevard"/>
    <tag k="oneway" v="yes"/>
    <tag k="sidewalk:left" v="no"/>
    <tag k="sidewalk:right" v="separate"/>
    <tag k="surface" v="asphalt"/>
  </way>
  <way id="50727054">
    <nd ref="487160494"/>
    <nd ref="1485526572"/>
    <tag k="highway" v="residential"/>
    <tag k="name" v="Discovery Boulevard"/>
    <tag k="surface" v="asphalt"/>
  </way>
  <way id="50727055">
    <nd ref="1485526572"/>
    <nd ref="505052862"/>
    <nd ref="505052877"/>
    <tag k="highway" v="tertiary"/>
    <tag k="lit" v="yes"/>
    <tag k="maxspeed" v="40"/>
    <tag k="name" v="Unity Boulevard"/>
    <tag k="oneway" v="yes"/>
    <tag k="surface" v="asphalt"/>
  </way>
  <way id="65251312">
    <nd ref="479938107"/>
    <nd ref="3180192000"/>
    <nd ref="797787924"/>
    <tag k="highway" v="residential"/>
    <tag k="lit" v="yes"/>
    <tag k="maxspeed" v="40"/>
    <tag k="name" v="Cactus Lane"/>
    <tag k="sidewalk:both" v="separate"/>
    <tag k="surface" v="asphalt"/>
  </way>
  <way id="70573078">
    <nd ref="842167171"/>
    <nd ref="13476403216"/>
    <nd ref="842167255"/>
    <nd ref="984512953"/>
    <nd ref="984513057"/>
    <tag k="highway" v="residential"/>
    <tag k="maxspeed" v="40"/>
    <tag k="name" v="Sawsan Lane"/>
  </way>
  <way id="70573079">
    <nd ref="797787950"/>
    <nd ref="842167257"/>
    <nd ref="6899083337"/>
    <nd ref="842167306"/>
    <nd ref="6899083336"/>
    <nd ref="842167199"/>
    <nd ref="842167264"/>
    <tag k="highway" v="residential"/>
    <tag k="maxspeed" v="40"/>
    <tag k="name" v="Mishmish Lane"/>
    <tag k="oneway" v="yes"/>
  </way>
  <way id="70573083">
    <nd ref="984513182"/>
    <nd ref="3211255646"/>
    <nd ref="3211255621"/>
    <nd ref="3211255605"/>
    <nd ref="3211255598"/>
    <nd ref="3211255593"/>
    <nd ref="3211255590"/>
    <nd ref="3211912928"/>
    <nd ref="797787928"/>
    <tag k="highway" v="residential"/>
    <tag k="lit" v="yes"/>
    <tag k="maxspeed" v="40"/>
    <tag k="name" v="Pelican Lane"/>
  </way>
  <way id="70573085">
    <nd ref="842167264"/>
    <nd ref="842167184"/>
    <nd ref="984512991"/>
    <nd ref="842167221"/>
    <nd ref="984512855"/>
    <nd ref="842167269"/>
    <nd ref="797787950"/>
    <tag k="highway" v="residential"/>
    <tag k="maxspeed" v="40"/>
    <tag k="name" v="Bougainvillea Lane"/>
  </way>
  <way id="70573089">
    <nd ref="842167177"/>
    <nd ref="8921707086"/>
    <nd ref="11043880231"/>
    <nd ref="842167208"/>
    <nd ref="842167304"/>
    <nd ref="8921707087"/>
    <nd ref="8921707084"/>
    <nd ref="8921707085"/>
    <nd ref="842167197"/>
    <nd ref="842167287"/>
    <tag k="highway" v="residential"/>
    <tag k="name" v="Sagger Lane"/>
    <tag k="oneway" v="yes"/>
  </way>
  <way id="70573091">
    <nd ref="1143925081"/>
    <nd ref="3210534513"/>
    <nd ref="1143925078"/>
    <nd ref="1143924986"/>
    <nd ref="1143924994"/>
    <nd ref="1143925032"/>
    <nd ref="3210534491"/>
    <nd ref="984513216"/>
    <tag k="highway" v="residential"/>
    <tag k="maxspeed" v="40"/>
    <tag k="name" v="Mishmish Lane"/>
  </way>
  <way id="70573092">
    <nd ref="797787950"/>
    <nd ref="797787924"/>
    <tag k="highway" v="residential"/>
    <tag k="maxspeed" v="40"/>
    <tag k="name" v="Mishmish Lane"/>
  </way>
  <way id="70908128">
    <nd ref="845165215"/>
    <nd ref="472290757"/>
    <nd ref="472300143"/>
    <tag k="highway" v="residential"/>
    <tag k="lane_markings" v="yes"/>
    <tag k="lanes" v="2"/>
    <tag k="lit" v="yes"/>
    <tag k="maxspeed" v="40"/>
    <tag k="name" v="Transformation Boulevard"/>
    <tag k="sidewalk:both" v="separate"/>
    <tag k="smoothness" v="excellent"/>
    <tag k="surface" v="asphalt"/>
  </way>
  <way id="80187534">
    <nd ref="842167197"/>
    <nd ref="935559091"/>
    <nd ref="935559092"/>
    <nd ref="935559095"/>
    <nd ref="935559097"/>
    <nd ref="935559098"/>
    <nd ref="935559100"/>
    <nd ref="935559102"/>
    <nd ref="935559104"/>
    <nd ref="935559107"/>
    <nd ref="935559109"/>
    <nd ref="935559111"/>
    <nd ref="935559112"/>
    <nd ref="935559113"/>
    <nd ref="935559114"/>
    <nd ref="935559116"/>
    <nd ref="935559118"/>
    <nd ref="935559120"/>
    <nd ref="3149155985"/>
    <nd ref="935559126"/>
    <nd ref="935559128"/>
    <nd ref="935559131"/>
    <nd ref="935559134"/>
    <nd ref="6884909595"/>
    <nd ref="6908253806"/>
    <nd ref="6908215501"/>
    <nd ref="6908290690"/>
    <nd ref="6908253805"/>
    <nd ref="6908290797"/>
    <nd ref="6908253804"/>
    <nd ref="6908215486"/>
    <nd ref="6908290796"/>
    <nd ref="6908292186"/>
    <nd ref="6908215500"/>
    <nd ref="6908215499"/>
    <nd ref="6908253803"/>
    <nd ref="6908215498"/>
    <nd ref="6908215497"/>
    <nd ref="6908215496"/>
    <nd ref="6884912389"/>
    <nd ref="6908253801"/>
    <nd ref="6908253800"/>
    <nd ref="6908253799"/>
    <nd ref="6908292185"/>
    <nd ref="6908253798"/>
    <nd ref="6908253792"/>
    <nd ref="6908253797"/>
    <nd ref="6908290795"/>
    <nd ref="9953072977"/>
    <nd ref="6908290794"/>
    <nd ref="6908215495"/>
    <nd ref="6908290793"/>
    <nd ref="6908215494"/>
    <nd ref="6884913785"/>
    <nd ref="625058467"/>
    <tag k="highway" v="residential"/>
  </way>
  <way id="84774112">
    <nd ref="1410252470"/>
    <nd ref="1410252405"/>
    <nd ref="1410252209"/>
    <tag k="highway" v="residential"/>
    <tag k="maxspeed" v="40"/>
    <tag k="name" v="Rihan Lane"/>
  </way>
  <way id="84774115">
    <nd ref="455452828"/>
    <nd ref="842167177"/>
    <nd ref="842167287"/>
    <nd ref="3378664470"/>
    <nd ref="842167171"/>
    <nd ref="842167203"/>
    <nd ref="842167259"/>
    <nd ref="842167308"/>
    <nd ref="3378664473"/>
    <nd ref="984513216"/>
    <tag k="highway" v="residential"/>
    <tag k="maxspeed" v="40"/>
    <tag k="name" v="Nargis Lane"/>
  </way>
  <way id="84774119">
    <nd ref="984512904"/>
    <nd ref="13476403218"/>
    <nd ref="13476403219"/>
    <nd ref="984513167"/>
    <tag k="highway" v="residential"/>
    <tag k="name" v="Ripari Lane"/>
  </way>
  <way id="85031713">
    <nd ref="984512799"/>
    <nd ref="3179041131"/>
    <nd ref="984513078"/>
    <tag k="highway" v="residential"/>
    <tag k="lit" v="yes"/>
    <tag k="maxspeed" v="40"/>
    <tag k="name" v="Juniper Lane 2"/>
    <tag k="oneway" v="-1"/>
    <tag k="surface" v="asphalt"/>
  </way>
  <way id="85031714">
    <nd ref="984513078"/>
    <nd ref="3179041778"/>
    <nd ref="984512829"/>
    <tag k="highway" v="residential"/>
    <tag k="lit" v="yes"/>
    <tag k="maxspeed" v="40"/>
    <tag k="name" v="Juniper Lane 1"/>
    <tag k="oneway" v="yes"/>
    <tag k="surface" v="asphalt"/>
  </way>
  <way id="85031718">
    <nd ref="984513078"/>
    <nd ref="3211913321"/>
    <nd ref="3211913319"/>
    <nd ref="984513001"/>
    <tag k="highway" v="residential"/>
    <tag k="lit" v="yes"/>
    <tag k="maxspeed" v="40"/>
    <tag k="name" v="Juniper Lane"/>
  </way>
  <way id="98880809">
    <nd ref="1143925040"/>
    <nd ref="3210534501"/>
    <nd ref="1143925081"/>
    <nd ref="3210534516"/>
    <nd ref="3639801460"/>
    <nd ref="3378664474"/>
    <nd ref="3210534522"/>
    <nd ref="1143925013"/>
    <nd ref="1143925104"/>
    <nd ref="1143925087"/>
    <nd ref="1143925053"/>
    <tag k="highway" v="residential"/>
    <tag k="maxspeed" v="40"/>
    <tag k="name" v="Saffron Lane"/>
  </way>
  <way id="98880810">
    <nd ref="1143925103"/>
    <nd ref="1143925013"/>
    <nd ref="1143925044"/>
    <nd ref="1143925027"/>
    <nd ref="1143924991"/>
    <nd ref="1143925117"/>
    <nd ref="6884913787"/>
    <nd ref="1143925069"/>
    <tag k="highway" v="residential"/>
    <tag k="maxspeed" v="40"/>
    <tag k="name" v="Henna Lane2"/>
  </way>
  <way id="98880811">
    <nd ref="1143925022"/>
    <nd ref="1143925092"/>
    <tag k="highway" v="residential"/>
    <tag k="maxspeed" v="40"/>
    <tag k="name" v="Henna Lane"/>
  </way>
  <way id="98880812">
    <nd ref="1143925035"/>
    <nd ref="1143925019"/>
    <nd ref="1143924979"/>
    <nd ref="8917765217"/>
    <nd ref="1143925109"/>
    <nd ref="6884976585"/>
    <nd ref="3378664475"/>
    <nd ref="1143925067"/>
    <nd ref="1143925058"/>
    <nd ref="6884914087"/>
    <nd ref="8917765218"/>
    <nd ref="1143924997"/>
    <tag k="highway" v="residential"/>
    <tag k="name" v="Owl Lane"/>
  </way>
  <way id="99003890">
    <nd ref="1548444947"/>
    <nd ref="3180193750"/>
    <nd ref="1548444952"/>
    <tag k="highway" v="residential"/>
    <tag k="maxspeed" v="40"/>
    <tag k="name" v="Nakhil Lane"/>
    <tag k="oneway" v="no"/>
  </way>
  <way id="99003918">
    <nd ref="1143925069"/>
    <nd ref="1143925073"/>
    <nd ref="8917722005"/>
    <nd ref="6884976485"/>
    <nd ref="8917765219"/>
    <nd ref="1143925104"/>
    <nd ref="1143925083"/>
    <tag k="highway" v="residential"/>
    <tag k="maxspeed" v="40"/>
    <tag k="name" v="Henna Lane1"/>
  </way>
  <way id="100294827">
    <nd ref="1159265284"/>
    <nd ref="1159265090"/>
    <nd ref="1159265580"/>
    <nd ref="1159265321"/>
    <nd ref="1159265399"/>
    <nd ref="1159265190"/>
    <nd ref="3378664478"/>
    <nd ref="1159265012"/>
    <nd ref="1159265302"/>
    <tag k="highway" v="residential"/>
    <tag k="name" v="Quatta Lane"/>
  </way>
  <way id="100294828">
    <nd ref="1159265350"/>
    <nd ref="1159265143"/>
    <nd ref="1159265636"/>
    <nd ref="1159265405"/>
    <nd ref="3378608086"/>
    <nd ref="1159265201"/>
    <nd ref="3639872985"/>
    <nd ref="1159265020"/>
    <nd ref="1159265528"/>
    <tag k="highway" v="residential"/>
    <tag k="maxspeed" v="40"/>
    <tag k="name" v="Oasis Lane"/>
  </way>
  <way id="100294838">
    <nd ref="1159265218"/>
    <nd ref="3180192027"/>
    <nd ref="3180192026"/>
    <nd ref="1159265361"/>
    <tag k="highway" v="residential"/>
    <tag k="maxspeed" v="40"/>
    <tag k="name" v="Flamingo Lane"/>
  </way>
  <way id="134098724">
    <nd ref="1159265528"/>
    <nd ref="3754525542"/>
    <nd ref="1474848608"/>
    <nd ref="1474848609"/>
    <nd ref="2102394554"/>
    <nd ref="1474848617"/>
    <tag k="highway" v="residential"/>
    <tag k="lit" v="yes"/>
    <tag k="maxspeed" v="40"/>
    <tag k="name" v="Oasis Lane"/>
  </way>
  <way id="141465083">
    <nd ref="1548444879"/>
    <nd ref="1548444888"/>
    <nd ref="1548444893"/>
    <nd ref="1548444895"/>
    <nd ref="1548444897"/>
    <nd ref="1548444900"/>
    <nd ref="1548444906"/>
    <nd ref="3378608697"/>
    <nd ref="1548444914"/>
    <nd ref="8935130299"/>
    <nd ref="1548444917"/>
    <nd ref="1548444908"/>
    <nd ref="1548444910"/>
    <tag k="highway" v="residential"/>
    <tag k="maxspeed" v="40"/>
    <tag k="name" v="Hoopoe Lane"/>
    <tag k="oneway" v="no"/>
  </way>
  <way id="141465084">
    <nd ref="1548444964"/>
    <nd ref="13476403203"/>
    <nd ref="1548444954"/>
    <tag k="highway" v="residential"/>
    <tag k="lit" v="yes"/>
    <tag k="maxspeed" v="40"/>
    <tag k="name" v="Rose Lane"/>
    <tag k="oneway" v="no"/>
  </way>
  <way id="141465086">
    <nd ref="1548444912"/>
    <nd ref="3693108775"/>
    <nd ref="3693108776"/>
    <nd ref="3693108777"/>
    <nd ref="3693108779"/>
    <nd ref="3693108782"/>
    <nd ref="3693108784"/>
    <nd ref="1548444923"/>
    <tag k="highway" v="residential"/>
    <tag k="maxspeed" v="40"/>
    <tag k="name" v="Gazelle Lane"/>
    <tag k="oneway" v="no"/>
  </way>
  <way id="141465088">
    <nd ref="1548444887"/>
    <nd ref="3693108761"/>
    <nd ref="3693108764"/>
    <nd ref="3693108765"/>
    <nd ref="3693108768"/>
    <nd ref="3693108769"/>
    <nd ref="3693108772"/>
    <nd ref="13476351396"/>
    <nd ref="3693108774"/>
    <nd ref="1548444917"/>
    <tag k="highway" v="residential"/>
    <tag k="maxspeed" v="40"/>
    <tag k="name" v="Nawras Lane"/>
  </way>
  <way id="141465090">
    <nd ref="2383039578"/>
    <nd ref="3378608696"/>
    <nd ref="1548444954"/>
    <tag k="highway" v="residential"/>
    <tag k="lit" v="yes"/>
    <tag k="maxspeed" v="40"/>
    <tag k="name" v="Tulip Lane"/>
    <tag k="oneway" v="no"/>
  </way>
  <way id="141465091">
    <nd ref="1548444851"/>
    <nd ref="1474848635"/>
    <nd ref="1474848636"/>
    <nd ref="3378664484"/>
    <tag k="highway" v="residential"/>
    <tag k="maxspeed" v="40"/>
    <tag k="name" v="Oasis Lane"/>
    <tag k="oneway" v="no"/>
    <tag k="surface" v="asphalt"/>
  </way>
  <way id="141513542">
    <nd ref="1143924997"/>
    <nd ref="1752460449"/>
    <tag k="highway" v="residential"/>
    <tag k="maxspeed" v="40"/>
    <tag k="name" v="Shaheen Lane"/>
    <tag k="oneway" v="no"/>
  </way>
  <way id="141513545">
    <nd ref="1752459967"/>
    <nd ref="3186055039"/>
    <nd ref="3186055041"/>
    <nd ref="1752460969"/>
    <nd ref="3186056343"/>
    <nd ref="1548444845"/>
    <tag k="highway" v="residential"/>
    <tag k="lit" v="yes"/>
    <tag k="maxspeed" v="40"/>
    <tag k="name" v="Yamamah Lane"/>
    <tag k="oneway" v="no"/>
  </way>
  <way id="141513546">
    <nd ref="1410251824"/>
    <nd ref="3186056351"/>
    <nd ref="3186056350"/>
    <nd ref="1548444845"/>
    <tag k="highway" v="residential"/>
    <tag k="maxspeed" v="40"/>
    <tag k="name" v="Zaytoun Lane"/>
    <tag k="oneway" v="no"/>
  </way>
  <way id="163575427">
    <nd ref="1752460969"/>
    <nd ref="1752460634"/>
    <tag k="highway" v="residential"/>
    <tag k="lit" v="yes"/>
    <tag k="maxspeed" v="40"/>
    <tag k="name" v="Ibex Lane"/>
  </way>
  <way id="163575435">
    <nd ref="1752460141"/>
    <nd ref="1752459967"/>
    <tag k="highway" v="residential"/>
    <tag k="lit" v="yes"/>
    <tag k="maxspeed" v="40"/>
    <tag k="name" v="Jamal Lane"/>
  </way>
  <way id="163575438">
    <nd ref="1752460634"/>
    <nd ref="13849229101"/>
    <nd ref="3378608088"/>
    <nd ref="1752459786"/>
    <tag k="highway" v="residential"/>
    <tag k="maxspeed" v="40"/>
    <tag k="name" v="Tein Lane"/>
  </way>
  <way id="199779465">
    <nd ref="477282087"/>
    <nd ref="479997264"/>
    <tag k="highway" v="tertiary"/>
    <tag k="maxspeed" v="60"/>
    <tag k="name" v="Bayt Al Hikma Boulevard"/>
    <tag k="oneway" v="yes"/>
  </way>
  <way id="200243179">
    <nd ref="1474848617"/>
    <nd ref="3180193662"/>
    <nd ref="3180193661"/>
    <nd ref="2102394633"/>
    <nd ref="3180192060"/>
    <nd ref="3180192059"/>
    <nd ref="3693106020"/>
    <nd ref="3693106019"/>
    <nd ref="3693106018"/>
    <nd ref="3693106017"/>
    <nd ref="2102394583"/>
    <tag k="highway" v="residential"/>
    <tag k="lit" v="yes"/>
    <tag k="maxspeed" v="40"/>
    <tag k="name" v="Reem Lane"/>
  </way>
  <way id="200243180">
    <nd ref="2102394362"/>
    <nd ref="3693106013"/>
    <nd ref="3693106014"/>
    <nd ref="2102394350"/>
    <tag k="highway" v="residential"/>
    <tag k="maxspeed" v="40"/>
    <tag k="name" v="Vinca Rose Street"/>
  </way>
  <way id="201274507">
    <nd ref="477282089"/>
    <nd ref="477282085"/>
    <tag k="highway" v="tertiary"/>
    <tag k="lit" v="yes"/>
    <tag k="maxspeed" v="60"/>
    <tag k="name" v="Bayt Al Hikma Boulevard"/>
    <tag k="oneway" v="yes"/>
    <tag k="surface" v="asphalt"/>
  </way>
  <way id="201274508">
    <nd ref="472821329"/>
    <nd ref="3378494598"/>
    <nd ref="481885088"/>
    <tag k="highway" v="residential"/>
    <tag k="lit" v="yes"/>
    <tag k="maxspeed" v="30"/>
    <tag k="name" v="Exploration Avenue"/>
  </way>
  <way id="201274511">
    <nd ref="447946607"/>
    <nd ref="504913414"/>
    <nd ref="1420212687"/>
    <nd ref="455452828"/>
    <tag k="highway" v="tertiary"/>
    <tag k="lit" v="yes"/>
    <tag k="maxspeed" v="40"/>
    <tag k="name" v="Bayt Al Hikma Boulevard"/>
    <tag k="oneway" v="yes"/>
    <tag k="surface" v="asphalt"/>
  </way>
  <way id="229750506">
    <nd ref="2383039903"/>
    <nd ref="2383040103"/>
    <nd ref="6899017246"/>
    <nd ref="2383040165"/>
    <nd ref="2383040279"/>
    <tag k="highway" v="residential"/>
    <tag k="lit" v="yes"/>
    <tag k="maxspeed" v="40"/>
    <tag k="name" v="Canary Lane"/>
  </way>
  <way id="229750507">
    <nd ref="2383039842"/>
    <nd ref="8917721998"/>
    <nd ref="2383039884"/>
    <nd ref="2383039896"/>
    <nd ref="13476403207"/>
    <nd ref="2383039921"/>
    <tag k="highway" v="residential"/>
    <tag k="lit" v="yes"/>
    <tag k="maxspeed" v="40"/>
    <tag k="name" v="Khail Lane"/>
  </way>
  <way id="229750508">
    <nd ref="2383040442"/>
    <nd ref="2383040167"/>
    <tag k="highway" v="residential"/>
    <tag k="lit" v="yes"/>
    <tag k="maxspeed" v="40"/>
    <tag k="name" v="Shaheen Lane 2"/>
  </way>
  <way id="229750509">
    <nd ref="2383040649"/>
    <nd ref="2383040279"/>
    <tag k="highway" v="residential"/>
    <tag k="lit" v="yes"/>
    <tag k="maxspeed" v="40"/>
    <tag k="name" v="Carnation Lane"/>
  </way>
  <way id="229750510">
    <nd ref="2383039900"/>
    <nd ref="3378608708"/>
    <nd ref="2383039653"/>
    <tag k="highway" v="residential"/>
    <tag k="lit" v="yes"/>
    <tag k="maxspeed" v="40"/>
    <tag k="name" v="Rumman Lane"/>
  </way>
  <way id="229750511">
    <nd ref="2383039578"/>
    <nd ref="2383039884"/>
    <nd ref="2383040223"/>
    <tag k="highway" v="residential"/>
    <tag k="lit" v="yes"/>
    <tag k="maxspeed" v="40"/>
    <tag k="name" v="Batoul Lane"/>
    <tag k="oneway" v="yes"/>
  </way>
  <way id="229750512">
    <nd ref="2383040670"/>
    <nd ref="2383040276"/>
    <tag k="highway" v="residential"/>
    <tag k="lit" v="yes"/>
    <tag k="maxspeed" v="40"/>
    <tag k="name" v="Tulip Lane"/>
    <tag k="oneway" v="yes"/>
  </way>
  <way id="229750513">
    <nd ref="3180193703"/>
    <nd ref="2694633372"/>
    <nd ref="2383039279"/>
    <nd ref="2383039297"/>
    <nd ref="2383039299"/>
    <nd ref="2383039290"/>
    <nd ref="8917722000"/>
    <nd ref="2383039278"/>
    <nd ref="8917722001"/>
    <nd ref="2383039260"/>
    <nd ref="2383039243"/>
    <tag k="highway" v="residential"/>
    <tag k="lit" v="yes"/>
    <tag k="maxspeed" v="40"/>
    <tag k="name" v="Rasberry Lane"/>
    <tag k="oneway" v="yes"/>
  </way>
  <way id="229750514">
    <nd ref="3174233465"/>
    <nd ref="13306405344"/>
    <nd ref="2694633525"/>
    <nd ref="2689870569"/>
    <nd ref="2694633541"/>
    <nd ref="2383039562"/>
    <nd ref="13476403211"/>
    <nd ref="2383039601"/>
    <nd ref="2383039645"/>
    <nd ref="2383039653"/>
    <tag k="highway" v="residential"/>
    <tag k="lit" v="yes"/>
    <tag k="maxspeed" v="40"/>
    <tag k="name" v="Gardena Lane"/>
  </way>
  <way id="229751608">
    <nd ref="2383040442"/>
    <nd ref="6899017251"/>
    <nd ref="8917721996"/>
    <nd ref="2383040367"/>
    <tag k="highway" v="residential"/>
    <tag k="lit" v="yes"/>
    <tag k="maxspeed" v="40"/>
    <tag k="name" v="Shaheen Lane 1"/>
    <tag k="oneway" v="no"/>
  </way>
  <way id="229787657">
    <nd ref="1474848617"/>
    <nd ref="1474848621"/>
    <nd ref="1474848622"/>
    <tag k="highway" v="residential"/>
    <tag k="lit" v="yes"/>
    <tag k="maxspeed" v="40"/>
    <tag k="name" v="Oasis Lane"/>
  </way>
  <way id="263369189">
    <nd ref="1548444851"/>
    <nd ref="3639893843"/>
    <nd ref="1548444879"/>
    <tag k="highway" v="residential"/>
    <tag k="maxspeed" v="40"/>
    <tag k="name" v="Jouri Lane"/>
    <tag k="oneway" v="no"/>
  </way>
  <way id="263369190">
    <nd ref="2383040367"/>
    <nd ref="3639893848"/>
    <nd ref="3696657475"/>
    <nd ref="2689870541"/>
    <nd ref="3696657473"/>
    <nd ref="3696657471"/>
    <nd ref="3696657468"/>
    <nd ref="3696657466"/>
    <nd ref="2689870540"/>
    <tag k="highway" v="residential"/>
    <tag k="lit" v="yes"/>
    <tag k="maxspeed" v="40"/>
    <tag k="name" v="Maha Lane"/>
  </way>
  <way id="263369191">
    <nd ref="3180193703"/>
    <nd ref="2694633342"/>
    <nd ref="3180193683"/>
    <nd ref="3693108751"/>
    <tag k="highway" v="residential"/>
    <tag k="maxspeed" v="40"/>
    <tag k="name" v="Butterfly Lane"/>
  </way>
  <way id="263369193">
    <nd ref="2689870556"/>
    <nd ref="2694747319"/>
    <nd ref="2689870557"/>
    <nd ref="3639893845"/>
    <nd ref="2694633247"/>
    <nd ref="2745129472"/>
    <nd ref="2694633178"/>
    <nd ref="2745127902"/>
    <nd ref="2694633142"/>
    <tag k="highway" v="residential"/>
    <tag k="lit" v="yes"/>
    <tag k="maxspeed" v="40"/>
    <tag k="name" v="Tamar Lane"/>
  </way>
  <way id="263369194">
    <nd ref="2689870558"/>
    <nd ref="3696657445"/>
    <nd ref="2689870559"/>
    <nd ref="3561500600"/>
    <nd ref="2689870560"/>
    <tag k="highway" v="residential"/>
    <tag k="lit" v="yes"/>
    <tag k="maxspeed" v="40"/>
    <tag k="name" v="Mishmish Lane"/>
  </way>
  <way id="263369195">
    <nd ref="797787927"/>
    <nd ref="797787942"/>
    <nd ref="797787958"/>
    <nd ref="797787959"/>
    <nd ref="797787934"/>
    <nd ref="13476403223"/>
    <nd ref="797787940"/>
    <tag k="highway" v="residential"/>
    <tag k="maxspeed" v="40"/>
    <tag k="name" v="Jasmine Lane"/>
  </way>
  <way id="263369196">
    <nd ref="6899017254"/>
    <nd ref="2745128599"/>
    <nd ref="6899017253"/>
    <nd ref="2745129969"/>
    <tag k="highway" v="residential"/>
    <tag k="lane_markings" v="yes"/>
    <tag k="lanes" v="2"/>
    <tag k="lit" v="yes"/>
    <tag k="maxspeed" v="40"/>
    <tag k="name" v="Kadi Lane"/>
    <tag k="sidewalk:both" v="separate"/>
    <tag k="smoothness" v="excellent"/>
    <tag k="surface" v="asphalt"/>
  </way>
  <way id="263369197">
    <nd ref="2689870565"/>
    <nd ref="13476403213"/>
    <nd ref="3561500601"/>
    <nd ref="2689870566"/>
    <nd ref="8917721997"/>
    <nd ref="2689870567"/>
    <tag k="highway" v="residential"/>
    <tag k="lit" v="yes"/>
    <tag k="maxspeed" v="40"/>
    <tag k="name" v="Parakeet Lane"/>
  </way>
  <way id="263369199">
    <nd ref="2689870570"/>
    <nd ref="2694633556"/>
    <nd ref="2689870571"/>
    <nd ref="2694633636"/>
    <nd ref="2689870572"/>
    <tag k="highway" v="residential"/>
    <tag k="lit" v="yes"/>
    <tag k="maxspeed" v="40"/>
    <tag k="name" v="Dhab Lane"/>
  </way>
  <way id="263812580">
    <nd ref="2694633178"/>
    <nd ref="2694633193"/>
    <tag k="highway" v="residential"/>
    <tag k="maxspeed" v="40"/>
    <tag k="name" v="Caracal Lane"/>
  </way>
  <way id="263812581">
    <nd ref="2694633541"/>
    <nd ref="2694633636"/>
    <tag k="highway" v="residential"/>
    <tag k="maxspeed" v="40"/>
    <tag k="name" v="Cherry Lane"/>
    <tag k="oneway" v="yes"/>
  </way>
  <way id="263812582">
    <nd ref="2689870557"/>
    <nd ref="2689870560"/>
    <tag k="highway" v="residential"/>
    <tag k="lit" v="yes"/>
    <tag k="maxspeed" v="40"/>
    <tag k="name" v="Lemon Lane"/>
  </way>
  <way id="263812584">
    <nd ref="2694633556"/>
    <nd ref="2694633525"/>
    <tag k="highway" v="residential"/>
    <tag k="lit" v="yes"/>
    <tag k="maxspeed" v="40"/>
    <tag k="name" v="Lime Lane"/>
    <tag k="oneway" v="yes"/>
  </way>
  <way id="266560450">
    <nd ref="600872215"/>
    <nd ref="1000521759"/>
    <tag k="highway" v="primary"/>
    <tag k="maxspeed" v="20"/>
    <tag k="name" v="King Abdullah Boulevard"/>
    <tag k="oneway" v="yes"/>
  </way>
  <way id="266560451">
    <nd ref="600872214"/>
    <nd ref="479839987"/>
    <nd ref="479839988"/>
    <nd ref="2720967666"/>
    <nd ref="600872215"/>
    <tag k="highway" v="tertiary"/>
    <tag k="maxspeed" v="20"/>
    <tag k="name" v="King Abdullah Boulevard"/>
    <tag k="oneway" v="yes"/>
  </way>
  <way id="269252140">
    <nd ref="2745129634"/>
    <nd ref="2745129290"/>
    <nd ref="3696657437"/>
    <nd ref="3696657434"/>
    <nd ref="3696657431"/>
    <nd ref="3696657430"/>
    <nd ref="3696657427"/>
    <nd ref="2745128332"/>
    <nd ref="3696657425"/>
    <nd ref="3696656924"/>
    <nd ref="3696656921"/>
    <nd ref="2745127864"/>
    <nd ref="3696656918"/>
    <nd ref="3696656915"/>
    <nd ref="2102394552"/>
    <tag k="highway" v="residential"/>
    <tag k="lit" v="yes"/>
    <tag k="maxspeed" v="40"/>
    <tag k="name" v="Mishmish Lane 1"/>
  </way>
  <way id="269252146">
    <nd ref="2745127605"/>
    <nd ref="3150290528"/>
    <nd ref="2745127895"/>
    <nd ref="6899017257"/>
    <nd ref="3639893847"/>
    <nd ref="6899017258"/>
    <nd ref="2745129357"/>
    <nd ref="2745129634"/>
    <tag k="highway" v="residential"/>
    <tag k="lit" v="yes"/>
    <tag k="maxspeed" v="40"/>
    <tag k="name" v="Mishmish Lane 2"/>
  </way>
  <way id="269252154">
    <nd ref="2745129472"/>
    <nd ref="13476403215"/>
    <nd ref="2745129632"/>
    <nd ref="2745129634"/>
    <tag k="highway" v="residential"/>
    <tag k="lit" v="yes"/>
    <tag k="maxspeed" v="40"/>
    <tag k="name" v="Cassia Lane"/>
  </way>
  <way id="310903185">
    <nd ref="1752459835"/>
    <nd ref="3164089502"/>
    <nd ref="3164089504"/>
    <nd ref="3164089515"/>
    <nd ref="3164089517"/>
    <nd ref="1752460607"/>
    <tag k="highway" v="residential"/>
    <tag k="lit" v="yes"/>
  </way>
  <way id="330830413">
    <nd ref="2383040223"/>
    <nd ref="2383040642"/>
    <tag k="highway" v="residential"/>
    <tag k="lit" v="yes"/>
    <tag k="maxspeed" v="40"/>
    <tag k="name" v="Batoul Lane"/>
    <tag k="oneway" v="yes"/>
  </way>
  <way id="330830414">
    <nd ref="627288590"/>
    <nd ref="559125149"/>
    <nd ref="447946606"/>
    <nd ref="559125127"/>
    <nd ref="559125133"/>
    <nd ref="8078347952"/>
    <nd ref="559125139"/>
    <nd ref="559125145"/>
    <nd ref="8078347800"/>
    <nd ref="493725503"/>
    <nd ref="556391028"/>
    <nd ref="479997258"/>
    <nd ref="447945953"/>
    <tag k="highway" v="tertiary"/>
    <tag k="lit" v="yes"/>
    <tag k="maxspeed" v="60"/>
    <tag k="name" v="Bayt Al Hikma Boulevard"/>
    <tag k="oneway" v="yes"/>
    <tag k="surface" v="asphalt"/>
  </way>
  <way id="330830419">
    <nd ref="559125146"/>
    <nd ref="559125142"/>
    <nd ref="8078347953"/>
    <nd ref="559125126"/>
    <tag k="highway" v="tertiary"/>
    <tag k="lit" v="yes"/>
    <tag k="maxspeed" v="60"/>
    <tag k="name" v="Bayt Al Hikma Boulevard"/>
    <tag k="oneway" v="yes"/>
    <tag k="surface" v="asphalt"/>
  </way>
  <way id="330830420">
    <nd ref="455452828"/>
    <nd ref="3639801457"/>
    <nd ref="3378664471"/>
    <nd ref="479839983"/>
    <nd ref="479938107"/>
    <tag k="highway" v="tertiary"/>
    <tag k="lit" v="yes"/>
    <tag k="maxspeed" v="40"/>
    <tag k="name" v="Bayt Al Hikma Boulevard"/>
    <tag k="oneway" v="yes"/>
    <tag k="sidewalk:left" v="no"/>
    <tag k="sidewalk:right" v="separate"/>
    <tag k="surface" v="asphalt"/>
  </way>
  <way id="330830422">
    <nd ref="447945953"/>
    <nd ref="556391022"/>
    <nd ref="8602552881"/>
    <nd ref="8602552875"/>
    <nd ref="9953073012"/>
    <nd ref="556390995"/>
    <nd ref="472284615"/>
    <nd ref="447946607"/>
    <tag k="highway" v="tertiary"/>
    <tag k="lit" v="yes"/>
    <tag k="maxspeed" v="60"/>
    <tag k="name" v="Bayt Al Hikma Boulevard"/>
    <tag k="oneway" v="yes"/>
    <tag k="surface" v="asphalt"/>
  </way>
  <way id="330830423">
    <nd ref="845165393"/>
    <nd ref="884893956"/>
    <nd ref="845165173"/>
    <nd ref="884893953"/>
    <nd ref="845165196"/>
    <tag k="highway" v="tertiary"/>
    <tag k="lane_markings" v="yes"/>
    <tag k="lanes" v="2"/>
    <tag k="lit" v="yes"/>
    <tag k="maxspeed" v="40"/>
    <tag k="name" v="Bayt Al Hikma Boulevard"/>
    <tag k="oneway" v="yes"/>
    <tag k="smoothness" v="excellent"/>
    <tag k="surface" v="asphalt"/>
  </way>
  <way id="330830424">
    <nd ref="9874004004"/>
    <nd ref="845165318"/>
    <nd ref="845165239"/>
    <nd ref="845165153"/>
    <nd ref="482257828"/>
    <tag k="highway" v="tertiary"/>
    <tag k="lit" v="yes"/>
    <tag k="maxspeed" v="40"/>
    <tag k="name" v="Bayt Al Hikma Boulevard"/>
    <tag k="oneway" v="yes"/>
    <tag k="surface" v="asphalt"/>
  </way>
  <way id="330830425">
    <nd ref="797787948"/>
    <nd ref="3149155801"/>
    <nd ref="504913401"/>
    <nd ref="9953578304"/>
    <nd ref="9953578301"/>
    <nd ref="9953578302"/>
    <nd ref="504913402"/>
    <nd ref="9953578307"/>
    <nd ref="504913398"/>
    <tag k="highway" v="tertiary"/>
    <tag k="lit" v="yes"/>
    <tag k="name" v="Bayt Al Hikma Boulevard"/>
    <tag k="oneway" v="yes"/>
    <tag k="surface" v="asphalt"/>
  </way>
  <way id="330830426">
    <nd ref="482257828"/>
    <nd ref="845165261"/>
    <nd ref="9953578311"/>
    <nd ref="845165178"/>
    <nd ref="9953578310"/>
    <nd ref="845165362"/>
    <nd ref="9953578308"/>
    <nd ref="845165280"/>
    <nd ref="504913391"/>
    <nd ref="504913392"/>
    <tag k="highway" v="tertiary"/>
    <tag k="lit" v="yes"/>
    <tag k="maxspeed" v="40"/>
    <tag k="name" v="Bayt Al Hikma Boulevard"/>
    <tag k="oneway" v="yes"/>
    <tag k="surface" v="asphalt"/>
  </way>
  <way id="330830427">
    <nd ref="887932181"/>
    <nd ref="845165248"/>
    <nd ref="3378494606"/>
    <nd ref="845165323"/>
    <nd ref="845165132"/>
    <nd ref="845165303"/>
    <nd ref="845165393"/>
    <tag k="highway" v="tertiary"/>
    <tag k="lit" v="yes"/>
    <tag k="maxspeed" v="40"/>
    <tag k="name" v="Bayt Al Hikma Boulevard"/>
    <tag k="oneway" v="yes"/>
    <tag k="surface" v="asphalt"/>
  </way>
  <way id="330830428">
    <nd ref="479997264"/>
    <nd ref="556391005"/>
    <nd ref="935559150"/>
    <nd ref="935559157"/>
    <nd ref="493725502"/>
    <nd ref="1420212655"/>
    <nd ref="559125153"/>
    <nd ref="493725496"/>
    <nd ref="559125146"/>
    <tag k="highway" v="tertiary"/>
    <tag k="maxspeed" v="60"/>
    <tag k="name" v="Bayt Al Hikma Boulevard"/>
    <tag k="oneway" v="yes"/>
    <tag k="surface" v="asphalt"/>
  </way>
  <way id="330830429">
    <nd ref="3693108751"/>
    <nd ref="3180193680"/>
    <nd ref="3693108749"/>
    <nd ref="2689870549"/>
    <nd ref="3693108747"/>
    <nd ref="3693108746"/>
    <nd ref="3693108743"/>
    <nd ref="2694633261"/>
    <nd ref="3693108740"/>
    <nd ref="2689870548"/>
    <nd ref="3693108739"/>
    <nd ref="3693108736"/>
    <nd ref="3693108735"/>
    <nd ref="3378664464"/>
    <nd ref="3693108732"/>
    <nd ref="3693108731"/>
    <nd ref="3693108728"/>
    <nd ref="3693108725"/>
    <nd ref="3180193664"/>
    <nd ref="2102394633"/>
    <nd ref="3180192056"/>
    <nd ref="3497547560"/>
    <nd ref="2102394342"/>
    <nd ref="3180192041"/>
    <nd ref="1159265649"/>
    <nd ref="3180192033"/>
    <nd ref="1159265154"/>
    <nd ref="3180192030"/>
    <nd ref="1159265361"/>
    <nd ref="3180192022"/>
    <nd ref="1159265594"/>
    <nd ref="3561500603"/>
    <nd ref="1159265109"/>
    <nd ref="3180192016"/>
    <nd ref="984513201"/>
    <tag k="highway" v="residential"/>
    <tag k="lit" v="yes"/>
    <tag k="maxspeed" v="40"/>
    <tag k="name" v="Butterfly Lane"/>
  </way>
  <way id="330830430">
    <nd ref="797787924"/>
    <nd ref="13476403221"/>
    <nd ref="3378608704"/>
    <nd ref="3639872983"/>
    <nd ref="984513057"/>
    <tag k="highway" v="residential"/>
    <tag k="maxspeed" v="40"/>
    <tag k="name" v="Cactus Lane"/>
  </way>
  <way id="330830431">
    <nd ref="984513057"/>
    <nd ref="984513180"/>
    <nd ref="984512968"/>
    <nd ref="984512935"/>
    <nd ref="3378608705"/>
    <nd ref="3378608706"/>
    <nd ref="3639872984"/>
    <nd ref="3378608707"/>
    <nd ref="1143925022"/>
    <nd ref="3625063841"/>
    <nd ref="1143925016"/>
    <nd ref="1143925114"/>
    <nd ref="1143925098"/>
    <nd ref="1143925062"/>
    <tag k="highway" v="residential"/>
    <tag k="maxspeed" v="40"/>
    <tag k="name" v="Cactus Lane"/>
  </way>
  <way id="330830432">
    <nd ref="2383040276"/>
    <nd ref="2383040648"/>
    <nd ref="2383040582"/>
    <nd ref="2383040223"/>
    <tag k="highway" v="residential"/>
    <tag k="lit" v="yes"/>
    <tag k="maxspeed" v="40"/>
    <tag k="name" v="Canary Lane"/>
  </way>
  <way id="330830433">
    <nd ref="2383040347"/>
    <nd ref="2383040276"/>
    <tag k="highway" v="residential"/>
    <tag k="lit" v="yes"/>
    <tag k="maxspeed" v="40"/>
    <tag k="name" v="Canary Lane"/>
  </way>
  <way id="330830434">
    <nd ref="2383040156"/>
    <nd ref="3378608701"/>
    <nd ref="2383040122"/>
    <tag k="highway" v="residential"/>
    <tag k="lit" v="yes"/>
    <tag k="maxspeed" v="40"/>
    <tag k="name" v="Canary Lane"/>
  </way>
  <way id="330830435">
    <nd ref="2383040223"/>
    <nd ref="2383040156"/>
    <tag k="highway" v="residential"/>
    <tag k="lit" v="yes"/>
    <tag k="maxspeed" v="40"/>
    <tag k="name" v="Canary Lane"/>
  </way>
  <way id="330830436">
    <nd ref="2383040279"/>
    <nd ref="3378608700"/>
    <nd ref="3639872981"/>
    <nd ref="2383040353"/>
    <nd ref="6899017245"/>
    <nd ref="2383040355"/>
    <nd ref="2383040347"/>
    <tag k="highway" v="residential"/>
    <tag k="lit" v="yes"/>
    <tag k="maxspeed" v="40"/>
    <tag k="name" v="Canary Lane"/>
  </way>
  <way id="330830437">
    <nd ref="845165393"/>
    <nd ref="845165376"/>
    <nd ref="845165299"/>
    <nd ref="3378494619"/>
    <nd ref="3639841607"/>
    <nd ref="845165127"/>
    <nd ref="3378494608"/>
    <nd ref="845165316"/>
    <nd ref="845165237"/>
    <nd ref="845165151"/>
    <nd ref="845165339"/>
    <nd ref="3639841608"/>
    <nd ref="845165259"/>
    <nd ref="884893407"/>
    <nd ref="845165176"/>
    <nd ref="845165359"/>
    <nd ref="845165279"/>
    <nd ref="845165194"/>
    <nd ref="845165384"/>
    <nd ref="884893478"/>
    <nd ref="845572609"/>
    <nd ref="845165302"/>
    <nd ref="845165217"/>
    <nd ref="845165130"/>
    <nd ref="884893488"/>
    <nd ref="845165322"/>
    <nd ref="845165241"/>
    <nd ref="845165155"/>
    <nd ref="845165346"/>
    <nd ref="845165373"/>
    <nd ref="845165296"/>
    <nd ref="3639841609"/>
    <nd ref="845165212"/>
    <nd ref="845165122"/>
    <nd ref="845165314"/>
    <nd ref="845165235"/>
    <nd ref="845165150"/>
    <nd ref="845165152"/>
    <nd ref="845165337"/>
    <nd ref="845165257"/>
    <nd ref="845165174"/>
    <nd ref="845165358"/>
    <nd ref="845165278"/>
    <nd ref="845165192"/>
    <nd ref="845165378"/>
    <nd ref="845165196"/>
    <tag k="highway" v="residential"/>
    <tag k="lit" v="yes"/>
    <tag k="maxspeed" v="40"/>
    <tag k="name" v="Coral Garden Route"/>
  </way>
  <way id="330830438">
    <nd ref="1620261509"/>
    <nd ref="3424376554"/>
    <nd ref="487160494"/>
    <tag k="highway" v="residential"/>
    <tag k="lit" v="yes"/>
    <tag k="maxspeed" v="40"/>
    <tag k="name" v="Discovery Boulevard"/>
  </way>
  <way id="330830439">
    <nd ref="1620261509"/>
    <nd ref="505052880"/>
    <nd ref="493907060"/>
    <nd ref="493907052"/>
    <tag k="highway" v="residential"/>
    <tag k="maxspeed" v="40"/>
    <tag k="name" v="Exploration Avenue"/>
  </way>
  <way id="330830440">
    <nd ref="2383039921"/>
    <nd ref="2383040347"/>
    <tag k="highway" v="residential"/>
    <tag k="lit" v="yes"/>
    <tag k="maxspeed" v="40"/>
    <tag k="name" v="Gardena Lane"/>
  </way>
  <way id="330830441">
    <nd ref="2383040347"/>
    <nd ref="13476403202"/>
    <nd ref="2383040686"/>
    <tag k="highway" v="residential"/>
    <tag k="lit" v="yes"/>
    <tag k="maxspeed" v="40"/>
    <tag k="name" v="Gardena Lane"/>
  </way>
  <way id="330830442">
    <nd ref="1548444910"/>
    <nd ref="8917722009"/>
    <nd ref="6884909789"/>
    <nd ref="8917722010"/>
    <nd ref="1548444912"/>
    <tag k="highway" v="residential"/>
    <tag k="maxspeed" v="40"/>
    <tag k="name" v="Hoopoe Lane"/>
    <tag k="oneway" v="no"/>
  </way>
  <way id="330830443">
    <nd ref="1548444912"/>
    <nd ref="3180193728"/>
    <nd ref="1548444904"/>
    <tag k="highway" v="residential"/>
    <tag k="maxspeed" v="40"/>
    <tag k="name" v="Hoopoe Lane"/>
    <tag k="oneway" v="no"/>
    <tag k="surface" v="asphalt"/>
  </way>
  <way id="330830444">
    <nd ref="1752460634"/>
    <nd ref="3639801453"/>
    <nd ref="1752460449"/>
    <tag k="highway" v="residential"/>
    <tag k="maxspeed" v="40"/>
    <tag k="name" v="Ibex Lane"/>
  </way>
  <way id="330830445">
    <nd ref="496975012"/>
    <nd ref="478487357"/>
    <nd ref="642932304"/>
    <nd ref="478487358"/>
    <tag k="highway" v="residential"/>
    <tag k="lit" v="yes"/>
    <tag k="maxspeed" v="40"/>
    <tag k="name" v="Island Street"/>
  </way>
  <way id="330830448">
    <nd ref="1752459967"/>
    <nd ref="3164089495"/>
    <nd ref="1752459786"/>
    <tag k="highway" v="residential"/>
    <tag k="lit" v="yes"/>
    <tag k="maxspeed" v="40"/>
    <tag k="name" v="Jamal Lane"/>
  </way>
  <way id="330830449">
    <nd ref="984512799"/>
    <nd ref="3413033287"/>
    <nd ref="3413033286"/>
    <nd ref="984512829"/>
    <nd ref="13611275429"/>
    <nd ref="2102394286"/>
    <nd ref="6899017244"/>
    <nd ref="2102394369"/>
    <nd ref="2102394523"/>
    <nd ref="2102394544"/>
    <tag k="highway" v="residential"/>
    <tag k="lane_markings" v="yes"/>
    <tag k="lanes" v="2"/>
    <tag k="lit" v="yes"/>
    <tag k="maxspeed" v="40"/>
    <tag k="name" v="Jasmine Lane"/>
    <tag k="sidewalk:both" v="separate"/>
    <tag k="smoothness" v="excellent"/>
    <tag k="surface" v="asphalt"/>
  </way>
  <way id="330830451">
    <nd ref="797787940"/>
    <nd ref="3415560158"/>
    <nd ref="797787930"/>
    <nd ref="984513218"/>
    <nd ref="984513074"/>
    <nd ref="3378664481"/>
    <nd ref="984512961"/>
    <nd ref="3426290119"/>
    <nd ref="984512799"/>
    <tag k="highway" v="residential"/>
    <tag k="lane_markings" v="yes"/>
    <tag k="lanes" v="2"/>
    <tag k="lit" v="yes"/>
    <tag k="maxspeed" v="40"/>
    <tag k="name" v="Jasmine Lane"/>
    <tag k="sidewalk:both" v="separate"/>
    <tag k="smoothness" v="excellent"/>
    <tag k="surface" v="asphalt"/>
  </way>
  <way id="330830452">
    <nd ref="1548444879"/>
    <nd ref="2694633372"/>
    <nd ref="13476351393"/>
    <nd ref="2689870552"/>
    <nd ref="12736695864"/>
    <nd ref="3156275420"/>
    <nd ref="3174233465"/>
    <nd ref="2694751712"/>
    <nd ref="3639893846"/>
    <nd ref="3169992824"/>
    <nd ref="2689870570"/>
    <nd ref="2689870563"/>
    <tag k="highway" v="residential"/>
    <tag k="lit" v="yes"/>
    <tag k="maxspeed" v="40"/>
    <tag k="name" v="Jouri Lane"/>
    <tag k="oneway" v="no"/>
  </way>
  <way id="330830454">
    <nd ref="984513001"/>
    <nd ref="3754525535"/>
    <nd ref="1159265302"/>
    <tag k="highway" v="residential"/>
    <tag k="lit" v="yes"/>
    <tag k="maxspeed" v="40"/>
    <tag k="name" v="Juniper Lane"/>
  </way>
  <way id="330830455">
    <nd ref="1159265302"/>
    <nd ref="2102394204"/>
    <tag k="highway" v="residential"/>
    <tag k="maxspeed" v="40"/>
    <tag k="name" v="Juniper Lane"/>
  </way>
  <way id="330830456">
    <nd ref="2383039900"/>
    <nd ref="2383039843"/>
    <nd ref="2383039742"/>
    <nd ref="2383039677"/>
    <tag k="highway" v="residential"/>
    <tag k="lit" v="yes"/>
    <tag k="maxspeed" v="40"/>
    <tag k="name" v="Khail Lane"/>
  </way>
  <way id="330830457">
    <nd ref="2383039921"/>
    <nd ref="13476403209"/>
    <nd ref="2383039928"/>
    <nd ref="3378608699"/>
    <nd ref="2383039927"/>
    <nd ref="2383039906"/>
    <nd ref="2383039900"/>
    <tag k="highway" v="residential"/>
    <tag k="lit" v="yes"/>
    <tag k="maxspeed" v="40"/>
    <tag k="name" v="Khail Lane"/>
  </way>
  <way id="330830458">
    <nd ref="2689870556"/>
    <nd ref="2689870553"/>
    <tag k="highway" v="residential"/>
    <tag k="maxspeed" v="40"/>
    <tag k="name" v="Maha Lane"/>
    <tag k="surface" v="asphalt"/>
  </way>
  <way id="330830459">
    <nd ref="3693108751"/>
    <nd ref="1474848628"/>
    <tag k="highway" v="residential"/>
    <tag k="lit" v="yes"/>
    <tag k="maxspeed" v="40"/>
    <tag k="name" v="Maha Lane"/>
  </way>
  <way id="330830460">
    <nd ref="2689870553"/>
    <nd ref="3357364497"/>
    <nd ref="3693108751"/>
    <tag k="highway" v="residential"/>
    <tag k="maxspeed" v="40"/>
    <tag k="name" v="Maha Lane"/>
    <tag k="surface" v="asphalt"/>
  </way>
  <way id="330830461">
    <nd ref="2689870540"/>
    <nd ref="2689870542"/>
    <nd ref="2689870543"/>
    <nd ref="3696657465"/>
    <nd ref="3696657462"/>
    <nd ref="2689870544"/>
    <nd ref="2694751170"/>
    <nd ref="13476351399"/>
    <nd ref="2689870562"/>
    <nd ref="3696657461"/>
    <nd ref="3378664468"/>
    <nd ref="3696657458"/>
    <nd ref="2694749732"/>
    <nd ref="3696657455"/>
    <nd ref="3696657453"/>
    <nd ref="3696657451"/>
    <nd ref="3696657447"/>
    <nd ref="2689870558"/>
    <tag k="highway" v="residential"/>
    <tag k="lit" v="yes"/>
    <tag k="maxspeed" v="40"/>
    <tag k="name" v="Maha Lane"/>
    <tag k="surface" v="asphalt"/>
  </way>
  <way id="330830462">
    <nd ref="487160528"/>
    <nd ref="479728042"/>
    <nd ref="479728033"/>
    <nd ref="479728045"/>
    <nd ref="479728034"/>
    <nd ref="479728041"/>
    <nd ref="482664624"/>
    <tag k="highway" v="residential"/>
    <tag k="lit" v="yes"/>
    <tag k="maxspeed" v="40"/>
    <tag k="name" v="Mangrove Street"/>
  </way>
  <way id="330830463">
    <nd ref="797787928"/>
    <nd ref="3152654399"/>
    <nd ref="984512915"/>
    <nd ref="3211256662"/>
    <nd ref="984512845"/>
    <nd ref="3211256707"/>
    <nd ref="3639893854"/>
    <nd ref="3211256731"/>
    <nd ref="3211256787"/>
    <nd ref="3211256844"/>
    <nd ref="984512970"/>
    <nd ref="3211256904"/>
    <nd ref="3378664482"/>
    <nd ref="3211256967"/>
    <nd ref="3211257009"/>
    <nd ref="3211913304"/>
    <nd ref="984513078"/>
    <tag k="highway" v="residential"/>
    <tag k="lit" v="yes"/>
    <tag k="maxspeed" v="40"/>
    <tag k="name" v="Mishmish Lane"/>
  </way>
  <way id="330830464">
    <nd ref="984513167"/>
    <nd ref="3378664472"/>
    <nd ref="842167264"/>
    <tag k="highway" v="residential"/>
    <tag k="maxspeed" v="40"/>
    <tag k="name" v="Mishmish Lane"/>
  </way>
  <way id="330830465">
    <nd ref="797787961"/>
    <nd ref="3152654397"/>
    <nd ref="797787954"/>
    <nd ref="797787927"/>
    <tag k="highway" v="residential"/>
    <tag k="maxspeed" v="40"/>
    <tag k="name" v="Mishmish Lane"/>
    <tag k="surface" v="asphalt"/>
  </way>
  <way id="330830466">
    <nd ref="984513078"/>
    <nd ref="2102394304"/>
    <nd ref="2102394403"/>
    <nd ref="3696656909"/>
    <nd ref="3696656912"/>
    <nd ref="3696656914"/>
    <nd ref="2102394552"/>
    <tag k="highway" v="residential"/>
    <tag k="lit" v="yes"/>
    <tag k="maxspeed" v="40"/>
    <tag k="name" v="Mishmish Lane"/>
  </way>
  <way id="330830467">
    <nd ref="797787952"/>
    <nd ref="3378664483"/>
    <nd ref="797787945"/>
    <nd ref="3152654396"/>
    <nd ref="797787961"/>
    <tag k="highway" v="residential"/>
    <tag k="maxspeed" v="40"/>
    <tag k="name" v="Mishmish Lane"/>
    <tag k="surface" v="asphalt"/>
  </way>
  <way id="330830468">
    <nd ref="797787924"/>
    <nd ref="797787925"/>
    <nd ref="797787943"/>
    <nd ref="3639872986"/>
    <nd ref="797787937"/>
    <nd ref="797787952"/>
    <tag k="highway" v="residential"/>
    <tag k="lane_markings" v="yes"/>
    <tag k="lanes" v="2"/>
    <tag k="lit" v="yes"/>
    <tag k="maxspeed" v="40"/>
    <tag k="name" v="Mishmish Lane"/>
    <tag k="sidewalk:both" v="separate"/>
    <tag k="smoothness" v="excellent"/>
    <tag k="surface" v="asphalt"/>
  </way>
  <way id="330830469">
    <nd ref="797787927"/>
    <nd ref="984513150"/>
    <nd ref="797787955"/>
    <nd ref="3152654398"/>
    <nd ref="797787928"/>
    <tag k="highway" v="residential"/>
    <tag k="maxspeed" v="40"/>
    <tag k="name" v="Mishmish Lane"/>
  </way>
  <way id="330830470">
    <nd ref="1143925062"/>
    <nd ref="1410251059"/>
    <nd ref="1410251051"/>
    <nd ref="1410251024"/>
    <nd ref="1410251023"/>
    <nd ref="2102394195"/>
    <nd ref="3754525544"/>
    <nd ref="1159265528"/>
    <nd ref="3180192037"/>
    <nd ref="1159265649"/>
    <nd ref="3180192038"/>
    <nd ref="3754525538"/>
    <nd ref="1159265555"/>
    <tag k="highway" v="residential"/>
    <tag k="maxspeed" v="40"/>
    <tag k="name" v="Nakhil Lane"/>
    <tag k="oneway" v="no"/>
  </way>
  <way id="330830471">
    <nd ref="1548444952"/>
    <nd ref="3180193752"/>
    <nd ref="3180193753"/>
    <nd ref="6919764687"/>
    <nd ref="1548444958"/>
    <nd ref="3647984188"/>
    <nd ref="3647984187"/>
    <nd ref="1752462461"/>
    <nd ref="1548444940"/>
    <nd ref="3639801452"/>
    <nd ref="1752462460"/>
    <nd ref="1548444902"/>
    <nd ref="3378608087"/>
    <nd ref="1548444881"/>
    <nd ref="6919847386"/>
    <nd ref="3639801451"/>
    <nd ref="1752462056"/>
    <nd ref="1752462019"/>
    <nd ref="1752462003"/>
    <nd ref="1752461901"/>
    <nd ref="1752461197"/>
    <nd ref="1752461033"/>
    <nd ref="1752460639"/>
    <nd ref="3639801450"/>
    <nd ref="1752458247"/>
    <nd ref="8917722006"/>
    <nd ref="1143925000"/>
    <nd ref="3639801461"/>
    <nd ref="13306405376"/>
    <nd ref="1143924997"/>
    <tag k="highway" v="residential"/>
    <tag k="maxspeed" v="40"/>
    <tag k="name" v="Nakhil Lane"/>
    <tag k="oneway" v="no"/>
  </way>
  <way id="330830472">
    <nd ref="1143924997"/>
    <nd ref="1143925035"/>
    <tag k="highway" v="residential"/>
    <tag k="maxspeed" v="40"/>
    <tag k="name" v="Nakhil Lane"/>
    <tag k="oneway" v="no"/>
  </way>
  <way id="330830473">
    <nd ref="1143925035"/>
    <nd ref="1752458511"/>
    <nd ref="1143925053"/>
    <tag k="highway" v="residential"/>
    <tag k="maxspeed" v="40"/>
    <tag k="name" v="Nakhil Lane"/>
    <tag k="oneway" v="no"/>
  </way>
  <way id="330830474">
    <nd ref="1143925053"/>
    <nd ref="3164089484"/>
    <nd ref="1143925048"/>
    <tag k="highway" v="residential"/>
    <tag k="maxspeed" v="40"/>
    <tag k="name" v="Nakhil Lane"/>
    <tag k="oneway" v="no"/>
  </way>
  <way id="330830475">
    <nd ref="1143925048"/>
    <nd ref="1410251095"/>
    <nd ref="1410251080"/>
    <nd ref="1143925062"/>
    <tag k="highway" v="residential"/>
    <tag k="maxspeed" v="40"/>
    <tag k="name" v="Nakhil Lane"/>
    <tag k="oneway" v="no"/>
  </way>
  <way id="330830476">
    <nd ref="1143925040"/>
    <nd ref="984513069"/>
    <tag k="highway" v="residential"/>
    <tag k="maxspeed" v="40"/>
    <tag k="name" v="Nargis Lane"/>
  </way>
  <way id="330830477">
    <nd ref="2383039472"/>
    <nd ref="2383039443"/>
    <nd ref="2383039355"/>
    <nd ref="2689870564"/>
    <nd ref="2694752361"/>
    <nd ref="2689870551"/>
    <nd ref="2689870552"/>
    <nd ref="2694748445"/>
    <nd ref="2694747729"/>
    <nd ref="3357364498"/>
    <nd ref="2689870553"/>
    <tag k="highway" v="residential"/>
    <tag k="lit" v="yes"/>
    <tag k="maxspeed" v="40"/>
    <tag k="name" v="Nawras Lane"/>
  </way>
  <way id="330830478">
    <nd ref="797787961"/>
    <nd ref="3561500604"/>
    <nd ref="13306405374"/>
    <nd ref="479839984"/>
    <tag k="highway" v="residential"/>
    <tag k="maxspeed" v="40"/>
    <tag k="name" v="Nawras Lane"/>
  </way>
  <way id="330830479">
    <nd ref="2689870553"/>
    <nd ref="3357364496"/>
    <nd ref="2689870554"/>
    <nd ref="3378664467"/>
    <nd ref="3561500598"/>
    <nd ref="2694633193"/>
    <nd ref="13306405375"/>
    <nd ref="2102394583"/>
    <tag k="highway" v="residential"/>
    <tag k="lit" v="yes"/>
    <tag k="maxspeed" v="40"/>
    <tag k="name" v="Nawras Lane"/>
  </way>
  <way id="330830480">
    <nd ref="2102394583"/>
    <nd ref="3561500597"/>
    <nd ref="2102394350"/>
    <nd ref="3378664465"/>
    <nd ref="2102394204"/>
    <nd ref="1159265555"/>
    <nd ref="3561500606"/>
    <nd ref="1159265033"/>
    <nd ref="1159265218"/>
    <nd ref="3378664477"/>
    <nd ref="1159265442"/>
    <nd ref="3424870501"/>
    <nd ref="984513205"/>
    <tag k="highway" v="residential"/>
    <tag k="lit" v="yes"/>
    <tag k="maxspeed" v="40"/>
    <tag k="name" v="Nawras Lane"/>
  </way>
  <way id="330830481">
    <nd ref="1410252470"/>
    <nd ref="1548444885"/>
    <tag k="highway" v="residential"/>
    <tag k="lit" v="yes"/>
    <tag k="maxspeed" v="40"/>
    <tag k="name" v="Oasis Lane"/>
    <tag k="oneway" v="no"/>
  </way>
  <way id="330830482">
    <nd ref="1548444887"/>
    <nd ref="1410252470"/>
    <tag k="highway" v="residential"/>
    <tag k="maxspeed" v="40"/>
    <tag k="name" v="Oasis Lane"/>
    <tag k="oneway" v="no"/>
  </way>
  <way id="330830483">
    <nd ref="1474848628"/>
    <nd ref="3641149267"/>
    <nd ref="1548444851"/>
    <tag k="highway" v="residential"/>
    <tag k="lit" v="yes"/>
    <tag k="maxspeed" v="40"/>
    <tag k="name" v="Oasis Lane"/>
    <tag k="surface" v="asphalt"/>
  </way>
  <way id="330830484">
    <nd ref="1548444885"/>
    <nd ref="6884909590"/>
    <nd ref="3180193691"/>
    <nd ref="1548444883"/>
    <nd ref="3180193690"/>
    <nd ref="6919764686"/>
    <nd ref="1548444881"/>
    <nd ref="560070511"/>
    <tag k="highway" v="residential"/>
    <tag k="lit" v="yes"/>
    <tag k="maxspeed" v="40"/>
    <tag k="name" v="Oasis Lane"/>
    <tag k="oneway" v="no"/>
    <tag k="surface" v="asphalt"/>
  </way>
  <way id="330830485">
    <nd ref="496974992"/>
    <nd ref="1000687932"/>
    <nd ref="472287973"/>
    <nd ref="485959305"/>
    <tag k="highway" v="residential"/>
    <tag k="lit" v="yes"/>
    <tag k="maxspeed" v="40"/>
    <tag k="name" v="Peace Avenue"/>
  </way>
  <way id="330830486">
    <nd ref="472287838"/>
    <nd ref="506880343"/>
    <nd ref="505052536"/>
    <nd ref="646249774"/>
    <nd ref="472821348"/>
    <tag k="highway" v="residential"/>
    <tag k="lit" v="yes"/>
    <tag k="maxspeed" v="40"/>
    <tag k="name" v="Peace Avenue"/>
  </way>
  <way id="330830487">
    <nd ref="797787948"/>
    <nd ref="505052947"/>
    <tag k="highway" v="residential"/>
    <tag k="lit" v="yes"/>
    <tag k="maxspeed" v="40"/>
    <tag k="name" v="Pelican Lane"/>
  </way>
  <way id="330830488">
    <nd ref="797787928"/>
    <nd ref="797787940"/>
    <tag k="highway" v="residential"/>
    <tag k="lit" v="yes"/>
    <tag k="maxspeed" v="40"/>
    <tag k="name" v="Pelican Lane"/>
  </way>
  <way id="330830489">
    <nd ref="797787940"/>
    <nd ref="3639893853"/>
    <nd ref="3639893852"/>
    <nd ref="797787932"/>
    <nd ref="797787948"/>
    <tag k="highway" v="residential"/>
    <tag k="lane_markings" v="yes"/>
    <tag k="lanes" v="2"/>
    <tag k="lit" v="yes"/>
    <tag k="maxspeed" v="40"/>
    <tag k="name" v="Pelican Lane"/>
    <tag k="sidewalk:both" v="separate"/>
    <tag k="smoothness" v="excellent"/>
    <tag k="surface" v="asphalt"/>
  </way>
  <way id="330830490">
    <nd ref="2102394583"/>
    <nd ref="3378664466"/>
    <nd ref="2694633142"/>
    <tag k="highway" v="residential"/>
    <tag k="lit" v="yes"/>
    <tag k="maxspeed" v="40"/>
    <tag k="name" v="Reem Lane"/>
  </way>
  <way id="330830491">
    <nd ref="2102394558"/>
    <nd ref="2745127605"/>
    <tag k="highway" v="residential"/>
    <tag k="lit" v="yes"/>
    <tag k="maxspeed" v="40"/>
    <tag k="name" v="Reem Lane"/>
  </way>
  <way id="330830492">
    <nd ref="1143925048"/>
    <nd ref="3164089478"/>
    <nd ref="3639801462"/>
    <nd ref="1143925083"/>
    <nd ref="1143925092"/>
    <nd ref="1143925103"/>
    <nd ref="1143925009"/>
    <nd ref="1143925003"/>
    <nd ref="3639801463"/>
    <nd ref="13476010420"/>
    <nd ref="984513069"/>
    <tag k="highway" v="residential"/>
    <tag k="maxspeed" v="40"/>
    <tag k="name" v="Rihan Lane"/>
  </way>
  <way id="330830493">
    <nd ref="1410252209"/>
    <nd ref="3642787929"/>
    <nd ref="3378608694"/>
    <nd ref="1410251824"/>
    <tag k="highway" v="residential"/>
    <tag k="maxspeed" v="40"/>
    <tag k="name" v="Rihan Lane"/>
  </way>
  <way id="330830494">
    <nd ref="984512904"/>
    <nd ref="984513196"/>
    <nd ref="984512824"/>
    <nd ref="984513137"/>
    <nd ref="984512991"/>
    <tag k="highway" v="residential"/>
    <tag k="maxspeed" v="40"/>
    <tag k="name" v="Rihan Lane"/>
  </way>
  <way id="330830495">
    <nd ref="1410251824"/>
    <nd ref="1410251404"/>
    <nd ref="1410251388"/>
    <nd ref="1752460141"/>
    <nd ref="1410251247"/>
    <nd ref="1143925048"/>
    <tag k="highway" v="residential"/>
    <tag k="lit" v="yes"/>
    <tag k="maxspeed" v="40"/>
    <tag k="name" v="Rihan Lane"/>
  </way>
  <way id="330830496">
    <nd ref="482257828"/>
    <nd ref="887932181"/>
    <tag k="highway" v="residential"/>
    <tag k="lit" v="yes"/>
    <tag k="maxspeed" v="40"/>
    <tag k="name" v="Salmani Street"/>
  </way>
  <way id="330830497">
    <nd ref="3186054962"/>
    <nd ref="3186054966"/>
    <nd ref="646519140"/>
    <nd ref="472821393"/>
    <tag k="highway" v="residential"/>
    <tag k="maxspeed" v="40"/>
    <tag k="name" v="Salmani Street"/>
  </way>
  <way id="330830498">
    <nd ref="1159265284"/>
    <nd ref="1159265194"/>
    <nd ref="984513176"/>
    <nd ref="3211256779"/>
    <nd ref="984513141"/>
    <nd ref="3211256840"/>
    <nd ref="3211256888"/>
    <nd ref="984512864"/>
    <nd ref="986764067"/>
    <nd ref="984513001"/>
    <tag k="highway" v="residential"/>
    <tag k="lit" v="yes"/>
    <tag k="maxspeed" v="40"/>
    <tag k="name" v="Sawsan Lane"/>
  </way>
  <way id="330830499">
    <nd ref="1159265350"/>
    <nd ref="3180192011"/>
    <nd ref="3180192012"/>
    <nd ref="984513201"/>
    <tag k="highway" v="residential"/>
    <tag k="maxspeed" v="40"/>
    <tag k="name" v="Sawsan Lane"/>
  </way>
  <way id="330830500">
    <nd ref="984513182"/>
    <nd ref="1159265284"/>
    <tag k="highway" v="residential"/>
    <tag k="lit" v="yes"/>
    <tag k="maxspeed" v="40"/>
    <tag k="name" v="Sawsan Lane"/>
  </way>
  <way id="330830501">
    <nd ref="984513057"/>
    <nd ref="984512958"/>
    <nd ref="1159265350"/>
    <tag k="highway" v="residential"/>
    <tag k="maxspeed" v="40"/>
    <tag k="name" v="Sawsan Lane"/>
  </way>
  <way id="330830502">
    <nd ref="984513001"/>
    <nd ref="2102394273"/>
    <nd ref="3639893844"/>
    <nd ref="2102394362"/>
    <nd ref="2102394558"/>
    <tag k="highway" v="residential"/>
    <tag k="lit" v="yes"/>
    <tag k="maxspeed" v="40"/>
    <tag k="name" v="Sawsan Lane"/>
  </way>
  <way id="330830503">
    <nd ref="1752460449"/>
    <nd ref="1752460619"/>
    <nd ref="1752460806"/>
    <nd ref="1752461114"/>
    <nd ref="1752461442"/>
    <tag k="highway" v="residential"/>
    <tag k="maxspeed" v="40"/>
    <tag k="name" v="Shaheen Lane"/>
    <tag k="oneway" v="no"/>
  </way>
  <way id="330830504">
    <nd ref="2383040649"/>
    <nd ref="2383040442"/>
    <tag k="highway" v="residential"/>
    <tag k="lit" v="yes"/>
    <tag k="maxspeed" v="40"/>
    <tag k="name" v="Shaheen Lane"/>
    <tag k="oneway" v="no"/>
  </way>
  <way id="330830505">
    <nd ref="2383040686"/>
    <nd ref="2383040703"/>
    <nd ref="8917721995"/>
    <nd ref="2383040742"/>
    <nd ref="3378608702"/>
    <nd ref="3639872982"/>
    <nd ref="2383040683"/>
    <nd ref="2383040649"/>
    <tag k="highway" v="residential"/>
    <tag k="lit" v="yes"/>
    <tag k="maxspeed" v="40"/>
    <tag k="name" v="Shaheen Lane"/>
    <tag k="oneway" v="no"/>
  </way>
  <way id="330830506">
    <nd ref="1548444952"/>
    <nd ref="3180193756"/>
    <nd ref="3378608091"/>
    <nd ref="8917721999"/>
    <nd ref="2383039626"/>
    <nd ref="2383039657"/>
    <nd ref="3639872977"/>
    <nd ref="3180193763"/>
    <nd ref="2383040122"/>
    <tag k="highway" v="residential"/>
    <tag k="lit" v="yes"/>
    <tag k="maxspeed" v="40"/>
    <tag k="name" v="Shaheen Lane"/>
    <tag k="oneway" v="no"/>
  </way>
  <way id="330830507">
    <nd ref="2383040122"/>
    <nd ref="8917721993"/>
    <nd ref="3180193765"/>
    <nd ref="3639872978"/>
    <nd ref="2383040455"/>
    <nd ref="6899017250"/>
    <nd ref="6884909788"/>
    <nd ref="8917721994"/>
    <nd ref="3378608703"/>
    <nd ref="2383040642"/>
    <nd ref="2383040670"/>
    <nd ref="2383040686"/>
    <tag k="highway" v="residential"/>
    <tag k="lit" v="yes"/>
    <tag k="maxspeed" v="40"/>
    <tag k="name" v="Shaheen Lane"/>
    <tag k="oneway" v="no"/>
  </way>
  <way id="330830508">
    <nd ref="1752459786"/>
    <nd ref="3164089491"/>
    <nd ref="3164089482"/>
    <nd ref="1752458511"/>
    <tag k="highway" v="residential"/>
    <tag k="maxspeed" v="40"/>
    <tag k="name" v="Tein Lane"/>
  </way>
  <way id="330830510">
    <nd ref="677544754"/>
    <nd ref="677544755"/>
    <nd ref="3077938658"/>
    <nd ref="677544809"/>
    <nd ref="677544810"/>
    <nd ref="3639861032"/>
    <nd ref="677544824"/>
    <nd ref="677544869"/>
    <nd ref="679007459"/>
    <nd ref="679007466"/>
    <nd ref="472821390"/>
    <tag k="highway" v="residential"/>
    <tag k="lit" v="yes"/>
    <tag k="maxspeed" v="40"/>
    <tag k="name" v="Transformation Boulevard"/>
  </way>
  <way id="330830511">
    <nd ref="487160524"/>
    <nd ref="472290898"/>
    <nd ref="472290900"/>
    <nd ref="3639861037"/>
    <nd ref="472290910"/>
    <nd ref="472290911"/>
    <nd ref="490608743"/>
    <nd ref="472290912"/>
    <nd ref="472290915"/>
    <nd ref="472290916"/>
    <nd ref="504011489"/>
    <nd ref="472290927"/>
    <nd ref="6899017235"/>
    <nd ref="677544751"/>
    <nd ref="6899052887"/>
    <nd ref="677544752"/>
    <nd ref="677544754"/>
    <tag k="highway" v="residential"/>
    <tag k="lit" v="yes"/>
    <tag k="maxspeed" v="40"/>
    <tag k="name" v="Transformation Boulevard"/>
  </way>
  <way id="330830512">
    <nd ref="472821329"/>
    <nd ref="644629305"/>
    <nd ref="472821397"/>
    <nd ref="528932845"/>
    <nd ref="504734261"/>
    <nd ref="504734269"/>
    <tag k="highway" v="residential"/>
    <tag k="maxspeed" v="40"/>
    <tag k="name" v="Transformation Boulevard"/>
  </way>
  <way id="330830513">
    <nd ref="1548444954"/>
    <nd ref="1548444945"/>
    <nd ref="3378608695"/>
    <nd ref="13476351398"/>
    <nd ref="1548444923"/>
    <tag k="highway" v="residential"/>
    <tag k="maxspeed" v="40"/>
    <tag k="name" v="Tulip Lane"/>
    <tag k="oneway" v="no"/>
  </way>
  <way id="330830514">
    <nd ref="2383040276"/>
    <nd ref="2383039896"/>
    <nd ref="2383039743"/>
    <nd ref="2383039723"/>
    <nd ref="2383039578"/>
    <tag k="highway" v="residential"/>
    <tag k="lit" v="yes"/>
    <tag k="maxspeed" v="40"/>
    <tag k="name" v="Tulip Lane"/>
    <tag k="oneway" v="yes"/>
  </way>
  <way id="330830515">
    <nd ref="479997264"/>
    <nd ref="479997258"/>
    <nd ref="479997265"/>
    <nd ref="556391042"/>
    <nd ref="1417967633"/>
    <nd ref="7345946928"/>
    <nd ref="556391044"/>
    <nd ref="7345946919"/>
    <nd ref="556391048"/>
    <nd ref="556391051"/>
    <nd ref="556391054"/>
    <nd ref="556391056"/>
    <nd ref="3361218121"/>
    <nd ref="3361218122"/>
    <nd ref="556391058"/>
    <nd ref="8078348058"/>
    <nd ref="556391079"/>
    <nd ref="8078348030"/>
    <nd ref="556391081"/>
    <nd ref="6884909786"/>
    <nd ref="6884909985"/>
    <nd ref="13789943704"/>
    <nd ref="556391083"/>
    <nd ref="556391084"/>
    <nd ref="8078348034"/>
    <nd ref="504913420"/>
    <tag k="highway" v="tertiary"/>
    <tag k="lit" v="yes"/>
    <tag k="maxspeed" v="60"/>
    <tag k="name" v="Unity Boulevard"/>
    <tag k="oneway" v="yes"/>
  </way>
  <way id="330830516">
    <nd ref="479938117"/>
    <nd ref="1000521731"/>
    <nd ref="472287838"/>
    <tag k="highway" v="tertiary"/>
    <tag k="lit" v="yes"/>
    <tag k="maxspeed" v="40"/>
    <tag k="name" v="Unity Boulevard"/>
    <tag k="oneway" v="yes"/>
  </way>
  <way id="330830517">
    <nd ref="1548444885"/>
    <nd ref="1548444912"/>
    <tag k="highway" v="residential"/>
    <tag k="lit" v="yes"/>
    <tag k="maxspeed" v="40"/>
    <tag k="name" v="Yamamah Lane"/>
    <tag k="oneway" v="no"/>
  </way>
  <way id="330830518">
    <nd ref="1548444912"/>
    <nd ref="3378608693"/>
    <nd ref="1548444947"/>
    <tag k="highway" v="residential"/>
    <tag k="maxspeed" v="40"/>
    <tag k="name" v="Yamamah Lane"/>
    <tag k="oneway" v="no"/>
  </way>
  <way id="330830519">
    <nd ref="1548444964"/>
    <nd ref="6899017248"/>
    <nd ref="2383039619"/>
    <nd ref="6899017249"/>
    <nd ref="2383039842"/>
    <nd ref="13476403205"/>
    <nd ref="2383040156"/>
    <tag k="highway" v="residential"/>
    <tag k="lit" v="yes"/>
    <tag k="maxspeed" v="40"/>
    <tag k="name" v="Yamamah Lane"/>
    <tag k="oneway" v="no"/>
  </way>
  <way id="330830529">
    <nd ref="479938117"/>
    <nd ref="477609362"/>
    <tag k="highway" v="residential"/>
    <tag k="maxspeed" v="40"/>
  </way>
  <way id="342807830">
    <nd ref="1548444947"/>
    <nd ref="3639872979"/>
    <nd ref="1548444964"/>
    <tag k="highway" v="residential"/>
    <tag k="lit" v="yes"/>
    <tag k="maxspeed" v="40"/>
    <tag k="name" v="Yamamah Lane"/>
    <tag k="oneway" v="no"/>
  </way>
  <way id="350262784">
    <nd ref="984513201"/>
    <nd ref="3180192008"/>
    <nd ref="797787952"/>
    <tag k="highway" v="residential"/>
    <tag k="maxspeed" v="40"/>
    <tag k="name" v="Butterfly Lane"/>
  </way>
  <way id="350262785">
    <nd ref="1548444923"/>
    <nd ref="3693108789"/>
    <nd ref="3693108790"/>
    <nd ref="3693108791"/>
    <nd ref="1548444924"/>
    <tag k="highway" v="residential"/>
    <tag k="maxspeed" v="40"/>
    <tag k="name" v="Gazelle Lane"/>
    <tag k="oneway" v="no"/>
  </way>
  <way id="350262786">
    <nd ref="1548444924"/>
    <nd ref="2383039243"/>
    <nd ref="2383039258"/>
    <nd ref="2383039279"/>
    <tag k="highway" v="residential"/>
    <tag k="maxspeed" v="40"/>
    <tag k="name" v="Gazelle Lane"/>
    <tag k="oneway" v="no"/>
  </way>
  <way id="350262787">
    <nd ref="2689870561"/>
    <nd ref="3179041823"/>
    <nd ref="3561500602"/>
    <nd ref="2694633461"/>
    <nd ref="2689870562"/>
    <nd ref="3639903836"/>
    <nd ref="2689870563"/>
    <tag k="highway" v="residential"/>
    <tag k="lit" v="yes"/>
    <tag k="maxspeed" v="40"/>
    <tag k="name" v="Jasmine Lane"/>
    <tag k="surface" v="asphalt"/>
  </way>
  <way id="350262788">
    <nd ref="2689870563"/>
    <nd ref="2689870565"/>
    <tag k="highway" v="residential"/>
    <tag k="lit" v="yes"/>
    <tag k="maxspeed" v="40"/>
    <tag k="name" v="Jouri Lane"/>
    <tag k="oneway" v="no"/>
  </way>
  <way id="350262789">
    <nd ref="2689870565"/>
    <nd ref="3378664469"/>
    <nd ref="2689870540"/>
    <tag k="highway" v="residential"/>
    <tag k="lit" v="yes"/>
    <tag k="maxspeed" v="40"/>
    <tag k="name" v="Jouri Lane"/>
    <tag k="oneway" v="no"/>
  </way>
  <way id="350262790">
    <nd ref="2689870567"/>
    <nd ref="13476403201"/>
    <nd ref="2383039903"/>
    <nd ref="2689870572"/>
    <nd ref="3561500599"/>
    <nd ref="2383039677"/>
    <nd ref="3156275976"/>
    <nd ref="2383039562"/>
    <nd ref="2689870564"/>
    <nd ref="3561500596"/>
    <nd ref="2383039279"/>
    <tag k="highway" v="residential"/>
    <tag k="lit" v="yes"/>
    <tag k="maxspeed" v="40"/>
    <tag k="name" v="Kadi Lane"/>
    <tag k="surface" v="asphalt"/>
  </way>
  <way id="350262791">
    <nd ref="2689870560"/>
    <nd ref="3179041821"/>
    <nd ref="3179041822"/>
    <nd ref="2689870561"/>
    <tag k="highway" v="residential"/>
    <tag k="lit" v="yes"/>
    <tag k="maxspeed" v="40"/>
    <tag k="name" v="Lemon Lane"/>
  </way>
  <way id="350262793">
    <nd ref="2689870558"/>
    <nd ref="2689870556"/>
    <tag k="highway" v="residential"/>
    <tag k="maxspeed" v="40"/>
    <tag k="name" v="Maha Lane"/>
    <tag k="surface" v="asphalt"/>
  </way>
  <way id="350262794">
    <nd ref="2689870560"/>
    <nd ref="3696657442"/>
    <nd ref="3696657439"/>
    <nd ref="2745129634"/>
    <tag k="highway" v="residential"/>
    <tag k="lit" v="yes"/>
    <tag k="maxspeed" v="40"/>
    <tag k="name" v="Mishmish Lane"/>
  </way>
  <way id="350262795">
    <nd ref="1548444917"/>
    <nd ref="1548444924"/>
    <tag k="highway" v="residential"/>
    <tag k="maxspeed" v="40"/>
    <tag k="name" v="Nawras Lane"/>
  </way>
  <way id="350262796">
    <nd ref="984513205"/>
    <nd ref="3424870497"/>
    <nd ref="3561500605"/>
    <nd ref="797787961"/>
    <tag k="highway" v="residential"/>
    <tag k="lit" v="yes"/>
    <tag k="maxspeed" v="40"/>
    <tag k="name" v="Nawras Lane"/>
  </way>
  <way id="350262797">
    <nd ref="1548444924"/>
    <nd ref="8917722013"/>
    <nd ref="13476351395"/>
    <nd ref="8917722012"/>
    <nd ref="2383039272"/>
    <nd ref="2383039302"/>
    <nd ref="8917722011"/>
    <nd ref="2383039377"/>
    <nd ref="2383039452"/>
    <nd ref="2383039470"/>
    <nd ref="2383039473"/>
    <nd ref="2383039472"/>
    <tag k="highway" v="residential"/>
    <tag k="lit" v="yes"/>
    <tag k="maxspeed" v="40"/>
    <tag k="name" v="Nawras Lane"/>
  </way>
  <way id="350262798">
    <nd ref="984513201"/>
    <nd ref="3180192014"/>
    <nd ref="3180192015"/>
    <nd ref="3424870498"/>
    <nd ref="1159265070"/>
    <nd ref="984513205"/>
    <tag k="highway" v="residential"/>
    <tag k="lit" v="yes"/>
    <tag k="maxspeed" v="40"/>
    <tag k="name" v="Sawsan Lane"/>
  </way>
  <way id="350262800">
    <nd ref="984513205"/>
    <nd ref="1159265261"/>
    <nd ref="984513193"/>
    <nd ref="984513210"/>
    <nd ref="984513047"/>
    <nd ref="3561500607"/>
    <nd ref="984513182"/>
    <tag k="highway" v="residential"/>
    <tag k="lit" v="yes"/>
    <tag k="maxspeed" v="40"/>
    <tag k="name" v="Sawsan Lane"/>
  </way>
  <way id="350684055">
    <nd ref="479938111"/>
    <nd ref="3424376588"/>
    <nd ref="479938110"/>
    <nd ref="472287777"/>
    <nd ref="472287644"/>
    <tag k="highway" v="tertiary"/>
    <tag k="maxspeed" v="40"/>
    <tag k="name" v="Bayt Al Hikma Boulevard"/>
    <tag k="oneway" v="yes"/>
  </way>
  <way id="350684059">
    <nd ref="505052947"/>
    <nd ref="504913403"/>
    <nd ref="496975010"/>
    <nd ref="479938112"/>
    <nd ref="479938111"/>
    <tag k="highway" v="tertiary"/>
    <tag k="lit" v="yes"/>
    <tag k="maxspeed" v="40"/>
    <tag k="name" v="Bayt Al Hikma Boulevard"/>
    <tag k="oneway" v="yes"/>
    <tag k="surface" v="asphalt"/>
  </way>
  <way id="350684063">
    <nd ref="479938111"/>
    <nd ref="3424376587"/>
    <nd ref="493907048"/>
    <tag k="highway" v="residential"/>
    <tag k="lit" v="yes"/>
    <tag k="maxspeed" v="40"/>
    <tag k="name" v="Beacon Avenue"/>
  </way>
  <way id="350684066">
    <nd ref="496975011"/>
    <nd ref="3378494595"/>
    <nd ref="505052676"/>
    <nd ref="496974992"/>
    <tag k="highway" v="residential"/>
    <tag k="lit" v="yes"/>
    <tag k="maxspeed" v="40"/>
    <tag k="name" v="Beacon Avenue"/>
  </way>
  <way id="350684071">
    <nd ref="479728049"/>
    <nd ref="3186054989"/>
    <nd ref="472821359"/>
    <nd ref="3184105095"/>
    <nd ref="644629298"/>
    <nd ref="493725506"/>
    <nd ref="644629297"/>
    <nd ref="3184105082"/>
    <nd ref="472821386"/>
    <nd ref="505052494"/>
    <nd ref="472821324"/>
    <nd ref="472821316"/>
    <nd ref="472821346"/>
    <nd ref="472821377"/>
    <nd ref="472821370"/>
    <nd ref="472821365"/>
    <nd ref="3186054977"/>
    <nd ref="472821393"/>
    <tag k="highway" v="residential"/>
    <tag k="lit" v="yes"/>
    <tag k="maxspeed" v="40"/>
    <tag k="name" v="Discovery Boulevard"/>
  </way>
  <way id="350684076">
    <nd ref="2383039653"/>
    <nd ref="2383039662"/>
    <nd ref="3639872980"/>
    <nd ref="2383039664"/>
    <nd ref="2383039674"/>
    <nd ref="2383039921"/>
    <tag k="highway" v="residential"/>
    <tag k="lit" v="yes"/>
    <tag k="maxspeed" v="40"/>
    <tag k="name" v="Gardena Lane"/>
  </way>
  <way id="350684078">
    <nd ref="505052613"/>
    <nd ref="512001145"/>
    <tag k="highway" v="residential"/>
    <tag k="lit" v="yes"/>
    <tag k="maxspeed" v="40"/>
    <tag k="name" v="Island Street"/>
  </way>
  <way id="350684081">
    <nd ref="512001145"/>
    <nd ref="478487356"/>
    <nd ref="496975012"/>
    <tag k="highway" v="residential"/>
    <tag k="lit" v="yes"/>
    <tag k="maxspeed" v="40"/>
    <tag k="name" v="Island Street"/>
  </way>
  <way id="350684085">
    <nd ref="2102394544"/>
    <nd ref="2745127813"/>
    <nd ref="13611301416"/>
    <nd ref="2745128148"/>
    <nd ref="13611301417"/>
    <nd ref="3735469442"/>
    <nd ref="2745129817"/>
    <nd ref="3735469474"/>
    <nd ref="2745130644"/>
    <nd ref="2689870561"/>
    <tag k="highway" v="residential"/>
    <tag k="lane_markings" v="yes"/>
    <tag k="lanes" v="2"/>
    <tag k="lit" v="yes"/>
    <tag k="maxspeed" v="40"/>
    <tag k="name" v="Jasmine Lane"/>
    <tag k="sidewalk:both" v="separate"/>
    <tag k="smoothness" v="excellent"/>
    <tag k="surface" v="asphalt"/>
  </way>
  <way id="350684089">
    <nd ref="2745129969"/>
    <nd ref="13611301410"/>
    <nd ref="8917722016"/>
    <nd ref="2745130937"/>
    <nd ref="3639893849"/>
    <nd ref="2694633389"/>
    <nd ref="2694633445"/>
    <nd ref="2745131833"/>
    <nd ref="3639893850"/>
    <nd ref="8917722015"/>
    <nd ref="8917722014"/>
    <nd ref="2694633591"/>
    <nd ref="2689870574"/>
    <nd ref="3639893851"/>
    <nd ref="2689870575"/>
    <nd ref="13611281700"/>
    <nd ref="2689870576"/>
    <nd ref="2694633872"/>
    <nd ref="2383040367"/>
    <tag k="highway" v="residential"/>
    <tag k="lane_markings" v="yes"/>
    <tag k="lanes" v="2"/>
    <tag k="lit" v="yes"/>
    <tag k="maxspeed" v="40"/>
    <tag k="name" v="Kadi Lane"/>
    <tag k="sidewalk:both" v="separate"/>
    <tag k="smoothness" v="excellent"/>
    <tag k="source:maxspeed" v="sign"/>
    <tag k="surface" v="asphalt"/>
  </way>
  <way id="350684094">
    <nd ref="2383040367"/>
    <nd ref="2383040167"/>
    <nd ref="2689870567"/>
    <tag k="highway" v="residential"/>
    <tag k="lit" v="yes"/>
    <tag k="maxspeed" v="40"/>
    <tag k="name" v="Kadi Lane"/>
    <tag k="surface" v="asphalt"/>
  </way>
  <way id="350684096">
    <nd ref="984513216"/>
    <nd ref="3639801459"/>
    <nd ref="3639801458"/>
    <nd ref="842167255"/>
    <nd ref="984513027"/>
    <nd ref="984512950"/>
    <nd ref="984513167"/>
    <tag k="highway" v="residential"/>
    <tag k="maxspeed" v="40"/>
    <tag k="name" v="Mishmish Lane"/>
  </way>
  <way id="350684099">
    <nd ref="984513069"/>
    <nd ref="984512935"/>
    <tag k="highway" v="residential"/>
    <tag k="maxspeed" v="40"/>
    <tag k="name" v="Nargis Lane"/>
  </way>
  <way id="350684101">
    <nd ref="984513216"/>
    <nd ref="1143925040"/>
    <tag k="highway" v="residential"/>
    <tag k="maxspeed" v="40"/>
    <tag k="name" v="Nargis Lane"/>
  </way>
  <way id="350684104">
    <nd ref="1474848622"/>
    <nd ref="2383345880"/>
    <nd ref="2694633211"/>
    <nd ref="1474848627"/>
    <nd ref="2694633230"/>
    <nd ref="1474848628"/>
    <tag k="highway" v="residential"/>
    <tag k="lit" v="yes"/>
    <tag k="maxspeed" v="40"/>
    <tag k="name" v="Oasis Lane"/>
  </way>
  <way id="350684108">
    <nd ref="3378664484"/>
    <nd ref="3378664485"/>
    <nd ref="3693108752"/>
    <nd ref="3378664463"/>
    <nd ref="1410252409"/>
    <nd ref="1474848637"/>
    <nd ref="3693108756"/>
    <nd ref="3693108757"/>
    <nd ref="1474848638"/>
    <nd ref="1474848639"/>
    <nd ref="1548444887"/>
    <tag k="highway" v="residential"/>
    <tag k="lit" v="yes"/>
    <tag k="maxspeed" v="40"/>
    <tag k="name" v="Oasis Lane"/>
    <tag k="oneway" v="no"/>
    <tag k="surface" v="asphalt"/>
  </way>
  <way id="350684111">
    <nd ref="2102394552"/>
    <nd ref="2102394544"/>
    <tag k="highway" v="residential"/>
    <tag k="lane_markings" v="yes"/>
    <tag k="lanes" v="2"/>
    <tag k="lit" v="yes"/>
    <tag k="maxspeed" v="40"/>
    <tag k="name" v="Reem Lane"/>
    <tag k="sidewalk:both" v="separate"/>
    <tag k="smoothness" v="excellent"/>
    <tag k="surface" v="asphalt"/>
  </way>
  <way id="350684113">
    <nd ref="2694633142"/>
    <nd ref="13476403225"/>
    <nd ref="2102394558"/>
    <tag k="highway" v="residential"/>
    <tag k="lit" v="yes"/>
    <tag k="maxspeed" v="40"/>
    <tag k="name" v="Reem Street"/>
  </way>
  <way id="350684116">
    <nd ref="2745127605"/>
    <nd ref="2102394552"/>
    <tag k="highway" v="residential"/>
    <tag k="lit" v="yes"/>
    <tag k="maxspeed" v="40"/>
    <tag k="name" v="Reem Lane"/>
  </way>
  <way id="350684118">
    <nd ref="984513069"/>
    <nd ref="13475950667"/>
    <nd ref="984512953"/>
    <nd ref="3378664476"/>
    <nd ref="984512904"/>
    <tag k="highway" v="residential"/>
    <tag k="maxspeed" v="40"/>
    <tag k="name" v="Rihan Lane"/>
    <tag k="surface" v="asphalt"/>
  </way>
  <way id="350684120">
    <nd ref="2383039653"/>
    <nd ref="6899017247"/>
    <nd ref="2383039472"/>
    <tag k="highway" v="residential"/>
    <tag k="lit" v="yes"/>
    <tag k="maxspeed" v="40"/>
    <tag k="name" v="Rumman Lane"/>
  </way>
  <way id="350684122">
    <nd ref="496974998"/>
    <nd ref="493151089"/>
    <nd ref="6884976385"/>
    <nd ref="493151090"/>
    <nd ref="482257829"/>
    <nd ref="472293344"/>
    <tag k="highway" v="residential"/>
    <tag k="lit" v="yes"/>
    <tag k="maxspeed" v="40"/>
    <tag k="name" v="Salmani Street"/>
  </way>
  <way id="350684126">
    <nd ref="1752461442"/>
    <nd ref="1752461995"/>
    <nd ref="3378608089"/>
    <nd ref="1752462020"/>
    <nd ref="3639801454"/>
    <nd ref="1752462075"/>
    <nd ref="6919847385"/>
    <nd ref="3180193685"/>
    <nd ref="3180193686"/>
    <nd ref="1548444883"/>
    <nd ref="3180193699"/>
    <nd ref="3180193701"/>
    <nd ref="3378608090"/>
    <nd ref="3180193718"/>
    <nd ref="1548444904"/>
    <nd ref="8917722008"/>
    <nd ref="6884912385"/>
    <nd ref="3639801455"/>
    <nd ref="8917722007"/>
    <nd ref="1548444934"/>
    <nd ref="3180193748"/>
    <nd ref="1548444952"/>
    <tag k="highway" v="residential"/>
    <tag k="lit" v="yes"/>
    <tag k="maxspeed" v="40"/>
    <tag k="name" v="Shaheen Lane"/>
    <tag k="oneway" v="no"/>
    <tag k="surface" v="asphalt"/>
  </way>
  <way id="350684128">
    <nd ref="496974997"/>
    <nd ref="504734649"/>
    <nd ref="504734652"/>
    <nd ref="496974995"/>
    <nd ref="644629316"/>
    <nd ref="496974996"/>
    <tag k="highway" v="residential"/>
    <tag k="lit" v="yes"/>
    <tag k="maxspeed" v="40"/>
    <tag k="name" v="Transformation Boulevard"/>
  </way>
  <way id="350684129">
    <nd ref="1548444923"/>
    <nd ref="1548444910"/>
    <tag k="highway" v="residential"/>
    <tag k="maxspeed" v="40"/>
    <tag k="name" v="Tulip Lane"/>
    <tag k="oneway" v="no"/>
  </way>
  <way id="350684130">
    <nd ref="1548444845"/>
    <nd ref="3186056354"/>
    <nd ref="3378608092"/>
    <nd ref="3639801456"/>
    <nd ref="1548444885"/>
    <tag k="highway" v="residential"/>
    <tag k="lit" v="yes"/>
    <tag k="maxspeed" v="40"/>
    <tag k="name" v="Yamamah Lane"/>
    <tag k="oneway" v="no"/>
  </way>
  <way id="350684131">
    <nd ref="1752461442"/>
    <nd ref="1752461448"/>
    <nd ref="1752461553"/>
    <nd ref="6919847285"/>
    <nd ref="1752461901"/>
    <tag k="highway" v="residential"/>
    <tag k="maxspeed" v="40"/>
    <tag k="name" v="Zaytoun Lane"/>
    <tag k="oneway" v="no"/>
  </way>
  <way id="350684132">
    <nd ref="1548444845"/>
    <nd ref="3186056347"/>
    <nd ref="3186056346"/>
    <nd ref="1752461573"/>
    <nd ref="1752461464"/>
    <nd ref="1752461442"/>
    <tag k="highway" v="residential"/>
    <tag k="maxspeed" v="40"/>
    <tag k="name" v="Zaytoun Lane"/>
    <tag k="oneway" v="no"/>
  </way>
  <way id="350684133">
    <nd ref="496975011"/>
    <nd ref="646249784"/>
    <nd ref="600842316"/>
    <nd ref="600842315"/>
    <nd ref="646249782"/>
    <nd ref="477610341"/>
    <nd ref="646249783"/>
    <nd ref="505052815"/>
    <nd ref="505052812"/>
    <nd ref="479938117"/>
    <tag k="highway" v="residential"/>
    <tag k="lit" v="yes"/>
    <tag k="maxspeed" v="40"/>
  </way>
  <way id="350684139">
    <nd ref="2745129634"/>
    <nd ref="3735469440"/>
    <nd ref="3735469443"/>
    <nd ref="3735469446"/>
    <nd ref="3735469448"/>
    <nd ref="3735469451"/>
    <nd ref="3735469455"/>
    <nd ref="2745129817"/>
    <nd ref="3735469460"/>
    <nd ref="3735469464"/>
    <nd ref="3735469467"/>
    <nd ref="3735469471"/>
    <nd ref="13611301413"/>
    <nd ref="13611301412"/>
    <nd ref="2745129969"/>
    <tag k="highway" v="residential"/>
    <tag k="lane_markings" v="yes"/>
    <tag k="lanes" v="2"/>
    <tag k="lit" v="yes"/>
    <tag k="maxspeed" v="40"/>
    <tag k="name" v="Cassia Lane"/>
    <tag k="sidewalk:both" v="separate"/>
    <tag k="smoothness" v="excellent"/>
    <tag k="surface" v="asphalt"/>
  </way>
  <way id="359189453">
    <nd ref="559125109"/>
    <nd ref="1533893166"/>
    <nd ref="516625194"/>
    <nd ref="516625250"/>
    <nd ref="516625287"/>
    <nd ref="516625350"/>
    <nd ref="516625491"/>
    <nd ref="724101166"/>
    <nd ref="516675297"/>
    <tag k="highway" v="tertiary"/>
    <tag k="lit" v="yes"/>
    <tag k="maxspeed" v="40"/>
    <tag k="name" v="Unity Boulevard"/>
    <tag k="oneway" v="yes"/>
    <tag k="surface" v="asphalt"/>
  </way>
  <way id="359189455">
    <nd ref="559125112"/>
    <nd ref="516674885"/>
    <nd ref="516625180"/>
    <nd ref="516625142"/>
    <nd ref="631382929"/>
    <nd ref="1534882803"/>
    <nd ref="497671366"/>
    <nd ref="3378493791"/>
    <nd ref="479997259"/>
    <nd ref="479997255"/>
    <nd ref="479997262"/>
    <tag k="highway" v="tertiary"/>
    <tag k="lit" v="yes"/>
    <tag k="maxspeed" v="40"/>
    <tag k="name" v="Unity Boulevard"/>
    <tag k="oneway" v="yes"/>
  </way>
  <way id="359193770">
    <nd ref="477282085"/>
    <nd ref="556390992"/>
    <nd ref="8602552865"/>
    <nd ref="479997266"/>
    <nd ref="477282087"/>
    <tag k="highway" v="tertiary"/>
    <tag k="lit" v="yes"/>
    <tag k="maxspeed" v="60"/>
    <tag k="name" v="Bayt Al Hikma Boulevard"/>
    <tag k="oneway" v="yes"/>
    <tag k="surface" v="asphalt"/>
  </way>
  <way id="359193771">
    <nd ref="472287644"/>
    <nd ref="479839982"/>
    <nd ref="477282088"/>
    <nd ref="480708447"/>
    <nd ref="477282089"/>
    <tag k="highway" v="tertiary"/>
    <tag k="lit" v="yes"/>
    <tag k="maxspeed" v="40"/>
    <tag k="name" v="Bayt Al Hikma Boulevard"/>
    <tag k="oneway" v="yes"/>
    <tag k="surface" v="asphalt"/>
  </way>
  <way id="359193772">
    <nd ref="845165196"/>
    <nd ref="845165215"/>
    <tag k="highway" v="residential"/>
    <tag k="lit" v="yes"/>
    <tag k="maxspeed" v="40"/>
    <tag k="name" v="Coral Garden Route"/>
    <tag k="sidewalk:both" v="separate"/>
  </way>
  <way id="359193774">
    <nd ref="883220206"/>
    <nd ref="883219967"/>
    <tag k="highway" v="residential"/>
    <tag k="lit" v="yes"/>
    <tag k="maxspeed" v="40"/>
    <tag k="name" v="Transformation Boulevard"/>
  </way>
  <way id="359193775">
    <nd ref="883219967"/>
    <nd ref="472290782"/>
    <nd ref="472290789"/>
    <nd ref="472290790"/>
    <nd ref="472290834"/>
    <nd ref="472288332"/>
    <tag k="highway" v="residential"/>
    <tag k="maxspeed" v="40"/>
    <tag k="name" v="Transformation Boulevard"/>
  </way>
  <way id="359193776">
    <nd ref="472287644"/>
    <nd ref="479938107"/>
    <tag k="highway" v="tertiary"/>
    <tag k="maxspeed" v="40"/>
    <tag k="name" v="Unity Boulevard"/>
    <tag k="oneway" v="yes"/>
  </way>
  <way id="368714579">
    <nd ref="2694633872"/>
    <nd ref="3149156271"/>
    <nd ref="3725613392"/>
    <nd ref="3725613393"/>
    <nd ref="9951631545"/>
    <nd ref="3739225364"/>
    <nd ref="3728013457"/>
    <tag k="cycleway:left" v="no"/>
    <tag k="cycleway:right" v="separate"/>
    <tag k="highway" v="tertiary"/>
    <tag k="lane_markings" v="yes"/>
    <tag k="lanes" v="2"/>
    <tag k="lit" v="yes"/>
    <tag k="maxspeed" v="40"/>
    <tag k="maxspeed:type" v="sign"/>
    <tag k="sidewalk:left" v="separate"/>
    <tag k="sidewalk:right" v="no"/>
    <tag k="smoothness" v="excellent"/>
    <tag k="surface" v="asphalt"/>
  </way>
  <way id="452691981">
    <nd ref="4494425451"/>
    <nd ref="4494425452"/>
    <nd ref="4494425453"/>
    <nd ref="4494425454"/>
    <nd ref="4494425460"/>
    <nd ref="4494425455"/>
    <nd ref="4494425456"/>
    <nd ref="4494425457"/>
    <nd ref="4494425458"/>
    <tag k="highway" v="residential"/>
    <tag k="service" v="alley"/>
  </way>
  <way id="452691983">
    <nd ref="4494425461"/>
    <nd ref="4494425462"/>
    <nd ref="4494425463"/>
    <nd ref="4494425464"/>
    <nd ref="4494425465"/>
    <tag k="highway" v="residential"/>
    <tag k="service" v="alley"/>
  </way>
  <way id="452691984">
    <nd ref="4494425466"/>
    <nd ref="4494425467"/>
    <nd ref="4494425468"/>
    <nd ref="4494425469"/>
    <tag k="highway" v="residential"/>
    <tag k="service" v="alley"/>
  </way>
  <way id="452691986">
    <nd ref="13985118449"/>
    <nd ref="4494425474"/>
    <nd ref="4494425475"/>
    <nd ref="13985118450"/>
    <tag k="highway" v="residential"/>
    <tag k="service" v="alley"/>
  </way>
  <way id="452691988">
    <nd ref="4494425483"/>
    <nd ref="4494425484"/>
    <nd ref="4494425485"/>
    <tag k="highway" v="residential"/>
    <tag k="service" v="alley"/>
  </way>
  <way id="452691989">
    <nd ref="4494425486"/>
    <nd ref="4494425487"/>
    <nd ref="4494425488"/>
    <nd ref="4494425589"/>
    <tag k="highway" v="residential"/>
    <tag k="service" v="alley"/>
  </way>
  <way id="452691991">
    <nd ref="13985033143"/>
    <nd ref="4494425592"/>
    <nd ref="4494425593"/>
    <nd ref="4494425594"/>
    <nd ref="4494425595"/>
    <nd ref="13985033142"/>
    <tag k="highway" v="residential"/>
    <tag k="service" v="alley"/>
  </way>
  <way id="452691992">
    <nd ref="13985033142"/>
    <nd ref="4494425596"/>
    <nd ref="4494425597"/>
    <nd ref="4494425598"/>
    <nd ref="4494425599"/>
    <nd ref="4494425600"/>
    <nd ref="4494425601"/>
    <tag k="highway" v="residential"/>
    <tag k="service" v="alley"/>
  </way>
  <way id="452691996">
    <nd ref="1415696357"/>
    <nd ref="4494425612"/>
    <nd ref="4494425613"/>
    <tag k="highway" v="residential"/>
    <tag k="service" v="alley"/>
  </way>
  <way id="452691997">
    <nd ref="4494425613"/>
    <nd ref="4494425614"/>
    <nd ref="4494425615"/>
    <nd ref="4494425616"/>
    <tag k="highway" v="residential"/>
    <tag k="service" v="alley"/>
  </way>
  <way id="866693830">
    <nd ref="447946172"/>
    <nd ref="504913412"/>
    <nd ref="8078347576"/>
    <nd ref="504913413"/>
    <nd ref="504913414"/>
    <tag k="highway" v="primary"/>
    <tag k="lit" v="yes"/>
    <tag k="oneway" v="yes"/>
  </way>
  <way id="927160621">
    <nd ref="8602552882"/>
    <nd ref="13947721768"/>
    <nd ref="8602552883"/>
    <tag k="highway" v="residential"/>
    <tag k="name" v="Wadi Lane"/>
  </way>
  <way id="927160626">
    <nd ref="8602552899"/>
    <nd ref="8602552893"/>
    <tag k="highway" v="residential"/>
    <tag k="name" v="Zahara Lane"/>
  </way>
  <way id="927160628">
    <nd ref="8602552898"/>
    <nd ref="8602552893"/>
    <nd ref="8602552897"/>
    <nd ref="8602552894"/>
    <nd ref="8602552896"/>
    <tag k="highway" v="residential"/>
    <tag k="name" v="Diyafa Lane"/>
  </way>
  <way id="927160629">
    <nd ref="8602552904"/>
    <nd ref="8602552895"/>
    <nd ref="8602552903"/>
    <nd ref="8602552901"/>
    <nd ref="8602552892"/>
    <nd ref="8602552899"/>
    <nd ref="8602552902"/>
    <tag k="highway" v="residential"/>
    <tag k="name" v="Jabel Lane"/>
  </way>
  <way id="927160630">
    <nd ref="8602552908"/>
    <nd ref="8602552907"/>
    <tag k="highway" v="residential"/>
    <tag k="name" v="Lotus Lane"/>
  </way>
  <way id="927160631">
    <nd ref="8602552910"/>
    <nd ref="8602552909"/>
    <tag k="highway" v="residential"/>
    <tag k="name" v="Rabia Lane"/>
  </way>
  <way id="927160632">
    <nd ref="8602552911"/>
    <nd ref="8602552907"/>
    <nd ref="8602552905"/>
    <nd ref="8602552912"/>
    <nd ref="8602552909"/>
    <nd ref="8602567077"/>
    <tag k="highway" v="residential"/>
    <tag k="name" v="Sahab Lane"/>
  </way>
  <way id="927160633">
    <nd ref="8602552913"/>
    <nd ref="8602552910"/>
    <nd ref="8602552916"/>
    <nd ref="8602552906"/>
    <nd ref="8602552908"/>
    <nd ref="8602567048"/>
    <tag k="highway" v="residential"/>
    <tag k="name" v="Andaleeb Lane"/>
  </way>
  <way id="927160634">
    <nd ref="8602567023"/>
    <nd ref="8602567022"/>
    <tag k="highway" v="residential"/>
    <tag k="name" v="Roshan Lane"/>
  </way>
  <way id="927160635">
    <nd ref="8602567020"/>
    <nd ref="8602567019"/>
    <nd ref="8602567022"/>
    <nd ref="8602567021"/>
    <nd ref="8602567018"/>
    <nd ref="8602552882"/>
    <nd ref="8602567017"/>
    <tag k="highway" v="residential"/>
    <tag k="name" v="Samman Lane"/>
  </way>
  <way id="927160636">
    <nd ref="8602567021"/>
    <nd ref="8602567023"/>
    <tag k="highway" v="residential"/>
    <tag k="name" v="Roshan Lane"/>
  </way>
  <way id="927160637">
    <nd ref="8602567026"/>
    <nd ref="8602567023"/>
    <nd ref="8602567025"/>
    <nd ref="8602552883"/>
    <nd ref="8602567024"/>
    <tag k="highway" v="residential"/>
    <tag k="name" v="Lbis Lane"/>
  </way>
  <way id="927160639">
    <nd ref="8602567031"/>
    <nd ref="8602552903"/>
    <nd ref="8602567030"/>
    <nd ref="8602567029"/>
    <nd ref="8602552897"/>
    <nd ref="8602567028"/>
    <tag k="highway" v="residential"/>
    <tag k="name" v="Badr Avenue"/>
  </way>
  <way id="927160640">
    <nd ref="8602567037"/>
    <nd ref="8602567025"/>
    <nd ref="8602567036"/>
    <nd ref="8602567035"/>
    <nd ref="8602567018"/>
    <nd ref="8602567039"/>
    <tag k="highway" v="residential"/>
    <tag k="name" v="Badr Avenue"/>
  </way>
  <way id="927160641">
    <nd ref="8602567039"/>
    <nd ref="8602552916"/>
    <nd ref="8602567034"/>
    <nd ref="8602567033"/>
    <nd ref="8602567032"/>
    <nd ref="8602552912"/>
    <nd ref="8602567031"/>
    <tag k="highway" v="residential"/>
    <tag k="name" v="Badr Avenue"/>
  </way>
  <way id="927160642">
    <nd ref="8602567047"/>
    <nd ref="8602567039"/>
    <nd ref="8602567038"/>
    <nd ref="8602567079"/>
    <tag k="highway" v="residential"/>
    <tag k="name" v="Cedar Avenue"/>
  </way>
  <way id="927160643">
    <nd ref="8602567075"/>
    <nd ref="8602567031"/>
    <nd ref="8602567051"/>
    <tag k="highway" v="tertiary"/>
    <tag k="name" v="Nawat Road"/>
  </way>
  <way id="927160645">
    <nd ref="8602567063"/>
    <nd ref="8602567062"/>
    <nd ref="8602567061"/>
    <nd ref="8602567060"/>
    <nd ref="8602567059"/>
    <nd ref="8602567058"/>
    <nd ref="8602567057"/>
    <nd ref="8602567056"/>
    <nd ref="8602567055"/>
    <nd ref="8602567054"/>
    <nd ref="8602552886"/>
    <nd ref="8602567053"/>
    <nd ref="8602552890"/>
    <nd ref="8602567052"/>
    <nd ref="8602552898"/>
    <nd ref="8602552902"/>
    <nd ref="8602567051"/>
    <nd ref="8602552911"/>
    <nd ref="8602567050"/>
    <nd ref="8602567049"/>
    <nd ref="8602567048"/>
    <nd ref="8602567047"/>
    <nd ref="8602567017"/>
    <nd ref="8602567046"/>
    <nd ref="8602567024"/>
    <nd ref="8602567045"/>
    <nd ref="8602567044"/>
    <nd ref="8602567043"/>
    <nd ref="8602567042"/>
    <nd ref="8602567041"/>
    <nd ref="8602567037"/>
    <nd ref="8602567040"/>
    <tag k="highway" v="residential"/>
    <tag k="name" v="Starling Avenue"/>
  </way>
  <way id="927160646">
    <nd ref="8602552878"/>
    <nd ref="8602567081"/>
    <nd ref="8602567040"/>
    <nd ref="8602567026"/>
    <nd ref="8602567020"/>
    <nd ref="8602567079"/>
    <nd ref="8602552913"/>
    <nd ref="8602567078"/>
    <nd ref="8602567077"/>
    <nd ref="8602567075"/>
    <nd ref="8602552904"/>
    <nd ref="8602552896"/>
    <nd ref="8602567067"/>
    <nd ref="8602567064"/>
    <nd ref="8602567063"/>
    <nd ref="12871944011"/>
    <nd ref="12871944012"/>
    <nd ref="12871944013"/>
    <nd ref="12871944014"/>
    <nd ref="472285869"/>
    <tag k="highway" v="tertiary"/>
    <tag k="name" v="Prosperity Road"/>
  </way>
  <way id="964524244">
    <nd ref="2745128148"/>
    <nd ref="6899017256"/>
    <nd ref="6899017255"/>
    <nd ref="6899017254"/>
    <tag k="highway" v="residential"/>
    <tag k="lane_markings" v="yes"/>
    <tag k="lanes" v="2"/>
    <tag k="lit" v="yes"/>
    <tag k="maxspeed" v="40"/>
    <tag k="name" v="Kadi Lane"/>
    <tag k="sidewalk:both" v="separate"/>
    <tag k="smoothness" v="excellent"/>
    <tag k="surface" v="asphalt"/>
  </way>
  <way id="1078139408">
    <nd ref="1752460607"/>
    <nd ref="3164089510"/>
    <nd ref="13849229102"/>
    <nd ref="13849229101"/>
    <tag k="highway" v="residential"/>
    <tag k="lit" v="yes"/>
  </way>
  <way id="1078139409">
    <nd ref="1752460607"/>
    <nd ref="1752459835"/>
    <tag k="highway" v="residential"/>
    <tag k="lit" v="yes"/>
  </way>

</osm>
